date,restaurant_id,ingredient,quantity,unit,cost_per_unit,total_cost
2025-04-01,1,Куриное филе,2.2,кг,250,550.0
2025-04-01,1,Говядина,1.3,кг,500,650.0
2025-04-01,1,Рыба (филе),0.8,кг,600,480.0
2025-04-01,1,Креветки,0.5,кг,800,400.0
2025-04-01,1,Помидоры,1.9,кг,120,228.0
2025-04-01,1,Огурцы,1.6,кг,100,160.0
2025-04-01,1,Сыр пармезан,0.4,кг,800,320.0
2025-04-01,1,Молоко,2.8,л,70,196.0
2025-04-01,1,Макароны,1.7,кг,80,136.0
2025-04-01,1,Рис,1.2,кг,90,108.0
2025-04-01,1,Сахар,0.6,кг,60,36.0
2025-04-01,1,Соки,2.0,л,120,240.0
2025-04-01,1,Пиво,2.8,л,150,420.0
2025-04-01,2,Говядина,1.2,кг,500,600.0
2025-04-01,2,Рыба (филе),1.0,кг,600,600.0
2025-04-01,2,Помидоры,1.8,кг,120,216.0
2025-04-01,2,Салат айсберг,1.0,кг,150,150.0
2025-04-01,2,Картофель,3.8,кг,40,152.0
2025-04-01,2,Сыр твердый,1.0,кг,450,450.0
2025-04-01,2,Сыр пармезан,0.4,кг,800,320.0
2025-04-01,2,Сливки,1.9,л,200,380.0
2025-04-01,2,Молоко,2.4,л,70,168.0
2025-04-01,2,Макароны,2.0,кг,80,160.0
2025-04-01,2,Мука,0.9,кг,50,45.0
2025-04-01,2,Сахар,0.4,кг,60,24.0
2025-04-01,2,Кофе в зернах,0.2,кг,800,160.0
2025-04-01,2,Пиво,2.4,л,150,360.0
2025-04-01,6,Куриное филе,2.7,кг,250,675.0
2025-04-01,6,Говядина,1.6,кг,500,800.0
2025-04-01,6,Свинина,1.1,кг,400,440.0
2025-04-01,6,Рыба (филе),1.2,кг,600,720.0
2025-04-01,6,Огурцы,1.4,кг,100,140.0
2025-04-01,6,Картофель,3.7,кг,40,148.0
2025-04-01,6,Сыр твердый,0.9,кг,450,405.0
2025-04-01,6,Сливки,1.8,л,200,360.0
2025-04-01,6,Макароны,1.7,кг,80,136.0
2025-04-01,6,Мука,1.0,кг,50,50.0
2025-04-01,6,Сахар,0.6,кг,60,36.0
2025-04-01,6,Кофе в зернах,0.3,кг,800,240.0
2025-04-01,6,Соки,2.1,л,120,252.0
2025-04-01,6,Пиво,2.9,л,150,435.0
2025-04-01,7,Куриное филе,2.2,кг,250,550.0
2025-04-01,7,Рыба (филе),1.1,кг,600,660.0
2025-04-01,7,Салат айсберг,1.0,кг,150,150.0
2025-04-01,7,Картофель,3.6,кг,40,144.0
2025-04-01,7,Сыр твердый,1.2,кг,450,540.0
2025-04-01,7,Сливки,1.6,л,200,320.0
2025-04-01,7,Молоко,2.1,л,70,147.0
2025-04-01,7,Макароны,2.2,кг,80,176.0
2025-04-01,7,Мука,1.2,кг,50,60.0
2025-04-01,7,Сахар,0.5,кг,60,30.0
2025-04-01,7,Чай листовой,0.1,кг,500,50.0
2025-04-01,7,Соки,1.9,л,120,228.0
2025-04-01,7,Пиво,2.4,л,150,360.0
2025-04-02,1,Куриное филе,2.7,кг,250,675.0
2025-04-02,1,Говядина,1.4,кг,500,700.0
2025-04-02,1,Креветки,0.5,кг,800,400.0
2025-04-02,1,Помидоры,1.8,кг,120,216.0
2025-04-02,1,Огурцы,1.7,кг,100,170.0
2025-04-02,1,Салат айсберг,1.0,кг,150,150.0
2025-04-02,1,Картофель,3.7,кг,40,148.0
2025-04-02,1,Сыр твердый,1.2,кг,450,540.0
2025-04-02,1,Сыр пармезан,0.4,кг,800,320.0
2025-04-02,1,Молоко,2.3,л,70,161.0
2025-04-02,1,Макароны,2.0,кг,80,160.0
2025-04-02,1,Мука,0.9,кг,50,45.0
2025-04-02,1,Кофе в зернах,0.3,кг,800,240.0
2025-04-02,1,Чай листовой,0.2,кг,500,100.0
2025-04-02,1,Соки,2.2,л,120,264.0
2025-04-03,1,Куриное филе,2.8,кг,250,700.0
2025-04-03,1,Говядина,1.6,кг,500,800.0
2025-04-03,1,Свинина,1.1,кг,400,440.0
2025-04-03,1,Креветки,0.6,кг,800,480.0
2025-04-03,1,Огурцы,1.5,кг,100,150.0
2025-04-03,1,Салат айсберг,0.9,кг,150,135.0
2025-04-03,1,Картофель,3.5,кг,40,140.0
2025-04-03,1,Сыр твердый,1.1,кг,450,495.0
2025-04-03,1,Сыр пармезан,0.6,кг,800,480.0
2025-04-03,1,Сливки,1.3,л,200,260.0
2025-04-03,1,Макароны,2.3,кг,80,184.0
2025-04-03,1,Рис,1.4,кг,90,126.0
2025-04-03,1,Мука,1.1,кг,50,55.0
2025-04-03,1,Сахар,0.6,кг,60,36.0
2025-04-03,1,Кофе в зернах,0.3,кг,800,240.0
2025-04-03,1,Чай листовой,0.2,кг,500,100.0
2025-04-03,1,Соки,2.3,л,120,276.0
2025-04-03,2,Говядина,1.2,кг,500,600.0
2025-04-03,2,Свинина,1.0,кг,400,400.0
2025-04-03,2,Салат айсберг,1.1,кг,150,165.0
2025-04-03,2,Сыр пармезан,0.5,кг,800,400.0
2025-04-03,2,Сливки,1.6,л,200,320.0
2025-04-03,2,Молоко,2.2,л,70,154.0
2025-04-03,2,Рис,1.6,кг,90,144.0
2025-04-03,2,Мука,1.2,кг,50,60.0
2025-04-03,2,Сахар,0.5,кг,60,30.0
2025-04-03,2,Кофе в зернах,0.3,кг,800,240.0
2025-04-03,2,Чай листовой,0.2,кг,500,100.0
2025-04-03,2,Пиво,3.2,л,150,480.0
2025-04-03,3,Куриное филе,2.3,кг,250,575.0
2025-04-03,3,Свинина,1.0,кг,400,400.0
2025-04-03,3,Рыба (филе),1.1,кг,600,660.0
2025-04-03,3,Креветки,0.5,кг,800,400.0
2025-04-03,3,Помидоры,1.8,кг,120,216.0
2025-04-03,3,Огурцы,1.3,кг,100,130.0
2025-04-03,3,Салат айсберг,1.1,кг,150,165.0
2025-04-03,3,Картофель,4.3,кг,40,172.0
2025-04-03,3,Сыр твердый,0.8,кг,450,360.0
2025-04-03,3,Сыр пармезан,0.5,кг,800,400.0
2025-04-03,3,Сливки,1.6,л,200,320.0
2025-04-03,3,Рис,1.6,кг,90,144.0
2025-04-03,3,Мука,0.8,кг,50,40.0
2025-04-03,3,Сахар,0.6,кг,60,36.0
2025-04-03,3,Кофе в зернах,0.2,кг,800,160.0
2025-04-03,3,Чай листовой,0.1,кг,500,50.0
2025-04-03,3,Соки,2.1,л,120,252.0
2025-04-03,3,Пиво,2.6,л,150,390.0
2025-04-03,4,Куриное филе,2.4,кг,250,600.0
2025-04-03,4,Рыба (филе),1.0,кг,600,600.0
2025-04-03,4,Креветки,0.6,кг,800,480.0
2025-04-03,4,Картофель,4.3,кг,40,172.0
2025-04-03,4,Сыр твердый,1.1,кг,450,495.0
2025-04-03,4,Сыр пармезан,0.5,кг,800,400.0
2025-04-03,4,Сливки,1.5,л,200,300.0
2025-04-03,4,Молоко,2.4,л,70,168.0
2025-04-03,4,Рис,1.8,кг,90,162.0
2025-04-03,4,Сахар,0.5,кг,60,30.0
2025-04-03,4,Кофе в зернах,0.3,кг,800,240.0
2025-04-03,4,Чай листовой,0.2,кг,500,100.0
2025-04-03,4,Соки,1.8,л,120,216.0
2025-04-03,6,Куриное филе,2.8,кг,250,700.0
2025-04-03,6,Свинина,0.9,кг,400,360.0
2025-04-03,6,Рыба (филе),1.1,кг,600,660.0
2025-04-03,6,Креветки,0.6,кг,800,480.0
2025-04-03,6,Сыр твердый,1.1,кг,450,495.0
2025-04-03,6,Сыр пармезан,0.5,кг,800,400.0
2025-04-03,6,Молоко,2.2,л,70,154.0
2025-04-03,6,Мука,1.0,кг,50,50.0
2025-04-03,6,Чай листовой,0.2,кг,500,100.0
2025-04-03,6,Соки,2.2,л,120,264.0
2025-04-03,6,Пиво,2.7,л,150,405.0
2025-04-03,7,Куриное филе,2.1,кг,250,525.0
2025-04-03,7,Свинина,1.0,кг,400,400.0
2025-04-03,7,Креветки,0.6,кг,800,480.0
2025-04-03,7,Огурцы,1.3,кг,100,130.0
2025-04-03,7,Салат айсберг,0.9,кг,150,135.0
2025-04-03,7,Картофель,4.1,кг,40,164.0
2025-04-03,7,Сыр твердый,0.9,кг,450,405.0
2025-04-03,7,Сыр пармезан,0.5,кг,800,400.0
2025-04-03,7,Сливки,1.3,л,200,260.0
2025-04-03,7,Молоко,2.4,л,70,168.0
2025-04-03,7,Рис,1.6,кг,90,144.0
2025-04-03,7,Мука,1.2,кг,50,60.0
2025-04-03,7,Сахар,0.4,кг,60,24.0
2025-04-03,7,Кофе в зернах,0.3,кг,800,240.0
2025-04-03,7,Чай листовой,0.2,кг,500,100.0
2025-04-03,9,Говядина,1.8,кг,500,900.0
2025-04-03,9,Креветки,0.4,кг,800,320.0
2025-04-03,9,Огурцы,1.3,кг,100,130.0
2025-04-03,9,Картофель,4.0,кг,40,160.0
2025-04-03,9,Сыр твердый,1.1,кг,450,495.0
2025-04-03,9,Сливки,1.8,л,200,360.0
2025-04-03,9,Рис,1.6,кг,90,144.0
2025-04-03,9,Мука,1.1,кг,50,55.0
2025-04-03,9,Чай листовой,0.2,кг,500,100.0
2025-04-03,9,Соки,2.1,л,120,252.0
2025-04-03,10,Говядина,1.4,кг,500,700.0
2025-04-03,10,Помидоры,1.9,кг,120,228.0
2025-04-03,10,Картофель,4.7,кг,40,188.0
2025-04-03,10,Сыр пармезан,0.6,кг,800,480.0
2025-04-03,10,Сливки,1.4,л,200,280.0
2025-04-03,10,Молоко,2.7,л,70,189.0
2025-04-03,10,Макароны,1.6,кг,80,128.0
2025-04-03,10,Рис,1.3,кг,90,117.0
2025-04-03,10,Сахар,0.5,кг,60,30.0
2025-04-03,10,Кофе в зернах,0.2,кг,800,160.0
2025-04-03,10,Пиво,2.4,л,150,360.0
2025-04-05,2,Свинина,1.0,кг,400,400.0
2025-04-05,2,Рыба (филе),1.2,кг,600,720.0
2025-04-05,2,Креветки,0.5,кг,800,400.0
2025-04-05,2,Огурцы,1.4,кг,100,140.0
2025-04-05,2,Салат айсберг,1.0,кг,150,150.0
2025-04-05,2,Картофель,3.7,кг,40,148.0
2025-04-05,2,Сыр твердый,0.9,кг,450,405.0
2025-04-05,2,Сливки,1.6,л,200,320.0
2025-04-05,2,Молоко,2.8,л,70,196.0
2025-04-05,2,Рис,1.6,кг,90,144.0
2025-04-05,2,Мука,1.1,кг,50,55.0
2025-04-05,2,Сахар,0.4,кг,60,24.0
2025-04-05,2,Кофе в зернах,0.2,кг,800,160.0
2025-04-05,2,Чай листовой,0.1,кг,500,50.0
2025-04-05,2,Пиво,3.0,л,150,450.0
2025-04-05,3,Куриное филе,2.3,кг,250,575.0
2025-04-05,3,Свинина,1.1,кг,400,440.0
2025-04-05,3,Рыба (филе),1.0,кг,600,600.0
2025-04-05,3,Креветки,0.6,кг,800,480.0
2025-04-05,3,Помидоры,2.0,кг,120,240.0
2025-04-05,3,Огурцы,1.4,кг,100,140.0
2025-04-05,3,Салат айсберг,1.1,кг,150,165.0
2025-04-05,3,Картофель,3.8,кг,40,152.0
2025-04-05,3,Сыр твердый,1.0,кг,450,450.0
2025-04-05,3,Сыр пармезан,0.6,кг,800,480.0
2025-04-05,3,Молоко,2.7,л,70,189.0
2025-04-05,3,Макароны,2.0,кг,80,160.0
2025-04-05,3,Рис,1.5,кг,90,135.0
2025-04-05,3,Мука,1.2,кг,50,60.0
2025-04-05,3,Сахар,0.5,кг,60,30.0
2025-04-05,3,Чай листовой,0.2,кг,500,100.0
2025-04-05,3,Соки,1.8,л,120,216.0
2025-04-05,4,Куриное филе,2.3,кг,250,575.0
2025-04-05,4,Свинина,1.0,кг,400,400.0
2025-04-05,4,Рыба (филе),1.0,кг,600,600.0
2025-04-05,4,Помидоры,1.8,кг,120,216.0
2025-04-05,4,Огурцы,1.2,кг,100,120.0
2025-04-05,4,Салат айсберг,1.0,кг,150,150.0
2025-04-05,4,Сыр твердый,1.0,кг,450,450.0
2025-04-05,4,Сыр пармезан,0.4,кг,800,320.0
2025-04-05,4,Сливки,1.4,л,200,280.0
2025-04-05,4,Рис,1.5,кг,90,135.0
2025-04-05,4,Мука,0.8,кг,50,40.0
2025-04-05,4,Сахар,0.5,кг,60,30.0
2025-04-05,4,Кофе в зернах,0.3,кг,800,240.0
2025-04-05,4,Соки,1.9,л,120,228.0
2025-04-05,4,Пиво,2.2,л,150,330.0
2025-04-05,7,Говядина,1.4,кг,500,700.0
2025-04-05,7,Свинина,1.0,кг,400,400.0
2025-04-05,7,Рыба (филе),1.1,кг,600,660.0
2025-04-05,7,Креветки,0.5,кг,800,400.0
2025-04-05,7,Помидоры,2.1,кг,120,252.0
2025-04-05,7,Салат айсберг,0.8,кг,150,120.0
2025-04-05,7,Картофель,4.6,кг,40,184.0
2025-04-05,7,Сливки,1.4,л,200,280.0
2025-04-05,7,Макароны,2.0,кг,80,160.0
2025-04-05,7,Рис,1.3,кг,90,117.0
2025-04-05,7,Мука,0.9,кг,50,45.0
2025-04-05,7,Кофе в зернах,0.3,кг,800,240.0
2025-04-05,7,Чай листовой,0.2,кг,500,100.0
2025-04-05,7,Соки,2.0,л,120,240.0
2025-04-05,8,Куриное филе,2.5,кг,250,625.0
2025-04-05,8,Говядина,1.5,кг,500,750.0
2025-04-05,8,Рыба (филе),1.0,кг,600,600.0
2025-04-05,8,Креветки,0.4,кг,800,320.0
2025-04-05,8,Помидоры,2.3,кг,120,276.0
2025-04-05,8,Огурцы,1.2,кг,100,120.0
2025-04-05,8,Картофель,3.5,кг,40,140.0
2025-04-05,8,Сыр твердый,1.1,кг,450,495.0
2025-04-05,8,Сыр пармезан,0.6,кг,800,480.0
2025-04-05,8,Макароны,1.9,кг,80,152.0
2025-04-05,8,Рис,1.4,кг,90,126.0
2025-04-05,8,Мука,1.0,кг,50,50.0
2025-04-05,8,Сахар,0.6,кг,60,36.0
2025-04-05,8,Чай листовой,0.2,кг,500,100.0
2025-04-05,9,Говядина,1.4,кг,500,700.0
2025-04-05,9,Свинина,1.0,кг,400,400.0
2025-04-05,9,Креветки,0.6,кг,800,480.0
2025-04-05,9,Помидоры,2.4,кг,120,288.0
2025-04-05,9,Огурцы,1.6,кг,100,160.0
2025-04-05,9,Салат айсберг,1.2,кг,150,180.0
2025-04-05,9,Картофель,3.7,кг,40,148.0
2025-04-05,9,Сыр твердый,1.0,кг,450,450.0
2025-04-05,9,Сыр пармезан,0.5,кг,800,400.0
2025-04-05,9,Сливки,1.6,л,200,320.0
2025-04-05,9,Мука,1.1,кг,50,55.0
2025-04-05,9,Кофе в зернах,0.3,кг,800,240.0
2025-04-05,9,Пиво,2.5,л,150,375.0
2025-04-06,1,Куриное филе,2.6,кг,250,650.0
2025-04-06,1,Говядина,1.4,кг,500,700.0
2025-04-06,1,Рыба (филе),0.9,кг,600,540.0
2025-04-06,1,Креветки,0.4,кг,800,320.0
2025-04-06,1,Помидоры,2.0,кг,120,240.0
2025-04-06,1,Огурцы,1.7,кг,100,170.0
2025-04-06,1,Сыр твердый,0.9,кг,450,405.0
2025-04-06,1,Сыр пармезан,0.6,кг,800,480.0
2025-04-06,1,Сливки,1.5,л,200,300.0
2025-04-06,1,Молоко,2.2,л,70,154.0
2025-04-06,1,Мука,1.1,кг,50,55.0
2025-04-06,1,Кофе в зернах,0.3,кг,800,240.0
2025-04-06,1,Пиво,2.8,л,150,420.0
2025-04-06,2,Куриное филе,2.5,кг,250,625.0
2025-04-06,2,Свинина,1.0,кг,400,400.0
2025-04-06,2,Помидоры,1.6,кг,120,192.0
2025-04-06,2,Салат айсберг,0.9,кг,150,135.0
2025-04-06,2,Сыр твердый,1.0,кг,450,450.0
2025-04-06,2,Сыр пармезан,0.4,кг,800,320.0
2025-04-06,2,Сливки,1.5,л,200,300.0
2025-04-06,2,Макароны,2.2,кг,80,176.0
2025-04-06,2,Рис,1.6,кг,90,144.0
2025-04-06,2,Сахар,0.6,кг,60,36.0
2025-04-06,2,Кофе в зернах,0.2,кг,800,160.0
2025-04-06,2,Соки,2.2,л,120,264.0
2025-04-06,2,Пиво,2.7,л,150,405.0
2025-04-06,3,Говядина,1.4,кг,500,700.0
2025-04-06,3,Свинина,0.9,кг,400,360.0
2025-04-06,3,Креветки,0.6,кг,800,480.0
2025-04-06,3,Помидоры,2.3,кг,120,276.0
2025-04-06,3,Огурцы,1.5,кг,100,150.0
2025-04-06,3,Салат айсберг,1.0,кг,150,150.0
2025-04-06,3,Картофель,4.4,кг,40,176.0
2025-04-06,3,Сыр пармезан,0.5,кг,800,400.0
2025-04-06,3,Сливки,1.7,л,200,340.0
2025-04-06,3,Молоко,2.3,л,70,161.0
2025-04-06,3,Макароны,2.0,кг,80,160.0
2025-04-06,3,Рис,1.3,кг,90,117.0
2025-04-06,3,Сахар,0.5,кг,60,30.0
2025-04-06,3,Кофе в зернах,0.3,кг,800,240.0
2025-04-06,3,Чай листовой,0.2,кг,500,100.0
2025-04-06,3,Пиво,2.2,л,150,330.0
2025-04-06,4,Куриное филе,2.8,кг,250,700.0
2025-04-06,4,Говядина,1.6,кг,500,800.0
2025-04-06,4,Рыба (филе),0.8,кг,600,480.0
2025-04-06,4,Огурцы,1.5,кг,100,150.0
2025-04-06,4,Салат айсберг,1.1,кг,150,165.0
2025-04-06,4,Картофель,4.3,кг,40,172.0
2025-04-06,4,Сыр твердый,1.1,кг,450,495.0
2025-04-06,4,Сыр пармезан,0.5,кг,800,400.0
2025-04-06,4,Молоко,2.5,л,70,175.0
2025-04-06,4,Мука,0.8,кг,50,40.0
2025-04-06,4,Сахар,0.6,кг,60,36.0
2025-04-06,4,Кофе в зернах,0.3,кг,800,240.0
2025-04-06,4,Чай листовой,0.2,кг,500,100.0
2025-04-06,4,Соки,2.0,л,120,240.0
2025-04-06,5,Куриное филе,3.0,кг,250,750.0
2025-04-06,5,Говядина,1.5,кг,500,750.0
2025-04-06,5,Свинина,0.9,кг,400,360.0
2025-04-06,5,Рыба (филе),1.0,кг,600,600.0
2025-04-06,5,Креветки,0.4,кг,800,320.0
2025-04-06,5,Огурцы,1.4,кг,100,140.0
2025-04-06,5,Сыр твердый,1.1,кг,450,495.0
2025-04-06,5,Сливки,1.2,л,200,240.0
2025-04-06,5,Молоко,2.8,л,70,196.0
2025-04-06,5,Мука,1.0,кг,50,50.0
2025-04-06,5,Чай листовой,0.2,кг,500,100.0
2025-04-06,5,Соки,2.1,л,120,252.0
2025-04-06,6,Куриное филе,2.9,кг,250,725.0
2025-04-06,6,Говядина,1.7,кг,500,850.0
2025-04-06,6,Свинина,0.9,кг,400,360.0
2025-04-06,6,Рыба (филе),1.0,кг,600,600.0
2025-04-06,6,Помидоры,2.3,кг,120,276.0
2025-04-06,6,Сыр твердый,1.0,кг,450,450.0
2025-04-06,6,Сыр пармезан,0.5,кг,800,400.0
2025-04-06,6,Сливки,1.4,л,200,280.0
2025-04-06,6,Макароны,1.9,кг,80,152.0
2025-04-06,6,Рис,1.5,кг,90,135.0
2025-04-06,6,Мука,0.9,кг,50,45.0
2025-04-06,6,Кофе в зернах,0.2,кг,800,160.0
2025-04-06,6,Чай листовой,0.2,кг,500,100.0
2025-04-06,9,Куриное филе,2.2,кг,250,550.0
2025-04-06,9,Свинина,0.8,кг,400,320.0
2025-04-06,9,Рыба (филе),0.8,кг,600,480.0
2025-04-06,9,Креветки,0.4,кг,800,320.0
2025-04-06,9,Помидоры,2.2,кг,120,264.0
2025-04-06,9,Огурцы,1.4,кг,100,140.0
2025-04-06,9,Салат айсберг,1.1,кг,150,165.0
2025-04-06,9,Рис,1.6,кг,90,144.0
2025-04-06,9,Кофе в зернах,0.2,кг,800,160.0
2025-04-06,9,Чай листовой,0.2,кг,500,100.0
2025-04-06,9,Соки,2.0,л,120,240.0
2025-04-07,1,Куриное филе,3.0,кг,250,750.0
2025-04-07,1,Говядина,1.6,кг,500,800.0
2025-04-07,1,Свинина,1.1,кг,400,440.0
2025-04-07,1,Креветки,0.4,кг,800,320.0
2025-04-07,1,Помидоры,2.0,кг,120,240.0
2025-04-07,1,Огурцы,1.6,кг,100,160.0
2025-04-07,1,Салат айсберг,1.1,кг,150,165.0
2025-04-07,1,Картофель,4.5,кг,40,180.0
2025-04-07,1,Сыр пармезан,0.5,кг,800,400.0
2025-04-07,1,Сливки,1.7,л,200,340.0
2025-04-07,1,Молоко,2.1,л,70,147.0
2025-04-07,1,Мука,0.9,кг,50,45.0
2025-04-07,1,Кофе в зернах,0.2,кг,800,160.0
2025-04-07,1,Чай листовой,0.1,кг,500,50.0
2025-04-07,1,Соки,2.0,л,120,240.0
2025-04-07,2,Куриное филе,2.5,кг,250,625.0
2025-04-07,2,Рыба (филе),1.0,кг,600,600.0
2025-04-07,2,Креветки,0.4,кг,800,320.0
2025-04-07,2,Помидоры,2.0,кг,120,240.0
2025-04-07,2,Огурцы,1.5,кг,100,150.0
2025-04-07,2,Салат айсберг,1.0,кг,150,150.0
2025-04-07,2,Картофель,4.4,кг,40,176.0
2025-04-07,2,Сыр твердый,0.9,кг,450,405.0
2025-04-07,2,Сыр пармезан,0.5,кг,800,400.0
2025-04-07,2,Молоко,2.8,л,70,196.0
2025-04-07,2,Макароны,2.1,кг,80,168.0
2025-04-07,2,Рис,1.6,кг,90,144.0
2025-04-07,2,Мука,1.1,кг,50,55.0
2025-04-07,2,Сахар,0.5,кг,60,30.0
2025-04-07,2,Кофе в зернах,0.3,кг,800,240.0
2025-04-07,2,Чай листовой,0.2,кг,500,100.0
2025-04-07,2,Соки,2.5,л,120,300.0
2025-04-07,2,Пиво,2.6,л,150,390.0
2025-04-07,5,Куриное филе,2.6,кг,250,650.0
2025-04-07,5,Говядина,1.3,кг,500,650.0
2025-04-07,5,Рыба (филе),1.2,кг,600,720.0
2025-04-07,5,Салат айсберг,1.2,кг,150,180.0
2025-04-07,5,Картофель,3.9,кг,40,156.0
2025-04-07,5,Сыр твердый,0.9,кг,450,405.0
2025-04-07,5,Сыр пармезан,0.5,кг,800,400.0
2025-04-07,5,Сливки,1.3,л,200,260.0
2025-04-07,5,Молоко,2.8,л,70,196.0
2025-04-07,5,Рис,1.9,кг,90,171.0
2025-04-07,5,Сахар,0.4,кг,60,24.0
2025-04-07,5,Кофе в зернах,0.2,кг,800,160.0
2025-04-07,5,Чай листовой,0.1,кг,500,50.0
2025-04-07,5,Соки,2.1,л,120,252.0
2025-04-07,5,Пиво,2.3,л,150,345.0
2025-04-07,7,Куриное филе,2.5,кг,250,625.0
2025-04-07,7,Говядина,1.5,кг,500,750.0
2025-04-07,7,Рыба (филе),0.9,кг,600,540.0
2025-04-07,7,Креветки,0.6,кг,800,480.0
2025-04-07,7,Помидоры,1.9,кг,120,228.0
2025-04-07,7,Огурцы,1.5,кг,100,150.0
2025-04-07,7,Картофель,4.0,кг,40,160.0
2025-04-07,7,Сыр твердый,1.0,кг,450,450.0
2025-04-07,7,Сыр пармезан,0.5,кг,800,400.0
2025-04-07,7,Сливки,1.4,л,200,280.0
2025-04-07,7,Молоко,2.4,л,70,168.0
2025-04-07,7,Рис,1.5,кг,90,135.0
2025-04-07,7,Мука,1.1,кг,50,55.0
2025-04-07,7,Кофе в зернах,0.3,кг,800,240.0
2025-04-07,7,Соки,1.9,л,120,228.0
2025-04-07,7,Пиво,2.0,л,150,300.0
2025-04-08,1,Куриное филе,2.3,кг,250,575.0
2025-04-08,1,Говядина,1.7,кг,500,850.0
2025-04-08,1,Свинина,1.0,кг,400,400.0
2025-04-08,1,Креветки,0.6,кг,800,480.0
2025-04-08,1,Помидоры,2.1,кг,120,252.0
2025-04-08,1,Огурцы,1.4,кг,100,140.0
2025-04-08,1,Салат айсберг,1.1,кг,150,165.0
2025-04-08,1,Сыр твердый,1.1,кг,450,495.0
2025-04-08,1,Сыр пармезан,0.4,кг,800,320.0
2025-04-08,1,Сливки,1.6,л,200,320.0
2025-04-08,1,Молоко,2.5,л,70,175.0
2025-04-08,1,Рис,1.7,кг,90,153.0
2025-04-08,1,Мука,1.0,кг,50,50.0
2025-04-08,1,Сахар,0.5,кг,60,30.0
2025-04-08,1,Кофе в зернах,0.3,кг,800,240.0
2025-04-08,1,Чай листовой,0.2,кг,500,100.0
2025-04-08,1,Соки,2.3,л,120,276.0
2025-04-08,1,Пиво,2.4,л,150,360.0
2025-04-08,2,Куриное филе,2.5,кг,250,625.0
2025-04-08,2,Свинина,1.0,кг,400,400.0
2025-04-08,2,Рыба (филе),0.9,кг,600,540.0
2025-04-08,2,Креветки,0.5,кг,800,400.0
2025-04-08,2,Помидоры,2.3,кг,120,276.0
2025-04-08,2,Огурцы,1.6,кг,100,160.0
2025-04-08,2,Салат айсберг,1.2,кг,150,180.0
2025-04-08,2,Картофель,4.0,кг,40,160.0
2025-04-08,2,Сыр твердый,0.9,кг,450,405.0
2025-04-08,2,Сыр пармезан,0.5,кг,800,400.0
2025-04-08,2,Сливки,1.5,л,200,300.0
2025-04-08,2,Молоко,2.7,л,70,189.0
2025-04-08,2,Рис,1.4,кг,90,126.0
2025-04-08,2,Сахар,0.5,кг,60,30.0
2025-04-08,2,Соки,2.3,л,120,276.0
2025-04-08,2,Пиво,2.7,л,150,405.0
2025-04-08,4,Картофель,3.8,кг,40,152.0
2025-04-08,4,Сыр твердый,1.0,кг,450,450.0
2025-04-08,4,Молоко,3.1,л,70,217.0
2025-04-08,4,Макароны,1.9,кг,80,152.0
2025-04-08,4,Рис,1.3,кг,90,117.0
2025-04-08,4,Сахар,0.4,кг,60,24.0
2025-04-08,6,Говядина,1.5,кг,500,750.0
2025-04-08,6,Креветки,0.5,кг,800,400.0
2025-04-08,6,Огурцы,1.2,кг,100,120.0
2025-04-08,6,Салат айсберг,1.1,кг,150,165.0
2025-04-08,6,Сыр твердый,1.1,кг,450,495.0
2025-04-08,6,Сливки,1.6,л,200,320.0
2025-04-08,6,Молоко,2.4,л,70,168.0
2025-04-08,6,Макароны,1.7,кг,80,136.0
2025-04-08,6,Мука,1.0,кг,50,50.0
2025-04-08,6,Кофе в зернах,0.2,кг,800,160.0
2025-04-08,6,Чай листовой,0.1,кг,500,50.0
2025-04-08,6,Соки,1.9,л,120,228.0
2025-04-08,8,Куриное филе,2.7,кг,250,675.0
2025-04-08,8,Говядина,1.2,кг,500,600.0
2025-04-08,8,Свинина,1.0,кг,400,400.0
2025-04-08,8,Рыба (филе),1.1,кг,600,660.0
2025-04-08,8,Креветки,0.6,кг,800,480.0
2025-04-08,8,Огурцы,1.4,кг,100,140.0
2025-04-08,8,Салат айсберг,1.1,кг,150,165.0
2025-04-08,8,Картофель,4.1,кг,40,164.0
2025-04-08,8,Сыр пармезан,0.6,кг,800,480.0
2025-04-08,8,Сливки,1.5,л,200,300.0
2025-04-08,8,Молоко,2.1,л,70,147.0
2025-04-08,8,Макароны,1.6,кг,80,128.0
2025-04-08,8,Рис,1.4,кг,90,126.0
2025-04-08,8,Мука,1.0,кг,50,50.0
2025-04-08,8,Сахар,0.6,кг,60,36.0
2025-04-08,8,Кофе в зернах,0.2,кг,800,160.0
2025-04-08,8,Чай листовой,0.1,кг,500,50.0
2025-04-08,8,Соки,2.0,л,120,240.0
2025-04-08,10,Куриное филе,2.6,кг,250,650.0
2025-04-08,10,Говядина,1.6,кг,500,800.0
2025-04-08,10,Свинина,1.0,кг,400,400.0
2025-04-08,10,Креветки,0.4,кг,800,320.0
2025-04-08,10,Помидоры,2.2,кг,120,264.0
2025-04-08,10,Огурцы,1.4,кг,100,140.0
2025-04-08,10,Салат айсберг,0.8,кг,150,120.0
2025-04-08,10,Картофель,4.8,кг,40,192.0
2025-04-08,10,Сыр пармезан,0.5,кг,800,400.0
2025-04-08,10,Сливки,1.6,л,200,320.0
2025-04-08,10,Молоко,2.1,л,70,147.0
2025-04-08,10,Макароны,2.4,кг,80,192.0
2025-04-08,10,Рис,1.2,кг,90,108.0
2025-04-08,10,Кофе в зернах,0.3,кг,800,240.0
2025-04-08,10,Чай листовой,0.1,кг,500,50.0
2025-04-08,10,Соки,1.8,л,120,216.0
2025-04-08,10,Пиво,2.9,л,150,435.0
2025-04-09,2,Говядина,1.6,кг,500,800.0
2025-04-09,2,Свинина,1.0,кг,400,400.0
2025-04-09,2,Рыба (филе),1.2,кг,600,720.0
2025-04-09,2,Помидоры,2.3,кг,120,276.0
2025-04-09,2,Салат айсберг,0.9,кг,150,135.0
2025-04-09,2,Сыр твердый,1.1,кг,450,495.0
2025-04-09,2,Сыр пармезан,0.6,кг,800,480.0
2025-04-09,2,Сливки,1.5,л,200,300.0
2025-04-09,2,Молоко,2.7,л,70,189.0
2025-04-09,2,Макароны,2.4,кг,80,192.0
2025-04-09,2,Рис,1.4,кг,90,126.0
2025-04-09,2,Мука,1.2,кг,50,60.0
2025-04-09,2,Кофе в зернах,0.2,кг,800,160.0
2025-04-09,2,Соки,2.2,л,120,264.0
2025-04-09,5,Куриное филе,2.7,кг,250,675.0
2025-04-09,5,Говядина,1.9,кг,500,950.0
2025-04-09,5,Рыба (филе),0.9,кг,600,540.0
2025-04-09,5,Помидоры,2.3,кг,120,276.0
2025-04-09,5,Огурцы,1.2,кг,100,120.0
2025-04-09,5,Салат айсберг,1.0,кг,150,150.0
2025-04-09,5,Картофель,3.6,кг,40,144.0
2025-04-09,5,Молоко,2.5,л,70,175.0
2025-04-09,5,Макароны,1.7,кг,80,136.0
2025-04-09,5,Рис,1.5,кг,90,135.0
2025-04-09,5,Мука,1.0,кг,50,50.0
2025-04-09,5,Сахар,0.5,кг,60,30.0
2025-04-09,5,Кофе в зернах,0.2,кг,800,160.0
2025-04-09,5,Чай листовой,0.2,кг,500,100.0
2025-04-09,5,Соки,2.1,л,120,252.0
2025-04-09,5,Пиво,2.2,л,150,330.0
2025-04-09,9,Куриное филе,2.6,кг,250,650.0
2025-04-09,9,Говядина,1.3,кг,500,650.0
2025-04-09,9,Свинина,1.0,кг,400,400.0
2025-04-09,9,Креветки,0.5,кг,800,400.0
2025-04-09,9,Помидоры,2.1,кг,120,252.0
2025-04-09,9,Картофель,4.2,кг,40,168.0
2025-04-09,9,Сыр твердый,1.1,кг,450,495.0
2025-04-09,9,Сыр пармезан,0.5,кг,800,400.0
2025-04-09,9,Сливки,1.4,л,200,280.0
2025-04-09,9,Молоко,2.8,л,70,196.0
2025-04-09,9,Макароны,1.6,кг,80,128.0
2025-04-09,9,Рис,1.2,кг,90,108.0
2025-04-09,9,Мука,1.2,кг,50,60.0
2025-04-09,9,Сахар,0.5,кг,60,30.0
2025-04-09,9,Кофе в зернах,0.2,кг,800,160.0
2025-04-09,9,Соки,1.9,л,120,228.0
2025-04-09,9,Пиво,2.5,л,150,375.0
2025-04-09,10,Куриное филе,2.3,кг,250,575.0
2025-04-09,10,Свинина,0.9,кг,400,360.0
2025-04-09,10,Рыба (филе),1.0,кг,600,600.0
2025-04-09,10,Креветки,0.5,кг,800,400.0
2025-04-09,10,Огурцы,1.5,кг,100,150.0
2025-04-09,10,Картофель,4.2,кг,40,168.0
2025-04-09,10,Сыр твердый,1.1,кг,450,495.0
2025-04-09,10,Сыр пармезан,0.5,кг,800,400.0
2025-04-09,10,Сливки,1.6,л,200,320.0
2025-04-09,10,Рис,1.8,кг,90,162.0
2025-04-09,10,Мука,1.0,кг,50,50.0
2025-04-09,10,Чай листовой,0.2,кг,500,100.0
2025-04-10,2,Куриное филе,2.5,кг,250,625.0
2025-04-10,2,Говядина,1.6,кг,500,800.0
2025-04-10,2,Помидоры,2.4,кг,120,288.0
2025-04-10,2,Картофель,3.8,кг,40,152.0
2025-04-10,2,Сыр твердый,0.9,кг,450,405.0
2025-04-10,2,Молоко,2.7,л,70,189.0
2025-04-10,2,Рис,1.5,кг,90,135.0
2025-04-10,2,Кофе в зернах,0.3,кг,800,240.0
2025-04-10,2,Чай листовой,0.1,кг,500,50.0
2025-04-10,2,Пиво,1.9,л,150,285.0
2025-04-10,3,Свинина,0.8,кг,400,320.0
2025-04-10,3,Креветки,0.5,кг,800,400.0
2025-04-10,3,Помидоры,1.7,кг,120,204.0
2025-04-10,3,Огурцы,1.4,кг,100,140.0
2025-04-10,3,Сыр твердый,1.2,кг,450,540.0
2025-04-10,3,Сыр пармезан,0.6,кг,800,480.0
2025-04-10,3,Сливки,1.8,л,200,360.0
2025-04-10,3,Макароны,2.0,кг,80,160.0
2025-04-10,3,Мука,1.0,кг,50,50.0
2025-04-10,3,Кофе в зернах,0.2,кг,800,160.0
2025-04-10,3,Чай листовой,0.2,кг,500,100.0
2025-04-10,3,Пиво,2.5,л,150,375.0
2025-04-10,5,Говядина,1.5,кг,500,750.0
2025-04-10,5,Свинина,1.1,кг,400,440.0
2025-04-10,5,Рыба (филе),1.2,кг,600,720.0
2025-04-10,5,Креветки,0.5,кг,800,400.0
2025-04-10,5,Помидоры,1.7,кг,120,204.0
2025-04-10,5,Картофель,4.0,кг,40,160.0
2025-04-10,5,Сыр твердый,0.8,кг,450,360.0
2025-04-10,5,Сливки,1.7,л,200,340.0
2025-04-10,5,Молоко,2.5,л,70,175.0
2025-04-10,5,Рис,1.2,кг,90,108.0
2025-04-10,5,Сахар,0.5,кг,60,30.0
2025-04-10,5,Кофе в зернах,0.3,кг,800,240.0
2025-04-10,5,Соки,2.0,л,120,240.0
2025-04-10,5,Пиво,2.6,л,150,390.0
2025-04-10,6,Говядина,1.2,кг,500,600.0
2025-04-10,6,Свинина,0.8,кг,400,320.0
2025-04-10,6,Рыба (филе),1.0,кг,600,600.0
2025-04-10,6,Помидоры,2.0,кг,120,240.0
2025-04-10,6,Огурцы,1.4,кг,100,140.0
2025-04-10,6,Салат айсберг,1.0,кг,150,150.0
2025-04-10,6,Сыр твердый,0.8,кг,450,360.0
2025-04-10,6,Сыр пармезан,0.6,кг,800,480.0
2025-04-10,6,Сливки,1.5,л,200,300.0
2025-04-10,6,Молоко,2.3,л,70,161.0
2025-04-10,6,Макароны,1.9,кг,80,152.0
2025-04-10,6,Рис,1.7,кг,90,153.0
2025-04-10,6,Мука,1.0,кг,50,50.0
2025-04-10,6,Сахар,0.5,кг,60,30.0
2025-04-10,6,Чай листовой,0.1,кг,500,50.0
2025-04-10,6,Соки,1.6,л,120,192.0
2025-04-10,6,Пиво,2.1,л,150,315.0
2025-04-10,7,Куриное филе,2.2,кг,250,550.0
2025-04-10,7,Говядина,1.4,кг,500,700.0
2025-04-10,7,Свинина,1.1,кг,400,440.0
2025-04-10,7,Рыба (филе),0.8,кг,600,480.0
2025-04-10,7,Креветки,0.4,кг,800,320.0
2025-04-10,7,Салат айсберг,1.1,кг,150,165.0
2025-04-10,7,Картофель,4.1,кг,40,164.0
2025-04-10,7,Сыр твердый,1.0,кг,450,450.0
2025-04-10,7,Сыр пармезан,0.5,кг,800,400.0
2025-04-10,7,Сливки,1.9,л,200,380.0
2025-04-10,7,Молоко,2.4,л,70,168.0
2025-04-10,7,Рис,1.3,кг,90,117.0
2025-04-10,7,Кофе в зернах,0.3,кг,800,240.0
2025-04-10,7,Соки,1.8,л,120,216.0
2025-04-11,1,Говядина,1.8,кг,500,900.0
2025-04-11,1,Свинина,1.0,кг,400,400.0
2025-04-11,1,Креветки,0.5,кг,800,400.0
2025-04-11,1,Помидоры,2.1,кг,120,252.0
2025-04-11,1,Огурцы,1.6,кг,100,160.0
2025-04-11,1,Картофель,3.8,кг,40,152.0
2025-04-11,1,Сыр твердый,0.8,кг,450,360.0
2025-04-11,1,Молоко,2.6,л,70,182.0
2025-04-11,1,Макароны,1.8,кг,80,144.0
2025-04-11,1,Рис,1.6,кг,90,144.0
2025-04-11,1,Мука,1.2,кг,50,60.0
2025-04-11,1,Сахар,0.4,кг,60,24.0
2025-04-11,1,Чай листовой,0.1,кг,500,50.0
2025-04-11,1,Соки,2.3,л,120,276.0
2025-04-11,1,Пиво,2.8,л,150,420.0
2025-04-11,4,Говядина,1.4,кг,500,700.0
2025-04-11,4,Свинина,1.0,кг,400,400.0
2025-04-11,4,Рыба (филе),1.3,кг,600,780.0
2025-04-11,4,Креветки,0.5,кг,800,400.0
2025-04-11,4,Помидоры,2.1,кг,120,252.0
2025-04-11,4,Огурцы,1.5,кг,100,150.0
2025-04-11,4,Картофель,3.3,кг,40,132.0
2025-04-11,4,Сыр твердый,0.8,кг,450,360.0
2025-04-11,4,Сыр пармезан,0.6,кг,800,480.0
2025-04-11,4,Молоко,3.0,л,70,210.0
2025-04-11,4,Макароны,1.7,кг,80,136.0
2025-04-11,4,Мука,0.9,кг,50,45.0
2025-04-11,4,Сахар,0.6,кг,60,36.0
2025-04-11,4,Кофе в зернах,0.2,кг,800,160.0
2025-04-11,4,Чай листовой,0.2,кг,500,100.0
2025-04-11,4,Соки,1.9,л,120,228.0
2025-04-11,4,Пиво,2.1,л,150,315.0
2025-04-11,5,Свинина,1.1,кг,400,440.0
2025-04-11,5,Рыба (филе),1.2,кг,600,720.0
2025-04-11,5,Креветки,0.5,кг,800,400.0
2025-04-11,5,Огурцы,1.4,кг,100,140.0
2025-04-11,5,Картофель,4.5,кг,40,180.0
2025-04-11,5,Сливки,1.7,л,200,340.0
2025-04-11,5,Молоко,2.8,л,70,196.0
2025-04-11,5,Рис,1.7,кг,90,153.0
2025-04-11,5,Мука,1.0,кг,50,50.0
2025-04-11,5,Сахар,0.5,кг,60,30.0
2025-04-11,5,Кофе в зернах,0.3,кг,800,240.0
2025-04-11,5,Соки,2.0,л,120,240.0
2025-04-11,5,Пиво,2.6,л,150,390.0
2025-04-11,7,Куриное филе,2.4,кг,250,600.0
2025-04-11,7,Говядина,1.3,кг,500,650.0
2025-04-11,7,Свинина,1.0,кг,400,400.0
2025-04-11,7,Креветки,0.5,кг,800,400.0
2025-04-11,7,Помидоры,1.8,кг,120,216.0
2025-04-11,7,Огурцы,1.4,кг,100,140.0
2025-04-11,7,Салат айсберг,1.1,кг,150,165.0
2025-04-11,7,Картофель,4.1,кг,40,164.0
2025-04-11,7,Сыр твердый,0.9,кг,450,405.0
2025-04-11,7,Сыр пармезан,0.6,кг,800,480.0
2025-04-11,7,Сливки,1.6,л,200,320.0
2025-04-11,7,Макароны,1.8,кг,80,144.0
2025-04-11,7,Мука,1.0,кг,50,50.0
2025-04-11,7,Сахар,0.6,кг,60,36.0
2025-04-11,7,Чай листовой,0.1,кг,500,50.0
2025-04-11,7,Соки,2.1,л,120,252.0
2025-04-11,7,Пиво,2.6,л,150,390.0
2025-04-11,8,Рыба (филе),1.0,кг,600,600.0
2025-04-11,8,Креветки,0.6,кг,800,480.0
2025-04-11,8,Помидоры,2.1,кг,120,252.0
2025-04-11,8,Огурцы,1.3,кг,100,130.0
2025-04-11,8,Картофель,3.2,кг,40,128.0
2025-04-11,8,Сыр твердый,0.9,кг,450,405.0
2025-04-11,8,Сыр пармезан,0.4,кг,800,320.0
2025-04-11,8,Сливки,1.3,л,200,260.0
2025-04-11,8,Молоко,2.2,л,70,154.0
2025-04-11,8,Макароны,1.7,кг,80,136.0
2025-04-11,8,Рис,1.6,кг,90,144.0
2025-04-11,8,Мука,0.9,кг,50,45.0
2025-04-11,8,Сахар,0.5,кг,60,30.0
2025-04-11,8,Чай листовой,0.2,кг,500,100.0
2025-04-11,10,Говядина,1.4,кг,500,700.0
2025-04-11,10,Свинина,1.2,кг,400,480.0
2025-04-11,10,Рыба (филе),0.9,кг,600,540.0
2025-04-11,10,Огурцы,1.7,кг,100,170.0
2025-04-11,10,Салат айсберг,1.3,кг,150,195.0
2025-04-11,10,Сыр твердый,0.9,кг,450,405.0
2025-04-11,10,Сыр пармезан,0.5,кг,800,400.0
2025-04-11,10,Сливки,1.4,л,200,280.0
2025-04-11,10,Молоко,2.2,л,70,154.0
2025-04-11,10,Мука,1.1,кг,50,55.0
2025-04-11,10,Пиво,2.7,л,150,405.0
2025-04-12,2,Рыба (филе),0.9,кг,600,540.0
2025-04-12,2,Креветки,0.5,кг,800,400.0
2025-04-12,2,Огурцы,1.6,кг,100,160.0
2025-04-12,2,Салат айсберг,1.1,кг,150,165.0
2025-04-12,2,Картофель,4.4,кг,40,176.0
2025-04-12,2,Сыр твердый,0.9,кг,450,405.0
2025-04-12,2,Сыр пармезан,0.5,кг,800,400.0
2025-04-12,2,Сливки,1.7,л,200,340.0
2025-04-12,2,Молоко,3.1,л,70,217.0
2025-04-12,2,Сахар,0.5,кг,60,30.0
2025-04-12,4,Рыба (филе),0.8,кг,600,480.0
2025-04-12,4,Креветки,0.5,кг,800,400.0
2025-04-12,4,Помидоры,2.2,кг,120,264.0
2025-04-12,4,Огурцы,1.5,кг,100,150.0
2025-04-12,4,Сыр твердый,0.9,кг,450,405.0
2025-04-12,4,Сыр пармезан,0.5,кг,800,400.0
2025-04-12,4,Сливки,1.3,л,200,260.0
2025-04-12,4,Молоко,2.1,л,70,147.0
2025-04-12,4,Макароны,1.9,кг,80,152.0
2025-04-12,4,Рис,1.4,кг,90,126.0
2025-04-12,4,Мука,1.1,кг,50,55.0
2025-04-12,4,Кофе в зернах,0.3,кг,800,240.0
2025-04-12,4,Чай листовой,0.1,кг,500,50.0
2025-04-12,6,Куриное филе,2.8,кг,250,700.0
2025-04-12,6,Говядина,1.3,кг,500,650.0
2025-04-12,6,Свинина,0.9,кг,400,360.0
2025-04-12,6,Рыба (филе),1.1,кг,600,660.0
2025-04-12,6,Креветки,0.5,кг,800,400.0
2025-04-12,6,Помидоры,2.4,кг,120,288.0
2025-04-12,6,Салат айсберг,1.0,кг,150,150.0
2025-04-12,6,Сливки,1.3,л,200,260.0
2025-04-12,6,Молоко,2.5,л,70,175.0
2025-04-12,6,Мука,0.9,кг,50,45.0
2025-04-12,6,Соки,1.9,л,120,228.0
2025-04-12,6,Пиво,2.8,л,150,420.0
2025-04-12,7,Говядина,1.3,кг,500,650.0
2025-04-12,7,Свинина,1.1,кг,400,440.0
2025-04-12,7,Рыба (филе),0.9,кг,600,540.0
2025-04-12,7,Огурцы,1.4,кг,100,140.0
2025-04-12,7,Картофель,3.5,кг,40,140.0
2025-04-12,7,Сыр твердый,0.9,кг,450,405.0
2025-04-12,7,Сливки,1.8,л,200,360.0
2025-04-12,7,Молоко,2.4,л,70,168.0
2025-04-12,7,Макароны,2.1,кг,80,168.0
2025-04-12,7,Мука,1.1,кг,50,55.0
2025-04-12,7,Сахар,0.4,кг,60,24.0
2025-04-12,7,Кофе в зернах,0.3,кг,800,240.0
2025-04-12,7,Чай листовой,0.2,кг,500,100.0
2025-04-12,7,Соки,1.9,л,120,228.0
2025-04-12,7,Пиво,2.4,л,150,360.0
2025-04-13,2,Говядина,1.5,кг,500,750.0
2025-04-13,2,Свинина,1.0,кг,400,400.0
2025-04-13,2,Рыба (филе),1.0,кг,600,600.0
2025-04-13,2,Помидоры,2.4,кг,120,288.0
2025-04-13,2,Огурцы,1.5,кг,100,150.0
2025-04-13,2,Салат айсберг,1.0,кг,150,150.0
2025-04-13,2,Сыр твердый,0.9,кг,450,405.0
2025-04-13,2,Сыр пармезан,0.5,кг,800,400.0
2025-04-13,2,Молоко,2.6,л,70,182.0
2025-04-13,2,Макароны,2.3,кг,80,184.0
2025-04-13,2,Кофе в зернах,0.3,кг,800,240.0
2025-04-13,2,Чай листовой,0.2,кг,500,100.0
2025-04-13,2,Пиво,2.1,л,150,315.0
2025-04-13,3,Говядина,1.8,кг,500,900.0
2025-04-13,3,Свинина,1.1,кг,400,440.0
2025-04-13,3,Рыба (филе),0.9,кг,600,540.0
2025-04-13,3,Креветки,0.6,кг,800,480.0
2025-04-13,3,Помидоры,2.2,кг,120,264.0
2025-04-13,3,Огурцы,1.7,кг,100,170.0
2025-04-13,3,Салат айсберг,1.0,кг,150,150.0
2025-04-13,3,Картофель,3.3,кг,40,132.0
2025-04-13,3,Сыр пармезан,0.6,кг,800,480.0
2025-04-13,3,Сливки,1.7,л,200,340.0
2025-04-13,3,Рис,1.7,кг,90,153.0
2025-04-13,3,Мука,0.9,кг,50,45.0
2025-04-13,3,Кофе в зернах,0.2,кг,800,160.0
2025-04-13,3,Чай листовой,0.2,кг,500,100.0
2025-04-13,3,Соки,2.0,л,120,240.0
2025-04-13,6,Куриное филе,2.9,кг,250,725.0
2025-04-13,6,Говядина,1.4,кг,500,700.0
2025-04-13,6,Свинина,1.0,кг,400,400.0
2025-04-13,6,Креветки,0.4,кг,800,320.0
2025-04-13,6,Помидоры,1.9,кг,120,228.0
2025-04-13,6,Картофель,3.8,кг,40,152.0
2025-04-13,6,Сыр твердый,1.0,кг,450,450.0
2025-04-13,6,Сыр пармезан,0.4,кг,800,320.0
2025-04-13,6,Молоко,2.8,л,70,196.0
2025-04-13,6,Макароны,1.9,кг,80,152.0
2025-04-13,6,Мука,1.1,кг,50,55.0
2025-04-13,6,Кофе в зернах,0.2,кг,800,160.0
2025-04-13,6,Чай листовой,0.2,кг,500,100.0
2025-04-13,6,Соки,2.2,л,120,264.0
2025-04-13,9,Свинина,1.0,кг,400,400.0
2025-04-13,9,Рыба (филе),0.9,кг,600,540.0
2025-04-13,9,Салат айсберг,1.2,кг,150,180.0
2025-04-13,9,Сыр твердый,1.0,кг,450,450.0
2025-04-13,9,Сыр пармезан,0.6,кг,800,480.0
2025-04-13,9,Молоко,2.8,л,70,196.0
2025-04-13,9,Макароны,2.2,кг,80,176.0
2025-04-13,9,Рис,1.9,кг,90,171.0
2025-04-13,9,Мука,1.0,кг,50,50.0
2025-04-13,9,Сахар,0.5,кг,60,30.0
2025-04-13,9,Кофе в зернах,0.2,кг,800,160.0
2025-04-13,9,Чай листовой,0.1,кг,500,50.0
2025-04-13,9,Соки,1.7,л,120,204.0
2025-04-13,9,Пиво,2.1,л,150,315.0
2025-04-13,10,Куриное филе,2.2,кг,250,550.0
2025-04-13,10,Свинина,1.1,кг,400,440.0
2025-04-13,10,Рыба (филе),0.9,кг,600,540.0
2025-04-13,10,Креветки,0.4,кг,800,320.0
2025-04-13,10,Огурцы,1.5,кг,100,150.0
2025-04-13,10,Салат айсберг,1.2,кг,150,180.0
2025-04-13,10,Сыр пармезан,0.6,кг,800,480.0
2025-04-13,10,Молоко,2.8,л,70,196.0
2025-04-13,10,Кофе в зернах,0.2,кг,800,160.0
2025-04-13,10,Чай листовой,0.1,кг,500,50.0
2025-04-13,10,Соки,2.0,л,120,240.0
2025-04-13,10,Пиво,2.7,л,150,405.0
2025-04-14,3,Куриное филе,2.8,кг,250,700.0
2025-04-14,3,Говядина,1.3,кг,500,650.0
2025-04-14,3,Свинина,1.1,кг,400,440.0
2025-04-14,3,Креветки,0.5,кг,800,400.0
2025-04-14,3,Огурцы,1.5,кг,100,150.0
2025-04-14,3,Салат айсберг,1.1,кг,150,165.0
2025-04-14,3,Сыр твердый,0.9,кг,450,405.0
2025-04-14,3,Сыр пармезан,0.5,кг,800,400.0
2025-04-14,3,Сливки,1.4,л,200,280.0
2025-04-14,3,Молоко,2.6,л,70,182.0
2025-04-14,3,Макароны,2.3,кг,80,184.0
2025-04-14,3,Рис,1.5,кг,90,135.0
2025-04-14,3,Мука,1.0,кг,50,50.0
2025-04-14,3,Сахар,0.5,кг,60,30.0
2025-04-14,3,Кофе в зернах,0.2,кг,800,160.0
2025-04-14,3,Соки,2.3,л,120,276.0
2025-04-14,7,Куриное филе,2.7,кг,250,675.0
2025-04-14,7,Креветки,0.5,кг,800,400.0
2025-04-14,7,Огурцы,1.5,кг,100,150.0
2025-04-14,7,Салат айсберг,0.9,кг,150,135.0
2025-04-14,7,Картофель,4.1,кг,40,164.0
2025-04-14,7,Сыр пармезан,0.5,кг,800,400.0
2025-04-14,7,Сливки,1.6,л,200,320.0
2025-04-14,7,Молоко,2.6,л,70,182.0
2025-04-14,7,Рис,1.6,кг,90,144.0
2025-04-14,7,Сахар,0.5,кг,60,30.0
2025-04-14,7,Кофе в зернах,0.3,кг,800,240.0
2025-04-14,7,Соки,2.0,л,120,240.0
2025-04-14,7,Пиво,2.8,л,150,420.0
2025-04-15,3,Куриное филе,2.4,кг,250,600.0
2025-04-15,3,Свинина,0.9,кг,400,360.0
2025-04-15,3,Рыба (филе),1.1,кг,600,660.0
2025-04-15,3,Помидоры,1.8,кг,120,216.0
2025-04-15,3,Огурцы,1.4,кг,100,140.0
2025-04-15,3,Салат айсберг,1.1,кг,150,165.0
2025-04-15,3,Сыр твердый,0.9,кг,450,405.0
2025-04-15,3,Сыр пармезан,0.4,кг,800,320.0
2025-04-15,3,Сливки,1.5,л,200,300.0
2025-04-15,3,Молоко,2.0,л,70,140.0
2025-04-15,3,Макароны,2.1,кг,80,168.0
2025-04-15,3,Сахар,0.5,кг,60,30.0
2025-04-15,3,Чай листовой,0.1,кг,500,50.0
2025-04-15,3,Соки,2.0,л,120,240.0
2025-04-15,3,Пиво,2.5,л,150,375.0
2025-04-15,4,Свинина,1.1,кг,400,440.0
2025-04-15,4,Рыба (филе),1.1,кг,600,660.0
2025-04-15,4,Креветки,0.6,кг,800,480.0
2025-04-15,4,Помидоры,2.1,кг,120,252.0
2025-04-15,4,Огурцы,1.4,кг,100,140.0
2025-04-15,4,Салат айсберг,0.9,кг,150,135.0
2025-04-15,4,Картофель,4.7,кг,40,188.0
2025-04-15,4,Сыр твердый,1.1,кг,450,495.0
2025-04-15,4,Сливки,1.3,л,200,260.0
2025-04-15,4,Молоко,2.7,л,70,189.0
2025-04-15,4,Макароны,1.8,кг,80,144.0
2025-04-15,4,Рис,1.6,кг,90,144.0
2025-04-15,4,Мука,1.0,кг,50,50.0
2025-04-15,4,Сахар,0.6,кг,60,36.0
2025-04-15,4,Кофе в зернах,0.3,кг,800,240.0
2025-04-15,4,Соки,1.9,л,120,228.0
2025-04-15,4,Пиво,2.8,л,150,420.0
2025-04-15,10,Куриное филе,2.4,кг,250,600.0
2025-04-15,10,Говядина,1.3,кг,500,650.0
2025-04-15,10,Свинина,1.3,кг,400,520.0
2025-04-15,10,Креветки,0.6,кг,800,480.0
2025-04-15,10,Помидоры,2.0,кг,120,240.0
2025-04-15,10,Салат айсберг,1.0,кг,150,150.0
2025-04-15,10,Картофель,4.3,кг,40,172.0
2025-04-15,10,Сыр твердый,1.1,кг,450,495.0
2025-04-15,10,Сливки,1.5,л,200,300.0
2025-04-15,10,Молоко,2.8,л,70,196.0
2025-04-15,10,Макароны,1.7,кг,80,136.0
2025-04-15,10,Рис,1.4,кг,90,126.0
2025-04-15,10,Мука,0.8,кг,50,40.0
2025-04-15,10,Кофе в зернах,0.3,кг,800,240.0
2025-04-15,10,Чай листовой,0.2,кг,500,100.0
2025-04-15,10,Соки,2.2,л,120,264.0
2025-04-15,10,Пиво,2.5,л,150,375.0
2025-04-16,3,Свинина,1.2,кг,400,480.0
2025-04-16,3,Помидоры,1.8,кг,120,216.0
2025-04-16,3,Огурцы,1.3,кг,100,130.0
2025-04-16,3,Картофель,4.2,кг,40,168.0
2025-04-16,3,Сыр твердый,1.0,кг,450,450.0
2025-04-16,3,Сыр пармезан,0.5,кг,800,400.0
2025-04-16,3,Макароны,2.3,кг,80,184.0
2025-04-16,3,Рис,1.5,кг,90,135.0
2025-04-16,3,Мука,1.1,кг,50,55.0
2025-04-16,3,Сахар,0.5,кг,60,30.0
2025-04-16,3,Кофе в зернах,0.3,кг,800,240.0
2025-04-16,6,Говядина,1.5,кг,500,750.0
2025-04-16,6,Свинина,1.1,кг,400,440.0
2025-04-16,6,Помидоры,2.1,кг,120,252.0
2025-04-16,6,Картофель,4.7,кг,40,188.0
2025-04-16,6,Сыр твердый,1.2,кг,450,540.0
2025-04-16,6,Сыр пармезан,0.6,кг,800,480.0
2025-04-16,6,Сливки,1.4,л,200,280.0
2025-04-16,6,Макароны,2.0,кг,80,160.0
2025-04-16,6,Рис,1.4,кг,90,126.0
2025-04-16,6,Сахар,0.5,кг,60,30.0
2025-04-16,6,Кофе в зернах,0.3,кг,800,240.0
2025-04-16,6,Чай листовой,0.1,кг,500,50.0
2025-04-16,6,Соки,2.1,л,120,252.0
2025-04-16,6,Пиво,2.6,л,150,390.0
2025-04-16,8,Говядина,1.4,кг,500,700.0
2025-04-16,8,Свинина,1.1,кг,400,440.0
2025-04-16,8,Рыба (филе),1.0,кг,600,600.0
2025-04-16,8,Креветки,0.4,кг,800,320.0
2025-04-16,8,Помидоры,2.4,кг,120,288.0
2025-04-16,8,Огурцы,1.2,кг,100,120.0
2025-04-16,8,Картофель,4.6,кг,40,184.0
2025-04-16,8,Сыр твердый,0.9,кг,450,405.0
2025-04-16,8,Сыр пармезан,0.5,кг,800,400.0
2025-04-16,8,Сливки,1.7,л,200,340.0
2025-04-16,8,Молоко,2.1,л,70,147.0
2025-04-16,8,Макароны,1.7,кг,80,136.0
2025-04-16,8,Рис,1.6,кг,90,144.0
2025-04-16,8,Мука,1.0,кг,50,50.0
2025-04-16,8,Сахар,0.6,кг,60,36.0
2025-04-16,8,Чай листовой,0.2,кг,500,100.0
2025-04-16,8,Соки,2.3,л,120,276.0
2025-04-16,9,Куриное филе,2.6,кг,250,650.0
2025-04-16,9,Рыба (филе),0.9,кг,600,540.0
2025-04-16,9,Креветки,0.6,кг,800,480.0
2025-04-16,9,Помидоры,2.4,кг,120,288.0
2025-04-16,9,Огурцы,1.5,кг,100,150.0
2025-04-16,9,Салат айсберг,1.1,кг,150,165.0
2025-04-16,9,Сливки,1.3,л,200,260.0
2025-04-16,9,Молоко,2.3,л,70,161.0
2025-04-16,9,Макароны,1.9,кг,80,152.0
2025-04-16,9,Рис,1.7,кг,90,153.0
2025-04-16,9,Мука,1.1,кг,50,55.0
2025-04-16,9,Чай листовой,0.1,кг,500,50.0
2025-04-16,9,Соки,1.8,л,120,216.0
2025-04-16,9,Пиво,2.6,л,150,390.0
2025-04-17,2,Куриное филе,2.4,кг,250,600.0
2025-04-17,2,Говядина,1.4,кг,500,700.0
2025-04-17,2,Рыба (филе),1.1,кг,600,660.0
2025-04-17,2,Креветки,0.6,кг,800,480.0
2025-04-17,2,Помидоры,2.5,кг,120,300.0
2025-04-17,2,Огурцы,1.3,кг,100,130.0
2025-04-17,2,Картофель,3.2,кг,40,128.0
2025-04-17,2,Сыр твердый,1.2,кг,450,540.0
2025-04-17,2,Макароны,2.0,кг,80,160.0
2025-04-17,2,Рис,1.3,кг,90,117.0
2025-04-17,2,Мука,1.2,кг,50,60.0
2025-04-17,2,Кофе в зернах,0.3,кг,800,240.0
2025-04-17,2,Соки,2.2,л,120,264.0
2025-04-17,2,Пиво,2.0,л,150,300.0
2025-04-17,3,Куриное филе,2.4,кг,250,600.0
2025-04-17,3,Говядина,1.5,кг,500,750.0
2025-04-17,3,Свинина,1.0,кг,400,400.0
2025-04-17,3,Рыба (филе),1.0,кг,600,600.0
2025-04-17,3,Креветки,0.5,кг,800,400.0
2025-04-17,3,Помидоры,1.9,кг,120,228.0
2025-04-17,3,Салат айсберг,1.0,кг,150,150.0
2025-04-17,3,Картофель,3.8,кг,40,152.0
2025-04-17,3,Сыр твердый,1.2,кг,450,540.0
2025-04-17,3,Сыр пармезан,0.6,кг,800,480.0
2025-04-17,3,Сливки,1.8,л,200,360.0
2025-04-17,3,Молоко,2.3,л,70,161.0
2025-04-17,3,Макароны,1.5,кг,80,120.0
2025-04-17,3,Рис,1.4,кг,90,126.0
2025-04-17,3,Мука,0.9,кг,50,45.0
2025-04-17,3,Соки,2.1,л,120,252.0
2025-04-17,3,Пиво,2.7,л,150,405.0
2025-04-17,5,Рыба (филе),0.9,кг,600,540.0
2025-04-17,5,Креветки,0.6,кг,800,480.0
2025-04-17,5,Помидоры,1.9,кг,120,228.0
2025-04-17,5,Огурцы,1.4,кг,100,140.0
2025-04-17,5,Картофель,4.4,кг,40,176.0
2025-04-17,5,Сыр пармезан,0.5,кг,800,400.0
2025-04-17,5,Сливки,1.3,л,200,260.0
2025-04-17,5,Рис,1.6,кг,90,144.0
2025-04-17,5,Сахар,0.5,кг,60,30.0
2025-04-17,5,Кофе в зернах,0.3,кг,800,240.0
2025-04-17,5,Чай листовой,0.2,кг,500,100.0
2025-04-17,7,Куриное филе,2.9,кг,250,725.0
2025-04-17,7,Рыба (филе),1.2,кг,600,720.0
2025-04-17,7,Помидоры,1.7,кг,120,204.0
2025-04-17,7,Салат айсберг,1.0,кг,150,150.0
2025-04-17,7,Сыр твердый,1.1,кг,450,495.0
2025-04-17,7,Сыр пармезан,0.6,кг,800,480.0
2025-04-17,7,Сливки,1.7,л,200,340.0
2025-04-17,7,Молоко,2.2,л,70,154.0
2025-04-17,7,Макароны,2.3,кг,80,184.0
2025-04-17,7,Рис,1.3,кг,90,117.0
2025-04-17,7,Мука,0.9,кг,50,45.0
2025-04-17,7,Сахар,0.6,кг,60,36.0
2025-04-17,7,Кофе в зернах,0.3,кг,800,240.0
2025-04-17,7,Чай листовой,0.2,кг,500,100.0
2025-04-17,7,Соки,2.0,л,120,240.0
2025-04-17,7,Пиво,2.4,л,150,360.0
2025-04-17,8,Креветки,0.5,кг,800,400.0
2025-04-17,8,Салат айсберг,0.9,кг,150,135.0
2025-04-17,8,Картофель,4.4,кг,40,176.0
2025-04-17,8,Сыр твердый,1.0,кг,450,450.0
2025-04-17,8,Сыр пармезан,0.5,кг,800,400.0
2025-04-17,8,Сливки,1.3,л,200,260.0
2025-04-17,8,Молоко,2.7,л,70,189.0
2025-04-17,8,Рис,1.3,кг,90,117.0
2025-04-17,8,Мука,0.9,кг,50,45.0
2025-04-17,8,Чай листовой,0.1,кг,500,50.0
2025-04-17,8,Соки,2.0,л,120,240.0
2025-04-17,8,Пиво,2.5,л,150,375.0
2025-04-18,1,Куриное филе,2.7,кг,250,675.0
2025-04-18,1,Говядина,1.9,кг,500,950.0
2025-04-18,1,Свинина,1.0,кг,400,400.0
2025-04-18,1,Креветки,0.5,кг,800,400.0
2025-04-18,1,Помидоры,2.0,кг,120,240.0
2025-04-18,1,Огурцы,1.9,кг,100,190.0
2025-04-18,1,Сыр твердый,1.2,кг,450,540.0
2025-04-18,1,Сыр пармезан,0.5,кг,800,400.0
2025-04-18,1,Мука,1.2,кг,50,60.0
2025-04-18,1,Сахар,0.5,кг,60,30.0
2025-04-18,1,Кофе в зернах,0.2,кг,800,160.0
2025-04-18,1,Пиво,2.6,л,150,390.0
2025-04-18,3,Куриное филе,3.1,кг,250,775.0
2025-04-18,3,Свинина,0.8,кг,400,320.0
2025-04-18,3,Креветки,0.4,кг,800,320.0
2025-04-18,3,Помидоры,1.8,кг,120,216.0
2025-04-18,3,Огурцы,1.6,кг,100,160.0
2025-04-18,3,Картофель,3.9,кг,40,156.0
2025-04-18,3,Сыр твердый,1.0,кг,450,450.0
2025-04-18,3,Сыр пармезан,0.6,кг,800,480.0
2025-04-18,3,Сливки,1.7,л,200,340.0
2025-04-18,3,Молоко,2.0,л,70,140.0
2025-04-18,3,Макароны,2.2,кг,80,176.0
2025-04-18,3,Мука,0.9,кг,50,45.0
2025-04-18,3,Сахар,0.5,кг,60,30.0
2025-04-18,3,Кофе в зернах,0.3,кг,800,240.0
2025-04-18,3,Чай листовой,0.2,кг,500,100.0
2025-04-18,3,Пиво,2.7,л,150,405.0
2025-04-18,4,Куриное филе,2.5,кг,250,625.0
2025-04-18,4,Говядина,1.8,кг,500,900.0
2025-04-18,4,Свинина,1.0,кг,400,400.0
2025-04-18,4,Рыба (филе),0.9,кг,600,540.0
2025-04-18,4,Креветки,0.5,кг,800,400.0
2025-04-18,4,Помидоры,2.1,кг,120,252.0
2025-04-18,4,Огурцы,1.7,кг,100,170.0
2025-04-18,4,Салат айсберг,1.0,кг,150,150.0
2025-04-18,4,Картофель,3.5,кг,40,140.0
2025-04-18,4,Макароны,1.9,кг,80,152.0
2025-04-18,4,Рис,1.8,кг,90,162.0
2025-04-18,4,Сахар,0.5,кг,60,30.0
2025-04-18,4,Кофе в зернах,0.3,кг,800,240.0
2025-04-18,4,Пиво,2.6,л,150,390.0
2025-04-18,7,Куриное филе,2.3,кг,250,575.0
2025-04-18,7,Говядина,1.4,кг,500,700.0
2025-04-18,7,Рыба (филе),1.1,кг,600,660.0
2025-04-18,7,Креветки,0.4,кг,800,320.0
2025-04-18,7,Помидоры,2.2,кг,120,264.0
2025-04-18,7,Салат айсберг,1.2,кг,150,180.0
2025-04-18,7,Картофель,4.0,кг,40,160.0
2025-04-18,7,Сыр твердый,1.0,кг,450,450.0
2025-04-18,7,Сыр пармезан,0.5,кг,800,400.0
2025-04-18,7,Сливки,1.2,л,200,240.0
2025-04-18,7,Молоко,2.7,л,70,189.0
2025-04-18,7,Макароны,2.2,кг,80,176.0
2025-04-18,7,Рис,1.2,кг,90,108.0
2025-04-18,7,Сахар,0.5,кг,60,30.0
2025-04-18,7,Чай листовой,0.1,кг,500,50.0
2025-04-18,10,Свинина,1.1,кг,400,440.0
2025-04-18,10,Креветки,0.5,кг,800,400.0
2025-04-18,10,Огурцы,1.7,кг,100,170.0
2025-04-18,10,Салат айсберг,1.0,кг,150,150.0
2025-04-18,10,Картофель,4.2,кг,40,168.0
2025-04-18,10,Сыр твердый,1.1,кг,450,495.0
2025-04-18,10,Сливки,1.4,л,200,280.0
2025-04-18,10,Молоко,2.0,л,70,140.0
2025-04-18,10,Макароны,2.1,кг,80,168.0
2025-04-18,10,Рис,1.5,кг,90,135.0
2025-04-18,10,Сахар,0.5,кг,60,30.0
2025-04-18,10,Чай листовой,0.2,кг,500,100.0
2025-04-18,10,Пиво,2.1,л,150,315.0
2025-04-19,1,Куриное филе,2.4,кг,250,600.0
2025-04-19,1,Говядина,1.3,кг,500,650.0
2025-04-19,1,Свинина,0.9,кг,400,360.0
2025-04-19,1,Креветки,0.5,кг,800,400.0
2025-04-19,1,Огурцы,1.6,кг,100,160.0
2025-04-19,1,Картофель,4.1,кг,40,164.0
2025-04-19,1,Сыр твердый,1.1,кг,450,495.0
2025-04-19,1,Сливки,1.8,л,200,360.0
2025-04-19,1,Молоко,2.5,л,70,175.0
2025-04-19,1,Макароны,2.2,кг,80,176.0
2025-04-19,1,Рис,1.6,кг,90,144.0
2025-04-19,1,Мука,0.9,кг,50,45.0
2025-04-19,1,Сахар,0.5,кг,60,30.0
2025-04-19,1,Кофе в зернах,0.3,кг,800,240.0
2025-04-19,1,Чай листовой,0.2,кг,500,100.0
2025-04-19,1,Соки,2.1,л,120,252.0
2025-04-19,1,Пиво,2.7,л,150,405.0
2025-04-19,3,Куриное филе,2.7,кг,250,675.0
2025-04-19,3,Свинина,1.1,кг,400,440.0
2025-04-19,3,Рыба (филе),1.0,кг,600,600.0
2025-04-19,3,Креветки,0.4,кг,800,320.0
2025-04-19,3,Огурцы,1.2,кг,100,120.0
2025-04-19,3,Салат айсберг,0.9,кг,150,135.0
2025-04-19,3,Сыр твердый,0.8,кг,450,360.0
2025-04-19,3,Сыр пармезан,0.6,кг,800,480.0
2025-04-19,3,Молоко,3.0,л,70,210.0
2025-04-19,3,Макароны,2.1,кг,80,168.0
2025-04-19,3,Рис,1.3,кг,90,117.0
2025-04-19,3,Мука,1.0,кг,50,50.0
2025-04-19,3,Кофе в зернах,0.3,кг,800,240.0
2025-04-19,3,Чай листовой,0.1,кг,500,50.0
2025-04-19,5,Говядина,1.6,кг,500,800.0
2025-04-19,5,Свинина,0.9,кг,400,360.0
2025-04-19,5,Рыба (филе),1.1,кг,600,660.0
2025-04-19,5,Креветки,0.6,кг,800,480.0
2025-04-19,5,Помидоры,1.9,кг,120,228.0
2025-04-19,5,Огурцы,1.3,кг,100,130.0
2025-04-19,5,Картофель,3.3,кг,40,132.0
2025-04-19,5,Сыр твердый,1.0,кг,450,450.0
2025-04-19,5,Сыр пармезан,0.4,кг,800,320.0
2025-04-19,5,Молоко,2.6,л,70,182.0
2025-04-19,5,Мука,1.0,кг,50,50.0
2025-04-19,5,Сахар,0.4,кг,60,24.0
2025-04-19,5,Кофе в зернах,0.3,кг,800,240.0
2025-04-19,5,Чай листовой,0.1,кг,500,50.0
2025-04-19,5,Соки,2.1,л,120,252.0
2025-04-19,5,Пиво,2.3,л,150,345.0
2025-04-19,6,Говядина,1.3,кг,500,650.0
2025-04-19,6,Рыба (филе),1.0,кг,600,600.0
2025-04-19,6,Помидоры,2.1,кг,120,252.0
2025-04-19,6,Огурцы,1.2,кг,100,120.0
2025-04-19,6,Салат айсберг,0.9,кг,150,135.0
2025-04-19,6,Сыр твердый,0.9,кг,450,405.0
2025-04-19,6,Сыр пармезан,0.6,кг,800,480.0
2025-04-19,6,Молоко,3.1,л,70,217.0
2025-04-19,6,Макароны,1.8,кг,80,144.0
2025-04-19,6,Рис,1.9,кг,90,171.0
2025-04-19,6,Мука,1.1,кг,50,55.0
2025-04-19,6,Кофе в зернах,0.2,кг,800,160.0
2025-04-19,6,Чай листовой,0.2,кг,500,100.0
2025-04-19,6,Пиво,2.6,л,150,390.0
2025-04-19,9,Куриное филе,2.3,кг,250,575.0
2025-04-19,9,Рыба (филе),0.9,кг,600,540.0
2025-04-19,9,Креветки,0.4,кг,800,320.0
2025-04-19,9,Помидоры,2.2,кг,120,264.0
2025-04-19,9,Огурцы,1.2,кг,100,120.0
2025-04-19,9,Сыр пармезан,0.6,кг,800,480.0
2025-04-19,9,Сливки,1.7,л,200,340.0
2025-04-19,9,Молоко,2.5,л,70,175.0
2025-04-19,9,Макароны,2.1,кг,80,168.0
2025-04-19,9,Рис,1.3,кг,90,117.0
2025-04-19,9,Сахар,0.5,кг,60,30.0
2025-04-19,9,Кофе в зернах,0.3,кг,800,240.0
2025-04-19,9,Чай листовой,0.1,кг,500,50.0
2025-04-19,10,Куриное филе,2.1,кг,250,525.0
2025-04-19,10,Говядина,1.9,кг,500,950.0
2025-04-19,10,Свинина,1.1,кг,400,440.0
2025-04-19,10,Креветки,0.4,кг,800,320.0
2025-04-19,10,Помидоры,1.9,кг,120,228.0
2025-04-19,10,Салат айсберг,1.0,кг,150,150.0
2025-04-19,10,Картофель,4.9,кг,40,196.0
2025-04-19,10,Сыр пармезан,0.5,кг,800,400.0
2025-04-19,10,Сливки,1.3,л,200,260.0
2025-04-19,10,Молоко,2.7,л,70,189.0
2025-04-19,10,Макароны,2.1,кг,80,168.0
2025-04-19,10,Мука,0.9,кг,50,45.0
2025-04-19,10,Сахар,0.4,кг,60,24.0
2025-04-19,10,Кофе в зернах,0.3,кг,800,240.0
2025-04-19,10,Соки,2.0,л,120,240.0
2025-04-19,10,Пиво,2.9,л,150,435.0
2025-04-20,1,Куриное филе,2.2,кг,250,550.0
2025-04-20,1,Говядина,1.3,кг,500,650.0
2025-04-20,1,Свинина,0.9,кг,400,360.0
2025-04-20,1,Помидоры,2.4,кг,120,288.0
2025-04-20,1,Огурцы,1.5,кг,100,150.0
2025-04-20,1,Салат айсберг,0.8,кг,150,120.0
2025-04-20,1,Картофель,4.0,кг,40,160.0
2025-04-20,1,Сыр твердый,1.1,кг,450,495.0
2025-04-20,1,Сыр пармезан,0.5,кг,800,400.0
2025-04-20,1,Сливки,1.8,л,200,360.0
2025-04-20,1,Молоко,2.5,л,70,175.0
2025-04-20,1,Макароны,2.1,кг,80,168.0
2025-04-20,1,Мука,0.9,кг,50,45.0
2025-04-20,1,Сахар,0.6,кг,60,36.0
2025-04-20,1,Чай листовой,0.2,кг,500,100.0
2025-04-20,1,Соки,1.9,л,120,228.0
2025-04-20,7,Куриное филе,2.9,кг,250,725.0
2025-04-20,7,Рыба (филе),1.0,кг,600,600.0
2025-04-20,7,Креветки,0.6,кг,800,480.0
2025-04-20,7,Помидоры,2.6,кг,120,312.0
2025-04-20,7,Огурцы,1.3,кг,100,130.0
2025-04-20,7,Сыр пармезан,0.5,кг,800,400.0
2025-04-20,7,Молоко,2.7,л,70,189.0
2025-04-20,7,Макароны,2.0,кг,80,160.0
2025-04-20,7,Рис,1.5,кг,90,135.0
2025-04-20,7,Мука,1.2,кг,50,60.0
2025-04-20,7,Сахар,0.5,кг,60,30.0
2025-04-20,7,Кофе в зернах,0.3,кг,800,240.0
2025-04-20,7,Соки,2.1,л,120,252.0
2025-04-20,7,Пиво,2.8,л,150,420.0
2025-04-20,8,Куриное филе,2.5,кг,250,625.0
2025-04-20,8,Креветки,0.4,кг,800,320.0
2025-04-20,8,Помидоры,1.9,кг,120,228.0
2025-04-20,8,Огурцы,1.6,кг,100,160.0
2025-04-20,8,Салат айсберг,0.9,кг,150,135.0
2025-04-20,8,Картофель,4.0,кг,40,160.0
2025-04-20,8,Молоко,2.7,л,70,189.0
2025-04-20,8,Рис,1.9,кг,90,171.0
2025-04-20,8,Мука,1.0,кг,50,50.0
2025-04-20,8,Сахар,0.5,кг,60,30.0
2025-04-20,8,Кофе в зернах,0.3,кг,800,240.0
2025-04-20,8,Чай листовой,0.2,кг,500,100.0
2025-04-21,4,Куриное филе,2.5,кг,250,625.0
2025-04-21,4,Говядина,1.5,кг,500,750.0
2025-04-21,4,Рыба (филе),1.0,кг,600,600.0
2025-04-21,4,Огурцы,1.3,кг,100,130.0
2025-04-21,4,Картофель,4.0,кг,40,160.0
2025-04-21,4,Сыр твердый,1.1,кг,450,495.0
2025-04-21,4,Сыр пармезан,0.6,кг,800,480.0
2025-04-21,4,Сливки,1.5,л,200,300.0
2025-04-21,4,Молоко,2.9,л,70,203.0
2025-04-21,4,Макароны,2.3,кг,80,184.0
2025-04-21,4,Рис,1.8,кг,90,162.0
2025-04-21,4,Мука,1.1,кг,50,55.0
2025-04-21,4,Кофе в зернах,0.3,кг,800,240.0
2025-04-21,4,Чай листовой,0.2,кг,500,100.0
2025-04-21,4,Пиво,2.7,л,150,405.0
2025-04-21,10,Куриное филе,2.8,кг,250,700.0
2025-04-21,10,Говядина,1.6,кг,500,800.0
2025-04-21,10,Свинина,1.0,кг,400,400.0
2025-04-21,10,Креветки,0.5,кг,800,400.0
2025-04-21,10,Помидоры,1.8,кг,120,216.0
2025-04-21,10,Салат айсберг,1.0,кг,150,150.0
2025-04-21,10,Картофель,3.6,кг,40,144.0
2025-04-21,10,Сыр пармезан,0.5,кг,800,400.0
2025-04-21,10,Молоко,2.5,л,70,175.0
2025-04-21,10,Макароны,1.6,кг,80,128.0
2025-04-21,10,Рис,1.8,кг,90,162.0
2025-04-21,10,Мука,1.1,кг,50,55.0
2025-04-21,10,Сахар,0.5,кг,60,30.0
2025-04-21,10,Кофе в зернах,0.3,кг,800,240.0
2025-04-21,10,Чай листовой,0.2,кг,500,100.0
2025-04-21,10,Соки,2.2,л,120,264.0
2025-04-21,10,Пиво,2.0,л,150,300.0
2025-04-22,2,Говядина,1.7,кг,500,850.0
2025-04-22,2,Свинина,1.0,кг,400,400.0
2025-04-22,2,Рыба (филе),1.1,кг,600,660.0
2025-04-22,2,Креветки,0.5,кг,800,400.0
2025-04-22,2,Помидоры,1.9,кг,120,228.0
2025-04-22,2,Огурцы,1.6,кг,100,160.0
2025-04-22,2,Салат айсберг,1.1,кг,150,165.0
2025-04-22,2,Картофель,4.4,кг,40,176.0
2025-04-22,2,Сыр твердый,0.9,кг,450,405.0
2025-04-22,2,Сыр пармезан,0.5,кг,800,400.0
2025-04-22,2,Сливки,1.3,л,200,260.0
2025-04-22,2,Молоко,2.8,л,70,196.0
2025-04-22,2,Макароны,1.7,кг,80,136.0
2025-04-22,2,Рис,1.6,кг,90,144.0
2025-04-22,2,Мука,1.1,кг,50,55.0
2025-04-22,2,Сахар,0.4,кг,60,24.0
2025-04-22,2,Кофе в зернах,0.3,кг,800,240.0
2025-04-22,2,Соки,2.0,л,120,240.0
2025-04-22,2,Пиво,2.5,л,150,375.0
2025-04-22,4,Куриное филе,2.6,кг,250,650.0
2025-04-22,4,Говядина,1.7,кг,500,850.0
2025-04-22,4,Свинина,1.0,кг,400,400.0
2025-04-22,4,Креветки,0.6,кг,800,480.0
2025-04-22,4,Помидоры,2.1,кг,120,252.0
2025-04-22,4,Огурцы,1.4,кг,100,140.0
2025-04-22,4,Салат айсберг,1.0,кг,150,150.0
2025-04-22,4,Картофель,3.5,кг,40,140.0
2025-04-22,4,Сыр твердый,0.8,кг,450,360.0
2025-04-22,4,Сыр пармезан,0.5,кг,800,400.0
2025-04-22,4,Сливки,1.3,л,200,260.0
2025-04-22,4,Макароны,2.2,кг,80,176.0
2025-04-22,4,Кофе в зернах,0.3,кг,800,240.0
2025-04-22,4,Чай листовой,0.2,кг,500,100.0
2025-04-22,6,Куриное филе,2.5,кг,250,625.0
2025-04-22,6,Говядина,1.6,кг,500,800.0
2025-04-22,6,Свинина,1.0,кг,400,400.0
2025-04-22,6,Рыба (филе),0.8,кг,600,480.0
2025-04-22,6,Креветки,0.6,кг,800,480.0
2025-04-22,6,Огурцы,1.3,кг,100,130.0
2025-04-22,6,Салат айсберг,0.8,кг,150,120.0
2025-04-22,6,Картофель,4.1,кг,40,164.0
2025-04-22,6,Сыр твердый,1.0,кг,450,450.0
2025-04-22,6,Сливки,1.5,л,200,300.0
2025-04-22,6,Макароны,2.2,кг,80,176.0
2025-04-22,6,Мука,1.2,кг,50,60.0
2025-04-22,6,Сахар,0.5,кг,60,30.0
2025-04-22,6,Кофе в зернах,0.3,кг,800,240.0
2025-04-22,6,Соки,2.0,л,120,240.0
2025-04-22,9,Куриное филе,2.5,кг,250,625.0
2025-04-22,9,Говядина,1.5,кг,500,750.0
2025-04-22,9,Рыба (филе),1.0,кг,600,600.0
2025-04-22,9,Креветки,0.6,кг,800,480.0
2025-04-22,9,Салат айсберг,1.0,кг,150,150.0
2025-04-22,9,Сыр твердый,0.9,кг,450,405.0
2025-04-22,9,Сыр пармезан,0.5,кг,800,400.0
2025-04-22,9,Сливки,1.4,л,200,280.0
2025-04-22,9,Молоко,2.8,л,70,196.0
2025-04-22,9,Макароны,1.6,кг,80,128.0
2025-04-22,9,Рис,1.2,кг,90,108.0
2025-04-22,9,Сахар,0.4,кг,60,24.0
2025-04-22,9,Кофе в зернах,0.2,кг,800,160.0
2025-04-22,9,Пиво,2.3,л,150,345.0
2025-04-22,10,Куриное филе,2.7,кг,250,675.0
2025-04-22,10,Свинина,1.0,кг,400,400.0
2025-04-22,10,Рыба (филе),1.1,кг,600,660.0
2025-04-22,10,Креветки,0.5,кг,800,400.0
2025-04-22,10,Салат айсберг,1.0,кг,150,150.0
2025-04-22,10,Картофель,4.3,кг,40,172.0
2025-04-22,10,Сыр твердый,0.8,кг,450,360.0
2025-04-22,10,Сыр пармезан,0.6,кг,800,480.0
2025-04-22,10,Сливки,1.8,л,200,360.0
2025-04-22,10,Молоко,2.4,л,70,168.0
2025-04-22,10,Макароны,2.1,кг,80,168.0
2025-04-22,10,Рис,1.9,кг,90,171.0
2025-04-22,10,Мука,1.0,кг,50,50.0
2025-04-22,10,Сахар,0.5,кг,60,30.0
2025-04-22,10,Кофе в зернах,0.2,кг,800,160.0
2025-04-22,10,Чай листовой,0.1,кг,500,50.0
2025-04-22,10,Пиво,2.8,л,150,420.0
2025-04-23,4,Куриное филе,2.2,кг,250,550.0
2025-04-23,4,Свинина,1.2,кг,400,480.0
2025-04-23,4,Рыба (филе),1.0,кг,600,600.0
2025-04-23,4,Креветки,0.4,кг,800,320.0
2025-04-23,4,Помидоры,1.8,кг,120,216.0
2025-04-23,4,Огурцы,1.2,кг,100,120.0
2025-04-23,4,Картофель,3.7,кг,40,148.0
2025-04-23,4,Сыр пармезан,0.4,кг,800,320.0
2025-04-23,4,Молоко,2.7,л,70,189.0
2025-04-23,4,Мука,1.0,кг,50,50.0
2025-04-23,4,Сахар,0.5,кг,60,30.0
2025-04-23,4,Кофе в зернах,0.3,кг,800,240.0
2025-04-23,4,Чай листовой,0.2,кг,500,100.0
2025-04-23,4,Соки,2.1,л,120,252.0
2025-04-23,5,Куриное филе,2.5,кг,250,625.0
2025-04-23,5,Свинина,1.0,кг,400,400.0
2025-04-23,5,Рыба (филе),1.0,кг,600,600.0
2025-04-23,5,Помидоры,2.0,кг,120,240.0
2025-04-23,5,Огурцы,1.7,кг,100,170.0
2025-04-23,5,Салат айсберг,0.9,кг,150,135.0
2025-04-23,5,Картофель,4.2,кг,40,168.0
2025-04-23,5,Сливки,1.4,л,200,280.0
2025-04-23,5,Макароны,1.8,кг,80,144.0
2025-04-23,5,Мука,0.9,кг,50,45.0
2025-04-23,5,Чай листовой,0.1,кг,500,50.0
2025-04-23,5,Соки,2.5,л,120,300.0
2025-04-23,5,Пиво,2.5,л,150,375.0
2025-04-23,9,Куриное филе,2.7,кг,250,675.0
2025-04-23,9,Рыба (филе),1.1,кг,600,660.0
2025-04-23,9,Креветки,0.5,кг,800,400.0
2025-04-23,9,Помидоры,1.8,кг,120,216.0
2025-04-23,9,Огурцы,1.6,кг,100,160.0
2025-04-23,9,Картофель,4.2,кг,40,168.0
2025-04-23,9,Сыр твердый,0.9,кг,450,405.0
2025-04-23,9,Сыр пармезан,0.5,кг,800,400.0
2025-04-23,9,Сливки,1.7,л,200,340.0
2025-04-23,9,Молоко,2.2,л,70,154.0
2025-04-23,9,Макароны,2.1,кг,80,168.0
2025-04-23,9,Мука,0.9,кг,50,45.0
2025-04-23,9,Сахар,0.6,кг,60,36.0
2025-04-23,9,Кофе в зернах,0.2,кг,800,160.0
2025-04-23,9,Чай листовой,0.2,кг,500,100.0
2025-04-23,9,Пиво,2.0,л,150,300.0
2025-04-24,1,Куриное филе,2.6,кг,250,650.0
2025-04-24,1,Рыба (филе),1.0,кг,600,600.0
2025-04-24,1,Креветки,0.5,кг,800,400.0
2025-04-24,1,Помидоры,2.0,кг,120,240.0
2025-04-24,1,Салат айсберг,1.0,кг,150,150.0
2025-04-24,1,Сыр пармезан,0.6,кг,800,480.0
2025-04-24,1,Сливки,1.4,л,200,280.0
2025-04-24,1,Молоко,3.2,л,70,224.0
2025-04-24,1,Рис,1.3,кг,90,117.0
2025-04-24,1,Мука,1.1,кг,50,55.0
2025-04-24,1,Сахар,0.5,кг,60,30.0
2025-04-24,1,Кофе в зернах,0.2,кг,800,160.0
2025-04-24,1,Соки,1.8,л,120,216.0
2025-04-24,1,Пиво,2.7,л,150,405.0
2025-04-24,2,Говядина,1.7,кг,500,850.0
2025-04-24,2,Рыба (филе),0.8,кг,600,480.0
2025-04-24,2,Креветки,0.6,кг,800,480.0
2025-04-24,2,Помидоры,2.5,кг,120,300.0
2025-04-24,2,Огурцы,1.5,кг,100,150.0
2025-04-24,2,Салат айсберг,1.0,кг,150,150.0
2025-04-24,2,Картофель,4.7,кг,40,188.0
2025-04-24,2,Сыр твердый,1.0,кг,450,450.0
2025-04-24,2,Сливки,1.4,л,200,280.0
2025-04-24,2,Молоко,3.0,л,70,210.0
2025-04-24,2,Мука,1.1,кг,50,55.0
2025-04-24,2,Сахар,0.5,кг,60,30.0
2025-04-24,2,Чай листовой,0.1,кг,500,50.0
2025-04-24,2,Соки,1.9,л,120,228.0
2025-04-24,3,Куриное филе,2.4,кг,250,600.0
2025-04-24,3,Говядина,1.3,кг,500,650.0
2025-04-24,3,Свинина,1.0,кг,400,400.0
2025-04-24,3,Рыба (филе),1.0,кг,600,600.0
2025-04-24,3,Помидоры,2.3,кг,120,276.0
2025-04-24,3,Огурцы,1.6,кг,100,160.0
2025-04-24,3,Картофель,4.4,кг,40,176.0
2025-04-24,3,Сливки,1.3,л,200,260.0
2025-04-24,3,Молоко,2.4,л,70,168.0
2025-04-24,3,Макароны,2.3,кг,80,184.0
2025-04-24,3,Рис,1.4,кг,90,126.0
2025-04-24,3,Мука,1.0,кг,50,50.0
2025-04-24,3,Сахар,0.5,кг,60,30.0
2025-04-24,3,Соки,1.8,л,120,216.0
2025-04-24,3,Пиво,2.1,л,150,315.0
2025-04-24,5,Куриное филе,2.9,кг,250,725.0
2025-04-24,5,Говядина,1.5,кг,500,750.0
2025-04-24,5,Свинина,0.9,кг,400,360.0
2025-04-24,5,Рыба (филе),1.1,кг,600,660.0
2025-04-24,5,Креветки,0.4,кг,800,320.0
2025-04-24,5,Помидоры,1.8,кг,120,216.0
2025-04-24,5,Огурцы,1.4,кг,100,140.0
2025-04-24,5,Картофель,4.4,кг,40,176.0
2025-04-24,5,Сыр твердый,0.8,кг,450,360.0
2025-04-24,5,Сыр пармезан,0.6,кг,800,480.0
2025-04-24,5,Сливки,1.3,л,200,260.0
2025-04-24,5,Молоко,2.1,л,70,147.0
2025-04-24,5,Рис,1.4,кг,90,126.0
2025-04-24,5,Соки,1.6,л,120,192.0
2025-04-25,1,Говядина,1.7,кг,500,850.0
2025-04-25,1,Свинина,1.1,кг,400,440.0
2025-04-25,1,Рыба (филе),0.9,кг,600,540.0
2025-04-25,1,Помидоры,2.2,кг,120,264.0
2025-04-25,1,Огурцы,1.6,кг,100,160.0
2025-04-25,1,Салат айсберг,1.1,кг,150,165.0
2025-04-25,1,Картофель,3.5,кг,40,140.0
2025-04-25,1,Сыр пармезан,0.5,кг,800,400.0
2025-04-25,1,Сливки,1.5,л,200,300.0
2025-04-25,1,Сахар,0.5,кг,60,30.0
2025-04-25,1,Кофе в зернах,0.3,кг,800,240.0
2025-04-25,1,Чай листовой,0.1,кг,500,50.0
2025-04-25,1,Соки,1.9,л,120,228.0
2025-04-25,1,Пиво,2.6,л,150,390.0
2025-04-25,6,Говядина,1.7,кг,500,850.0
2025-04-25,6,Рыба (филе),1.0,кг,600,600.0
2025-04-25,6,Помидоры,2.4,кг,120,288.0
2025-04-25,6,Салат айсберг,1.0,кг,150,150.0
2025-04-25,6,Сыр твердый,1.0,кг,450,450.0
2025-04-25,6,Сливки,1.7,л,200,340.0
2025-04-25,6,Молоко,2.8,л,70,196.0
2025-04-25,6,Макароны,2.5,кг,80,200.0
2025-04-25,6,Мука,1.1,кг,50,55.0
2025-04-25,6,Сахар,0.5,кг,60,30.0
2025-04-25,6,Кофе в зернах,0.2,кг,800,160.0
2025-04-25,6,Соки,2.4,л,120,288.0
2025-04-25,6,Пиво,2.3,л,150,345.0
2025-04-25,7,Рыба (филе),1.0,кг,600,600.0
2025-04-25,7,Креветки,0.5,кг,800,400.0
2025-04-25,7,Помидоры,2.1,кг,120,252.0
2025-04-25,7,Огурцы,1.4,кг,100,140.0
2025-04-25,7,Салат айсберг,0.9,кг,150,135.0
2025-04-25,7,Картофель,3.9,кг,40,156.0
2025-04-25,7,Макароны,1.9,кг,80,152.0
2025-04-25,7,Рис,1.6,кг,90,144.0
2025-04-25,7,Мука,0.9,кг,50,45.0
2025-04-25,7,Сахар,0.5,кг,60,30.0
2025-04-25,7,Чай листовой,0.1,кг,500,50.0
2025-04-25,7,Пиво,2.6,л,150,390.0
2025-04-26,1,Куриное филе,2.7,кг,250,675.0
2025-04-26,1,Говядина,1.4,кг,500,700.0
2025-04-26,1,Свинина,1.0,кг,400,400.0
2025-04-26,1,Рыба (филе),0.9,кг,600,540.0
2025-04-26,1,Помидоры,1.9,кг,120,228.0
2025-04-26,1,Огурцы,1.3,кг,100,130.0
2025-04-26,1,Салат айсберг,1.0,кг,150,150.0
2025-04-26,1,Картофель,4.1,кг,40,164.0
2025-04-26,1,Сыр пармезан,0.5,кг,800,400.0
2025-04-26,1,Сливки,1.6,л,200,320.0
2025-04-26,1,Молоко,2.1,л,70,147.0
2025-04-26,1,Макароны,2.1,кг,80,168.0
2025-04-26,1,Рис,1.4,кг,90,126.0
2025-04-26,1,Сахар,0.6,кг,60,36.0
2025-04-26,1,Кофе в зернах,0.3,кг,800,240.0
2025-04-26,1,Соки,1.7,л,120,204.0
2025-04-26,1,Пиво,2.3,л,150,345.0
2025-04-26,2,Куриное филе,2.9,кг,250,725.0
2025-04-26,2,Говядина,1.5,кг,500,750.0
2025-04-26,2,Свинина,0.9,кг,400,360.0
2025-04-26,2,Рыба (филе),0.8,кг,600,480.0
2025-04-26,2,Креветки,0.6,кг,800,480.0
2025-04-26,2,Огурцы,1.6,кг,100,160.0
2025-04-26,2,Салат айсберг,1.0,кг,150,150.0
2025-04-26,2,Картофель,3.7,кг,40,148.0
2025-04-26,2,Сыр твердый,1.0,кг,450,450.0
2025-04-26,2,Сыр пармезан,0.5,кг,800,400.0
2025-04-26,2,Сливки,1.4,л,200,280.0
2025-04-26,2,Молоко,2.1,л,70,147.0
2025-04-26,2,Макароны,1.7,кг,80,136.0
2025-04-26,2,Рис,1.5,кг,90,135.0
2025-04-26,2,Мука,1.0,кг,50,50.0
2025-04-26,2,Сахар,0.5,кг,60,30.0
2025-04-26,2,Чай листовой,0.1,кг,500,50.0
2025-04-26,2,Соки,1.7,л,120,204.0
2025-04-26,5,Говядина,1.3,кг,500,650.0
2025-04-26,5,Рыба (филе),0.9,кг,600,540.0
2025-04-26,5,Огурцы,1.5,кг,100,150.0
2025-04-26,5,Картофель,3.7,кг,40,148.0
2025-04-26,5,Сыр твердый,0.8,кг,450,360.0
2025-04-26,5,Сыр пармезан,0.4,кг,800,320.0
2025-04-26,5,Сливки,1.4,л,200,280.0
2025-04-26,5,Молоко,2.4,л,70,168.0
2025-04-26,5,Макароны,2.1,кг,80,168.0
2025-04-26,5,Чай листовой,0.1,кг,500,50.0
2025-04-26,5,Пиво,2.6,л,150,390.0
2025-04-26,7,Куриное филе,2.7,кг,250,675.0
2025-04-26,7,Говядина,1.5,кг,500,750.0
2025-04-26,7,Свинина,1.0,кг,400,400.0
2025-04-26,7,Рыба (филе),1.0,кг,600,600.0
2025-04-26,7,Креветки,0.5,кг,800,400.0
2025-04-26,7,Помидоры,2.2,кг,120,264.0
2025-04-26,7,Огурцы,1.3,кг,100,130.0
2025-04-26,7,Сыр твердый,0.8,кг,450,360.0
2025-04-26,7,Молоко,2.3,л,70,161.0
2025-04-26,7,Рис,1.2,кг,90,108.0
2025-04-26,7,Мука,1.1,кг,50,55.0
2025-04-26,7,Сахар,0.5,кг,60,30.0
2025-04-26,7,Кофе в зернах,0.3,кг,800,240.0
2025-04-26,7,Чай листовой,0.2,кг,500,100.0
2025-04-26,7,Соки,1.8,л,120,216.0
2025-04-26,7,Пиво,2.7,л,150,405.0
2025-04-26,8,Куриное филе,2.5,кг,250,625.0
2025-04-26,8,Говядина,1.6,кг,500,800.0
2025-04-26,8,Креветки,0.5,кг,800,400.0
2025-04-26,8,Помидоры,2.0,кг,120,240.0
2025-04-26,8,Салат айсберг,1.0,кг,150,150.0
2025-04-26,8,Картофель,4.5,кг,40,180.0
2025-04-26,8,Сыр пармезан,0.4,кг,800,320.0
2025-04-26,8,Сливки,1.4,л,200,280.0
2025-04-26,8,Молоко,2.3,л,70,161.0
2025-04-26,8,Макароны,2.0,кг,80,160.0
2025-04-26,8,Мука,0.9,кг,50,45.0
2025-04-26,8,Кофе в зернах,0.2,кг,800,160.0
2025-04-26,8,Чай листовой,0.2,кг,500,100.0
2025-04-26,8,Соки,1.8,л,120,216.0
2025-04-26,8,Пиво,2.8,л,150,420.0
2025-04-27,2,Куриное филе,2.0,кг,250,500.0
2025-04-27,2,Свинина,1.1,кг,400,440.0
2025-04-27,2,Рыба (филе),1.2,кг,600,720.0
2025-04-27,2,Креветки,0.6,кг,800,480.0
2025-04-27,2,Салат айсберг,1.1,кг,150,165.0
2025-04-27,2,Сыр твердый,1.1,кг,450,495.0
2025-04-27,2,Сливки,1.5,л,200,300.0
2025-04-27,2,Молоко,2.2,л,70,154.0
2025-04-27,2,Рис,1.5,кг,90,135.0
2025-04-27,2,Сахар,0.4,кг,60,24.0
2025-04-27,2,Кофе в зернах,0.3,кг,800,240.0
2025-04-27,2,Чай листовой,0.2,кг,500,100.0
2025-04-27,2,Соки,1.8,л,120,216.0
2025-04-27,2,Пиво,2.7,л,150,405.0
2025-04-27,4,Куриное филе,2.2,кг,250,550.0
2025-04-27,4,Говядина,1.5,кг,500,750.0
2025-04-27,4,Свинина,0.9,кг,400,360.0
2025-04-27,4,Креветки,0.5,кг,800,400.0
2025-04-27,4,Помидоры,1.9,кг,120,228.0
2025-04-27,4,Огурцы,1.3,кг,100,130.0
2025-04-27,4,Салат айсберг,1.0,кг,150,150.0
2025-04-27,4,Картофель,4.3,кг,40,172.0
2025-04-27,4,Сыр пармезан,0.5,кг,800,400.0
2025-04-27,4,Сливки,1.7,л,200,340.0
2025-04-27,4,Рис,1.8,кг,90,162.0
2025-04-27,4,Мука,0.9,кг,50,45.0
2025-04-27,4,Сахар,0.4,кг,60,24.0
2025-04-27,4,Кофе в зернах,0.3,кг,800,240.0
2025-04-27,4,Чай листовой,0.2,кг,500,100.0
2025-04-27,4,Соки,2.3,л,120,276.0
2025-04-27,4,Пиво,2.3,л,150,345.0
2025-04-27,6,Свинина,1.0,кг,400,400.0
2025-04-27,6,Рыба (филе),1.0,кг,600,600.0
2025-04-27,6,Креветки,0.5,кг,800,400.0
2025-04-27,6,Помидоры,2.3,кг,120,276.0
2025-04-27,6,Огурцы,1.5,кг,100,150.0
2025-04-27,6,Салат айсберг,0.8,кг,150,120.0
2025-04-27,6,Картофель,4.3,кг,40,172.0
2025-04-27,6,Сливки,1.5,л,200,300.0
2025-04-27,6,Молоко,2.7,л,70,189.0
2025-04-27,6,Макароны,2.1,кг,80,168.0
2025-04-27,6,Мука,0.9,кг,50,45.0
2025-04-27,6,Сахар,0.5,кг,60,30.0
2025-04-27,6,Кофе в зернах,0.2,кг,800,160.0
2025-04-27,6,Чай листовой,0.1,кг,500,50.0
2025-04-27,9,Куриное филе,2.3,кг,250,575.0
2025-04-27,9,Говядина,1.8,кг,500,900.0
2025-04-27,9,Рыба (филе),1.0,кг,600,600.0
2025-04-27,9,Креветки,0.5,кг,800,400.0
2025-04-27,9,Помидоры,2.4,кг,120,288.0
2025-04-27,9,Салат айсберг,0.9,кг,150,135.0
2025-04-27,9,Сыр твердый,1.1,кг,450,495.0
2025-04-27,9,Сыр пармезан,0.5,кг,800,400.0
2025-04-27,9,Сливки,1.8,л,200,360.0
2025-04-27,9,Макароны,1.9,кг,80,152.0
2025-04-27,9,Рис,1.3,кг,90,117.0
2025-04-27,9,Сахар,0.4,кг,60,24.0
2025-04-27,9,Кофе в зернах,0.2,кг,800,160.0
2025-04-28,2,Куриное филе,2.7,кг,250,675.0
2025-04-28,2,Говядина,1.5,кг,500,750.0
2025-04-28,2,Свинина,1.0,кг,400,400.0
2025-04-28,2,Рыба (филе),0.9,кг,600,540.0
2025-04-28,2,Креветки,0.5,кг,800,400.0
2025-04-28,2,Помидоры,2.0,кг,120,240.0
2025-04-28,2,Огурцы,1.3,кг,100,130.0
2025-04-28,2,Салат айсберг,0.9,кг,150,135.0
2025-04-28,2,Картофель,3.9,кг,40,156.0
2025-04-28,2,Сыр твердый,1.0,кг,450,450.0
2025-04-28,2,Сыр пармезан,0.5,кг,800,400.0
2025-04-28,2,Сливки,1.4,л,200,280.0
2025-04-28,2,Молоко,2.3,л,70,161.0
2025-04-28,2,Макароны,1.9,кг,80,152.0
2025-04-28,2,Кофе в зернах,0.2,кг,800,160.0
2025-04-28,2,Пиво,2.3,л,150,345.0
2025-04-28,7,Куриное филе,2.6,кг,250,650.0
2025-04-28,7,Говядина,1.6,кг,500,800.0
2025-04-28,7,Свинина,1.0,кг,400,400.0
2025-04-28,7,Рыба (филе),0.9,кг,600,540.0
2025-04-28,7,Креветки,0.5,кг,800,400.0
2025-04-28,7,Помидоры,1.6,кг,120,192.0
2025-04-28,7,Сыр твердый,1.0,кг,450,450.0
2025-04-28,7,Молоко,2.4,л,70,168.0
2025-04-28,7,Макароны,1.7,кг,80,136.0
2025-04-28,7,Мука,0.8,кг,50,40.0
2025-04-28,7,Кофе в зернах,0.2,кг,800,160.0
2025-04-28,7,Пиво,2.5,л,150,375.0
2025-04-28,10,Куриное филе,2.1,кг,250,525.0
2025-04-28,10,Рыба (филе),0.9,кг,600,540.0
2025-04-28,10,Креветки,0.5,кг,800,400.0
2025-04-28,10,Помидоры,1.9,кг,120,228.0
2025-04-28,10,Огурцы,1.8,кг,100,180.0
2025-04-28,10,Салат айсберг,1.1,кг,150,165.0
2025-04-28,10,Картофель,3.9,кг,40,156.0
2025-04-28,10,Сыр пармезан,0.4,кг,800,320.0
2025-04-28,10,Сливки,1.5,л,200,300.0
2025-04-28,10,Молоко,2.3,л,70,161.0
2025-04-28,10,Рис,1.7,кг,90,153.0
2025-04-28,10,Мука,0.9,кг,50,45.0
2025-04-28,10,Сахар,0.5,кг,60,30.0
2025-04-28,10,Пиво,2.4,л,150,360.0
2025-04-29,2,Говядина,1.7,кг,500,850.0
2025-04-29,2,Свинина,0.9,кг,400,360.0
2025-04-29,2,Рыба (филе),1.1,кг,600,660.0
2025-04-29,2,Креветки,0.6,кг,800,480.0
2025-04-29,2,Помидоры,1.6,кг,120,192.0
2025-04-29,2,Огурцы,1.4,кг,100,140.0
2025-04-29,2,Салат айсберг,1.0,кг,150,150.0
2025-04-29,2,Сыр твердый,1.1,кг,450,495.0
2025-04-29,2,Сливки,1.7,л,200,340.0
2025-04-29,2,Молоко,2.5,л,70,175.0
2025-04-29,2,Рис,1.4,кг,90,126.0
2025-04-29,2,Мука,0.9,кг,50,45.0
2025-04-29,2,Сахар,0.5,кг,60,30.0
2025-04-29,2,Соки,2.0,л,120,240.0
2025-04-29,2,Пиво,2.2,л,150,330.0
2025-04-29,3,Куриное филе,2.8,кг,250,700.0
2025-04-29,3,Свинина,1.0,кг,400,400.0
2025-04-29,3,Креветки,0.5,кг,800,400.0
2025-04-29,3,Помидоры,1.9,кг,120,228.0
2025-04-29,3,Салат айсберг,1.0,кг,150,150.0
2025-04-29,3,Картофель,3.5,кг,40,140.0
2025-04-29,3,Сыр твердый,0.9,кг,450,405.0
2025-04-29,3,Сыр пармезан,0.5,кг,800,400.0
2025-04-29,3,Сливки,1.5,л,200,300.0
2025-04-29,3,Молоко,2.7,л,70,189.0
2025-04-29,3,Макароны,2.2,кг,80,176.0
2025-04-29,3,Рис,1.6,кг,90,144.0
2025-04-29,3,Мука,1.1,кг,50,55.0
2025-04-29,3,Сахар,0.4,кг,60,24.0
2025-04-29,3,Чай листовой,0.1,кг,500,50.0
2025-04-29,3,Пиво,2.0,л,150,300.0
2025-04-29,4,Куриное филе,2.4,кг,250,600.0
2025-04-29,4,Говядина,1.3,кг,500,650.0
2025-04-29,4,Рыба (филе),1.1,кг,600,660.0
2025-04-29,4,Креветки,0.4,кг,800,320.0
2025-04-29,4,Салат айсберг,0.8,кг,150,120.0
2025-04-29,4,Картофель,4.1,кг,40,164.0
2025-04-29,4,Сыр твердый,0.9,кг,450,405.0
2025-04-29,4,Сливки,1.5,л,200,300.0
2025-04-29,4,Молоко,2.1,л,70,147.0
2025-04-29,4,Рис,1.6,кг,90,144.0
2025-04-29,4,Сахар,0.5,кг,60,30.0
2025-04-29,4,Кофе в зернах,0.3,кг,800,240.0
2025-04-29,4,Чай листовой,0.2,кг,500,100.0
2025-04-29,6,Говядина,1.7,кг,500,850.0
2025-04-29,6,Креветки,0.5,кг,800,400.0
2025-04-29,6,Огурцы,1.7,кг,100,170.0
2025-04-29,6,Салат айсберг,0.8,кг,150,120.0
2025-04-29,6,Картофель,4.1,кг,40,164.0
2025-04-29,6,Сыр твердый,0.8,кг,450,360.0
2025-04-29,6,Молоко,2.1,л,70,147.0
2025-04-29,6,Кофе в зернах,0.2,кг,800,160.0
2025-04-29,6,Соки,2.1,л,120,252.0
2025-04-30,2,Куриное филе,2.5,кг,250,625.0
2025-04-30,2,Говядина,1.5,кг,500,750.0
2025-04-30,2,Свинина,1.1,кг,400,440.0
2025-04-30,2,Креветки,0.4,кг,800,320.0
2025-04-30,2,Помидоры,1.8,кг,120,216.0
2025-04-30,2,Огурцы,1.7,кг,100,170.0
2025-04-30,2,Сыр твердый,1.0,кг,450,450.0
2025-04-30,2,Сыр пармезан,0.5,кг,800,400.0
2025-04-30,2,Мука,1.1,кг,50,55.0
2025-04-30,2,Соки,2.3,л,120,276.0
2025-04-30,2,Пиво,2.3,л,150,345.0
2025-04-30,3,Куриное филе,2.7,кг,250,675.0
2025-04-30,3,Говядина,1.5,кг,500,750.0
2025-04-30,3,Свинина,1.2,кг,400,480.0
2025-04-30,3,Рыба (филе),1.0,кг,600,600.0
2025-04-30,3,Креветки,0.5,кг,800,400.0
2025-04-30,3,Помидоры,2.3,кг,120,276.0
2025-04-30,3,Огурцы,1.6,кг,100,160.0
2025-04-30,3,Салат айсберг,0.9,кг,150,135.0
2025-04-30,3,Картофель,3.7,кг,40,148.0
2025-04-30,3,Сыр твердый,0.9,кг,450,405.0
2025-04-30,3,Сыр пармезан,0.5,кг,800,400.0
2025-04-30,3,Сливки,1.5,л,200,300.0
2025-04-30,3,Молоко,2.1,л,70,147.0
2025-04-30,3,Рис,1.5,кг,90,135.0
2025-04-30,3,Мука,1.2,кг,50,60.0
2025-04-30,3,Чай листовой,0.2,кг,500,100.0
2025-04-30,3,Соки,1.8,л,120,216.0
2025-04-30,3,Пиво,2.1,л,150,315.0
2025-04-30,4,Куриное филе,2.5,кг,250,625.0
2025-04-30,4,Свинина,1.1,кг,400,440.0
2025-04-30,4,Рыба (филе),1.1,кг,600,660.0
2025-04-30,4,Помидоры,2.0,кг,120,240.0
2025-04-30,4,Огурцы,1.6,кг,100,160.0
2025-04-30,4,Картофель,4.5,кг,40,180.0
2025-04-30,4,Сливки,1.5,л,200,300.0
2025-04-30,4,Молоко,2.3,л,70,161.0
2025-04-30,4,Рис,1.4,кг,90,126.0
2025-04-30,4,Мука,0.9,кг,50,45.0
2025-04-30,4,Кофе в зернах,0.3,кг,800,240.0
2025-04-30,4,Чай листовой,0.2,кг,500,100.0
2025-04-30,4,Соки,1.9,л,120,228.0
2025-04-30,5,Свинина,1.1,кг,400,440.0
2025-04-30,5,Рыба (филе),1.1,кг,600,660.0
2025-04-30,5,Креветки,0.4,кг,800,320.0
2025-04-30,5,Помидоры,2.1,кг,120,252.0
2025-04-30,5,Огурцы,1.3,кг,100,130.0
2025-04-30,5,Салат айсберг,1.2,кг,150,180.0
2025-04-30,5,Сыр твердый,0.9,кг,450,405.0
2025-04-30,5,Сыр пармезан,0.5,кг,800,400.0
2025-04-30,5,Сливки,1.7,л,200,340.0
2025-04-30,5,Макароны,2.3,кг,80,184.0
2025-04-30,5,Рис,1.5,кг,90,135.0
2025-04-30,5,Мука,1.1,кг,50,55.0
2025-04-30,5,Сахар,0.5,кг,60,30.0
2025-04-30,5,Соки,1.7,л,120,204.0
2025-04-30,5,Пиво,2.2,л,150,330.0
2025-04-30,6,Куриное филе,2.7,кг,250,675.0
2025-04-30,6,Говядина,1.5,кг,500,750.0
2025-04-30,6,Свинина,1.0,кг,400,400.0
2025-04-30,6,Рыба (филе),1.0,кг,600,600.0
2025-04-30,6,Креветки,0.5,кг,800,400.0
2025-04-30,6,Помидоры,2.1,кг,120,252.0
2025-04-30,6,Салат айсберг,0.8,кг,150,120.0
2025-04-30,6,Сыр твердый,1.1,кг,450,495.0
2025-04-30,6,Сыр пармезан,0.4,кг,800,320.0
2025-04-30,6,Сливки,1.7,л,200,340.0
2025-04-30,6,Молоко,2.8,л,70,196.0
2025-04-30,6,Макароны,1.9,кг,80,152.0
2025-04-30,6,Чай листовой,0.1,кг,500,50.0
2025-04-30,6,Соки,1.8,л,120,216.0
2025-04-30,6,Пиво,2.2,л,150,330.0
2025-04-30,7,Куриное филе,2.3,кг,250,575.0
2025-04-30,7,Говядина,1.8,кг,500,900.0
2025-04-30,7,Свинина,0.9,кг,400,360.0
2025-04-30,7,Рыба (филе),0.9,кг,600,540.0
2025-04-30,7,Огурцы,1.7,кг,100,170.0
2025-04-30,7,Картофель,4.4,кг,40,176.0
2025-04-30,7,Сыр твердый,1.1,кг,450,495.0
2025-04-30,7,Сыр пармезан,0.4,кг,800,320.0
2025-04-30,7,Молоко,2.1,л,70,147.0
2025-04-30,7,Макароны,2.0,кг,80,160.0
2025-04-30,7,Мука,1.1,кг,50,55.0
2025-04-30,7,Сахар,0.5,кг,60,30.0
2025-04-30,7,Кофе в зернах,0.3,кг,800,240.0
2025-04-30,7,Чай листовой,0.1,кг,500,50.0
2025-04-30,8,Говядина,1.4,кг,500,700.0
2025-04-30,8,Креветки,0.6,кг,800,480.0
2025-04-30,8,Помидоры,1.9,кг,120,228.0
2025-04-30,8,Огурцы,1.6,кг,100,160.0
2025-04-30,8,Салат айсберг,1.1,кг,150,165.0
2025-04-30,8,Картофель,4.5,кг,40,180.0
2025-04-30,8,Сыр твердый,1.1,кг,450,495.0
2025-04-30,8,Сыр пармезан,0.5,кг,800,400.0
2025-04-30,8,Сливки,1.7,л,200,340.0
2025-04-30,8,Молоко,2.2,л,70,154.0
2025-04-30,8,Макароны,2.5,кг,80,200.0
2025-04-30,8,Рис,1.4,кг,90,126.0
2025-04-30,8,Мука,1.2,кг,50,60.0
2025-04-30,8,Сахар,0.4,кг,60,24.0
2025-04-30,8,Кофе в зернах,0.2,кг,800,160.0
2025-04-30,8,Соки,2.0,л,120,240.0
2025-04-30,10,Куриное филе,2.1,кг,250,525.0
2025-04-30,10,Говядина,1.8,кг,500,900.0
2025-04-30,10,Рыба (филе),1.0,кг,600,600.0
2025-04-30,10,Помидоры,2.0,кг,120,240.0
2025-04-30,10,Огурцы,1.3,кг,100,130.0
2025-04-30,10,Салат айсберг,1.1,кг,150,165.0
2025-04-30,10,Картофель,3.7,кг,40,148.0
2025-04-30,10,Сыр твердый,0.8,кг,450,360.0
2025-04-30,10,Сыр пармезан,0.4,кг,800,320.0
2025-04-30,10,Сливки,1.8,л,200,360.0
2025-04-30,10,Молоко,2.4,л,70,168.0
2025-04-30,10,Макароны,2.2,кг,80,176.0
2025-04-30,10,Рис,1.6,кг,90,144.0
2025-04-30,10,Мука,0.9,кг,50,45.0
2025-04-30,10,Чай листовой,0.2,кг,500,100.0
2025-04-30,10,Соки,2.1,л,120,252.0
2025-05-01,5,Говядина,1.3,кг,500,650.0
2025-05-01,5,Рыба (филе),1.0,кг,600,600.0
2025-05-01,5,Креветки,0.6,кг,800,480.0
2025-05-01,5,Салат айсберг,0.9,кг,150,135.0
2025-05-01,5,Картофель,4.1,кг,40,164.0
2025-05-01,5,Сыр пармезан,0.4,кг,800,320.0
2025-05-01,5,Сливки,1.3,л,200,260.0
2025-05-01,5,Молоко,2.3,л,70,161.0
2025-05-01,5,Рис,1.5,кг,90,135.0
2025-05-01,5,Мука,0.9,кг,50,45.0
2025-05-01,5,Сахар,0.5,кг,60,30.0
2025-05-01,5,Кофе в зернах,0.3,кг,800,240.0
2025-05-01,5,Соки,2.2,л,120,264.0
2025-05-01,5,Пиво,2.4,л,150,360.0
2025-05-01,7,Говядина,1.5,кг,500,750.0
2025-05-01,7,Рыба (филе),1.1,кг,600,660.0
2025-05-01,7,Креветки,0.4,кг,800,320.0
2025-05-01,7,Огурцы,1.6,кг,100,160.0
2025-05-01,7,Салат айсберг,0.8,кг,150,120.0
2025-05-01,7,Картофель,3.9,кг,40,156.0
2025-05-01,7,Сыр пармезан,0.5,кг,800,400.0
2025-05-01,7,Сливки,1.7,л,200,340.0
2025-05-01,7,Молоко,2.8,л,70,196.0
2025-05-01,7,Сахар,0.5,кг,60,30.0
2025-05-01,7,Кофе в зернах,0.2,кг,800,160.0
2025-05-01,7,Чай листовой,0.1,кг,500,50.0
2025-05-01,7,Пиво,2.4,л,150,360.0
2025-05-02,1,Куриное филе,2.5,кг,250,625.0
2025-05-02,1,Говядина,1.2,кг,500,600.0
2025-05-02,1,Свинина,0.9,кг,400,360.0
2025-05-02,1,Огурцы,1.5,кг,100,150.0
2025-05-02,1,Салат айсберг,1.0,кг,150,150.0
2025-05-02,1,Картофель,4.7,кг,40,188.0
2025-05-02,1,Сыр пармезан,0.5,кг,800,400.0
2025-05-02,1,Сливки,1.4,л,200,280.0
2025-05-02,1,Молоко,2.5,л,70,175.0
2025-05-02,1,Макароны,1.9,кг,80,152.0
2025-05-02,1,Рис,1.5,кг,90,135.0
2025-05-02,1,Мука,0.8,кг,50,40.0
2025-05-02,1,Сахар,0.6,кг,60,36.0
2025-05-02,1,Чай листовой,0.1,кг,500,50.0
2025-05-02,1,Соки,2.3,л,120,276.0
2025-05-02,1,Пиво,2.2,л,150,330.0
2025-05-02,4,Куриное филе,3.0,кг,250,750.0
2025-05-02,4,Говядина,1.3,кг,500,650.0
2025-05-02,4,Креветки,0.6,кг,800,480.0
2025-05-02,4,Помидоры,1.8,кг,120,216.0
2025-05-02,4,Салат айсберг,0.9,кг,150,135.0
2025-05-02,4,Картофель,3.3,кг,40,132.0
2025-05-02,4,Сыр твердый,1.0,кг,450,450.0
2025-05-02,4,Сливки,1.6,л,200,320.0
2025-05-02,4,Молоко,2.6,л,70,182.0
2025-05-02,4,Макароны,2.5,кг,80,200.0
2025-05-02,4,Рис,1.5,кг,90,135.0
2025-05-02,4,Мука,0.9,кг,50,45.0
2025-05-02,4,Сахар,0.5,кг,60,30.0
2025-05-02,4,Кофе в зернах,0.2,кг,800,160.0
2025-05-02,4,Соки,2.5,л,120,300.0
2025-05-02,4,Пиво,2.5,л,150,375.0
2025-05-02,7,Куриное филе,2.7,кг,250,675.0
2025-05-02,7,Свинина,0.8,кг,400,320.0
2025-05-02,7,Креветки,0.4,кг,800,320.0
2025-05-02,7,Помидоры,2.1,кг,120,252.0
2025-05-02,7,Огурцы,1.2,кг,100,120.0
2025-05-02,7,Картофель,4.0,кг,40,160.0
2025-05-02,7,Сыр твердый,1.0,кг,450,450.0
2025-05-02,7,Сыр пармезан,0.5,кг,800,400.0
2025-05-02,7,Сливки,1.6,л,200,320.0
2025-05-02,7,Молоко,2.5,л,70,175.0
2025-05-02,7,Макароны,1.8,кг,80,144.0
2025-05-02,7,Рис,1.6,кг,90,144.0
2025-05-02,7,Чай листовой,0.2,кг,500,100.0
2025-05-02,7,Соки,2.3,л,120,276.0
2025-05-02,7,Пиво,2.8,л,150,420.0
2025-05-02,8,Куриное филе,2.5,кг,250,625.0
2025-05-02,8,Говядина,1.3,кг,500,650.0
2025-05-02,8,Рыба (филе),0.9,кг,600,540.0
2025-05-02,8,Помидоры,1.6,кг,120,192.0
2025-05-02,8,Огурцы,1.6,кг,100,160.0
2025-05-02,8,Салат айсберг,1.2,кг,150,180.0
2025-05-02,8,Картофель,4.1,кг,40,164.0
2025-05-02,8,Сыр твердый,1.0,кг,450,450.0
2025-05-02,8,Сыр пармезан,0.6,кг,800,480.0
2025-05-02,8,Молоко,2.6,л,70,182.0
2025-05-02,8,Макароны,1.9,кг,80,152.0
2025-05-02,8,Сахар,0.4,кг,60,24.0
2025-05-02,8,Кофе в зернах,0.2,кг,800,160.0
2025-05-02,8,Чай листовой,0.2,кг,500,100.0
2025-05-02,8,Пиво,2.2,л,150,330.0
2025-05-03,2,Куриное филе,2.5,кг,250,625.0
2025-05-03,2,Говядина,1.7,кг,500,850.0
2025-05-03,2,Рыба (филе),1.2,кг,600,720.0
2025-05-03,2,Креветки,0.5,кг,800,400.0
2025-05-03,2,Огурцы,1.7,кг,100,170.0
2025-05-03,2,Салат айсберг,1.0,кг,150,150.0
2025-05-03,2,Картофель,4.0,кг,40,160.0
2025-05-03,2,Сыр пармезан,0.4,кг,800,320.0
2025-05-03,2,Сливки,1.5,л,200,300.0
2025-05-03,2,Молоко,2.5,л,70,175.0
2025-05-03,2,Макароны,2.0,кг,80,160.0
2025-05-03,2,Рис,1.4,кг,90,126.0
2025-05-03,2,Мука,0.8,кг,50,40.0
2025-05-03,2,Кофе в зернах,0.2,кг,800,160.0
2025-05-03,2,Чай листовой,0.2,кг,500,100.0
2025-05-03,2,Соки,1.9,л,120,228.0
2025-05-03,3,Куриное филе,2.6,кг,250,650.0
2025-05-03,3,Говядина,1.5,кг,500,750.0
2025-05-03,3,Креветки,0.5,кг,800,400.0
2025-05-03,3,Помидоры,1.9,кг,120,228.0
2025-05-03,3,Огурцы,1.6,кг,100,160.0
2025-05-03,3,Салат айсберг,1.0,кг,150,150.0
2025-05-03,3,Картофель,3.2,кг,40,128.0
2025-05-03,3,Сыр твердый,1.1,кг,450,495.0
2025-05-03,3,Сыр пармезан,0.6,кг,800,480.0
2025-05-03,3,Сливки,1.7,л,200,340.0
2025-05-03,3,Молоко,2.4,л,70,168.0
2025-05-03,3,Мука,1.0,кг,50,50.0
2025-05-03,3,Сахар,0.5,кг,60,30.0
2025-05-03,3,Кофе в зернах,0.2,кг,800,160.0
2025-05-03,3,Чай листовой,0.2,кг,500,100.0
2025-05-03,3,Соки,1.9,л,120,228.0
2025-05-03,4,Рыба (филе),1.1,кг,600,660.0
2025-05-03,4,Креветки,0.5,кг,800,400.0
2025-05-03,4,Огурцы,1.6,кг,100,160.0
2025-05-03,4,Салат айсберг,1.1,кг,150,165.0
2025-05-03,4,Картофель,4.8,кг,40,192.0
2025-05-03,4,Сыр твердый,0.8,кг,450,360.0
2025-05-03,4,Сыр пармезан,0.5,кг,800,400.0
2025-05-03,4,Сливки,1.4,л,200,280.0
2025-05-03,4,Молоко,2.3,л,70,161.0
2025-05-03,4,Макароны,2.5,кг,80,200.0
2025-05-03,4,Сахар,0.4,кг,60,24.0
2025-05-03,4,Кофе в зернах,0.3,кг,800,240.0
2025-05-03,4,Чай листовой,0.2,кг,500,100.0
2025-05-03,4,Соки,1.7,л,120,204.0
2025-05-03,4,Пиво,2.2,л,150,330.0
2025-05-03,5,Куриное филе,3.1,кг,250,775.0
2025-05-03,5,Свинина,1.0,кг,400,400.0
2025-05-03,5,Рыба (филе),1.0,кг,600,600.0
2025-05-03,5,Креветки,0.4,кг,800,320.0
2025-05-03,5,Помидоры,1.7,кг,120,204.0
2025-05-03,5,Огурцы,1.4,кг,100,140.0
2025-05-03,5,Салат айсберг,0.8,кг,150,120.0
2025-05-03,5,Сыр твердый,1.2,кг,450,540.0
2025-05-03,5,Сыр пармезан,0.5,кг,800,400.0
2025-05-03,5,Сливки,1.7,л,200,340.0
2025-05-03,5,Молоко,2.8,л,70,196.0
2025-05-03,5,Рис,1.7,кг,90,153.0
2025-05-03,5,Мука,1.0,кг,50,50.0
2025-05-03,5,Соки,2.0,л,120,240.0
2025-05-03,5,Пиво,2.6,л,150,390.0
2025-05-03,7,Говядина,1.5,кг,500,750.0
2025-05-03,7,Креветки,0.5,кг,800,400.0
2025-05-03,7,Помидоры,2.5,кг,120,300.0
2025-05-03,7,Огурцы,1.4,кг,100,140.0
2025-05-03,7,Картофель,4.0,кг,40,160.0
2025-05-03,7,Сыр пармезан,0.6,кг,800,480.0
2025-05-03,7,Сливки,1.8,л,200,360.0
2025-05-03,7,Макароны,2.0,кг,80,160.0
2025-05-03,7,Мука,0.9,кг,50,45.0
2025-05-03,7,Сахар,0.4,кг,60,24.0
2025-05-03,7,Кофе в зернах,0.2,кг,800,160.0
2025-05-03,7,Пиво,2.0,л,150,300.0
2025-05-03,8,Куриное филе,3.0,кг,250,750.0
2025-05-03,8,Помидоры,2.0,кг,120,240.0
2025-05-03,8,Огурцы,1.5,кг,100,150.0
2025-05-03,8,Сыр твердый,0.9,кг,450,405.0
2025-05-03,8,Молоко,2.5,л,70,175.0
2025-05-03,8,Мука,0.9,кг,50,45.0
2025-05-03,8,Чай листовой,0.2,кг,500,100.0
2025-05-03,8,Соки,1.8,л,120,216.0
2025-05-03,8,Пиво,2.7,л,150,405.0
2025-05-04,1,Куриное филе,2.2,кг,250,550.0
2025-05-04,1,Говядина,1.4,кг,500,700.0
2025-05-04,1,Свинина,0.8,кг,400,320.0
2025-05-04,1,Креветки,0.5,кг,800,400.0
2025-05-04,1,Помидоры,2.2,кг,120,264.0
2025-05-04,1,Огурцы,1.3,кг,100,130.0
2025-05-04,1,Салат айсберг,1.0,кг,150,150.0
2025-05-04,1,Картофель,4.3,кг,40,172.0
2025-05-04,1,Сыр твердый,1.1,кг,450,495.0
2025-05-04,1,Сливки,1.6,л,200,320.0
2025-05-04,1,Молоко,2.2,л,70,154.0
2025-05-04,1,Макароны,1.9,кг,80,152.0
2025-05-04,1,Мука,1.2,кг,50,60.0
2025-05-04,1,Чай листовой,0.2,кг,500,100.0
2025-05-04,1,Соки,2.2,л,120,264.0
2025-05-04,1,Пиво,3.0,л,150,450.0
2025-05-04,2,Куриное филе,3.0,кг,250,750.0
2025-05-04,2,Говядина,1.5,кг,500,750.0
2025-05-04,2,Свинина,0.9,кг,400,360.0
2025-05-04,2,Рыба (филе),1.0,кг,600,600.0
2025-05-04,2,Креветки,0.5,кг,800,400.0
2025-05-04,2,Помидоры,2.2,кг,120,264.0
2025-05-04,2,Огурцы,1.6,кг,100,160.0
2025-05-04,2,Салат айсберг,1.0,кг,150,150.0
2025-05-04,2,Сыр твердый,0.9,кг,450,405.0
2025-05-04,2,Сыр пармезан,0.5,кг,800,400.0
2025-05-04,2,Сливки,1.3,л,200,260.0
2025-05-04,2,Макароны,2.0,кг,80,160.0
2025-05-04,2,Рис,1.6,кг,90,144.0
2025-05-04,2,Мука,1.0,кг,50,50.0
2025-05-04,2,Кофе в зернах,0.3,кг,800,240.0
2025-05-04,2,Чай листовой,0.2,кг,500,100.0
2025-05-04,2,Соки,2.4,л,120,288.0
2025-05-04,2,Пиво,2.7,л,150,405.0
2025-05-04,3,Куриное филе,2.4,кг,250,600.0
2025-05-04,3,Говядина,1.7,кг,500,850.0
2025-05-04,3,Рыба (филе),1.0,кг,600,600.0
2025-05-04,3,Помидоры,2.4,кг,120,288.0
2025-05-04,3,Огурцы,1.3,кг,100,130.0
2025-05-04,3,Салат айсберг,0.9,кг,150,135.0
2025-05-04,3,Картофель,3.9,кг,40,156.0
2025-05-04,3,Сыр твердый,1.1,кг,450,495.0
2025-05-04,3,Сыр пармезан,0.5,кг,800,400.0
2025-05-04,3,Сливки,1.6,л,200,320.0
2025-05-04,3,Рис,1.5,кг,90,135.0
2025-05-04,3,Мука,1.1,кг,50,55.0
2025-05-04,3,Сахар,0.4,кг,60,24.0
2025-05-04,3,Кофе в зернах,0.3,кг,800,240.0
2025-05-04,3,Чай листовой,0.2,кг,500,100.0
2025-05-04,3,Соки,2.2,л,120,264.0
2025-05-04,5,Куриное филе,2.8,кг,250,700.0
2025-05-04,5,Говядина,1.3,кг,500,650.0
2025-05-04,5,Свинина,0.9,кг,400,360.0
2025-05-04,5,Рыба (филе),0.9,кг,600,540.0
2025-05-04,5,Креветки,0.5,кг,800,400.0
2025-05-04,5,Огурцы,1.5,кг,100,150.0
2025-05-04,5,Салат айсберг,1.1,кг,150,165.0
2025-05-04,5,Сыр твердый,0.9,кг,450,405.0
2025-05-04,5,Сыр пармезан,0.6,кг,800,480.0
2025-05-04,5,Сливки,1.3,л,200,260.0
2025-05-04,5,Макароны,1.9,кг,80,152.0
2025-05-04,5,Рис,1.6,кг,90,144.0
2025-05-04,5,Мука,1.0,кг,50,50.0
2025-05-04,5,Чай листовой,0.1,кг,500,50.0
2025-05-04,5,Соки,2.2,л,120,264.0
2025-05-04,8,Куриное филе,2.5,кг,250,625.0
2025-05-04,8,Говядина,1.4,кг,500,700.0
2025-05-04,8,Свинина,1.1,кг,400,440.0
2025-05-04,8,Рыба (филе),1.0,кг,600,600.0
2025-05-04,8,Креветки,0.5,кг,800,400.0
2025-05-04,8,Огурцы,1.4,кг,100,140.0
2025-05-04,8,Картофель,4.5,кг,40,180.0
2025-05-04,8,Сыр твердый,0.9,кг,450,405.0
2025-05-04,8,Молоко,2.3,л,70,161.0
2025-05-04,8,Макароны,2.2,кг,80,176.0
2025-05-04,8,Мука,1.1,кг,50,55.0
2025-05-04,8,Кофе в зернах,0.3,кг,800,240.0
2025-05-04,8,Чай листовой,0.1,кг,500,50.0
2025-05-04,8,Соки,1.9,л,120,228.0
2025-05-04,8,Пиво,3.0,л,150,450.0
2025-05-04,9,Куриное филе,2.1,кг,250,525.0
2025-05-04,9,Рыба (филе),0.9,кг,600,540.0
2025-05-04,9,Креветки,0.6,кг,800,480.0
2025-05-04,9,Помидоры,1.9,кг,120,228.0
2025-05-04,9,Огурцы,1.7,кг,100,170.0
2025-05-04,9,Картофель,4.1,кг,40,164.0
2025-05-04,9,Сыр твердый,0.9,кг,450,405.0
2025-05-04,9,Сливки,1.5,л,200,300.0
2025-05-04,9,Молоко,2.4,л,70,168.0
2025-05-04,9,Макароны,1.9,кг,80,152.0
2025-05-04,9,Рис,1.8,кг,90,162.0
2025-05-04,9,Мука,0.8,кг,50,40.0
2025-05-04,9,Сахар,0.5,кг,60,30.0
2025-05-04,9,Чай листовой,0.1,кг,500,50.0
2025-05-04,9,Соки,1.9,л,120,228.0
2025-05-04,9,Пиво,2.4,л,150,360.0
2025-05-04,10,Куриное филе,2.0,кг,250,500.0
2025-05-04,10,Говядина,1.7,кг,500,850.0
2025-05-04,10,Помидоры,2.0,кг,120,240.0
2025-05-04,10,Огурцы,1.4,кг,100,140.0
2025-05-04,10,Салат айсберг,1.2,кг,150,180.0
2025-05-04,10,Картофель,4.2,кг,40,168.0
2025-05-04,10,Сыр пармезан,0.4,кг,800,320.0
2025-05-04,10,Молоко,2.7,л,70,189.0
2025-05-04,10,Рис,1.6,кг,90,144.0
2025-05-04,10,Мука,1.1,кг,50,55.0
2025-05-04,10,Сахар,0.4,кг,60,24.0
2025-05-04,10,Кофе в зернах,0.3,кг,800,240.0
2025-05-05,1,Куриное филе,2.4,кг,250,600.0
2025-05-05,1,Говядина,1.7,кг,500,850.0
2025-05-05,1,Свинина,0.9,кг,400,360.0
2025-05-05,1,Помидоры,2.1,кг,120,252.0
2025-05-05,1,Огурцы,1.5,кг,100,150.0
2025-05-05,1,Картофель,3.9,кг,40,156.0
2025-05-05,1,Сыр пармезан,0.5,кг,800,400.0
2025-05-05,1,Сливки,1.4,л,200,280.0
2025-05-05,1,Молоко,2.3,л,70,161.0
2025-05-05,1,Макароны,2.3,кг,80,184.0
2025-05-05,1,Рис,1.3,кг,90,117.0
2025-05-05,1,Мука,0.9,кг,50,45.0
2025-05-05,1,Кофе в зернах,0.2,кг,800,160.0
2025-05-05,1,Чай листовой,0.1,кг,500,50.0
2025-05-05,1,Соки,2.2,л,120,264.0
2025-05-05,1,Пиво,2.8,л,150,420.0
2025-05-05,3,Куриное филе,2.4,кг,250,600.0
2025-05-05,3,Свинина,1.1,кг,400,440.0
2025-05-05,3,Креветки,0.5,кг,800,400.0
2025-05-05,3,Салат айсберг,0.9,кг,150,135.0
2025-05-05,3,Картофель,4.4,кг,40,176.0
2025-05-05,3,Сыр твердый,1.1,кг,450,495.0
2025-05-05,3,Сливки,1.5,л,200,300.0
2025-05-05,3,Молоко,2.2,л,70,154.0
2025-05-05,3,Макароны,1.9,кг,80,152.0
2025-05-05,3,Рис,1.3,кг,90,117.0
2025-05-05,3,Мука,0.9,кг,50,45.0
2025-05-05,3,Чай листовой,0.2,кг,500,100.0
2025-05-05,3,Пиво,2.3,л,150,345.0
2025-05-05,8,Куриное филе,3.0,кг,250,750.0
2025-05-05,8,Говядина,1.3,кг,500,650.0
2025-05-05,8,Свинина,0.9,кг,400,360.0
2025-05-05,8,Рыба (филе),1.0,кг,600,600.0
2025-05-05,8,Креветки,0.5,кг,800,400.0
2025-05-05,8,Помидоры,2.3,кг,120,276.0
2025-05-05,8,Салат айсберг,0.9,кг,150,135.0
2025-05-05,8,Сыр пармезан,0.5,кг,800,400.0
2025-05-05,8,Молоко,2.5,л,70,175.0
2025-05-05,8,Макароны,2.4,кг,80,192.0
2025-05-05,8,Рис,1.7,кг,90,153.0
2025-05-05,8,Мука,1.0,кг,50,50.0
2025-05-05,8,Сахар,0.5,кг,60,30.0
2025-05-05,8,Кофе в зернах,0.3,кг,800,240.0
2025-05-05,8,Чай листовой,0.2,кг,500,100.0
2025-05-05,8,Соки,2.3,л,120,276.0
2025-05-05,9,Свинина,0.8,кг,400,320.0
2025-05-05,9,Рыба (филе),0.8,кг,600,480.0
2025-05-05,9,Креветки,0.5,кг,800,400.0
2025-05-05,9,Помидоры,1.9,кг,120,228.0
2025-05-05,9,Огурцы,1.2,кг,100,120.0
2025-05-05,9,Сыр пармезан,0.5,кг,800,400.0
2025-05-05,9,Сливки,1.5,л,200,300.0
2025-05-05,9,Молоко,2.6,л,70,182.0
2025-05-05,9,Макароны,1.6,кг,80,128.0
2025-05-05,9,Рис,1.4,кг,90,126.0
2025-05-05,9,Сахар,0.5,кг,60,30.0
2025-05-05,9,Кофе в зернах,0.2,кг,800,160.0
2025-05-05,9,Чай листовой,0.2,кг,500,100.0
2025-05-05,9,Соки,2.1,л,120,252.0
2025-05-05,9,Пиво,2.8,л,150,420.0
2025-05-05,10,Куриное филе,2.9,кг,250,725.0
2025-05-05,10,Говядина,1.4,кг,500,700.0
2025-05-05,10,Свинина,0.9,кг,400,360.0
2025-05-05,10,Рыба (филе),1.0,кг,600,600.0
2025-05-05,10,Креветки,0.6,кг,800,480.0
2025-05-05,10,Помидоры,1.9,кг,120,228.0
2025-05-05,10,Огурцы,1.5,кг,100,150.0
2025-05-05,10,Картофель,3.9,кг,40,156.0
2025-05-05,10,Сыр пармезан,0.5,кг,800,400.0
2025-05-05,10,Молоко,2.4,л,70,168.0
2025-05-05,10,Макароны,1.7,кг,80,136.0
2025-05-05,10,Рис,1.4,кг,90,126.0
2025-05-05,10,Мука,1.2,кг,50,60.0
2025-05-05,10,Сахар,0.6,кг,60,36.0
2025-05-05,10,Кофе в зернах,0.3,кг,800,240.0
2025-05-05,10,Чай листовой,0.2,кг,500,100.0
2025-05-05,10,Соки,2.1,л,120,252.0
2025-05-06,1,Куриное филе,2.6,кг,250,650.0
2025-05-06,1,Говядина,1.2,кг,500,600.0
2025-05-06,1,Креветки,0.5,кг,800,400.0
2025-05-06,1,Помидоры,1.8,кг,120,216.0
2025-05-06,1,Огурцы,1.3,кг,100,130.0
2025-05-06,1,Картофель,3.3,кг,40,132.0
2025-05-06,1,Сыр твердый,0.9,кг,450,405.0
2025-05-06,1,Молоко,2.4,л,70,168.0
2025-05-06,1,Рис,1.5,кг,90,135.0
2025-05-06,1,Кофе в зернах,0.2,кг,800,160.0
2025-05-06,1,Чай листовой,0.2,кг,500,100.0
2025-05-06,1,Пиво,3.1,л,150,465.0
2025-05-06,5,Говядина,1.3,кг,500,650.0
2025-05-06,5,Свинина,1.1,кг,400,440.0
2025-05-06,5,Рыба (филе),0.9,кг,600,540.0
2025-05-06,5,Помидоры,2.0,кг,120,240.0
2025-05-06,5,Огурцы,1.8,кг,100,180.0
2025-05-06,5,Салат айсберг,0.8,кг,150,120.0
2025-05-06,5,Сыр пармезан,0.5,кг,800,400.0
2025-05-06,5,Сливки,1.2,л,200,240.0
2025-05-06,5,Молоко,2.7,л,70,189.0
2025-05-06,5,Макароны,1.9,кг,80,152.0
2025-05-06,5,Мука,1.0,кг,50,50.0
2025-05-06,5,Сахар,0.5,кг,60,30.0
2025-05-06,5,Кофе в зернах,0.2,кг,800,160.0
2025-05-06,5,Чай листовой,0.2,кг,500,100.0
2025-05-06,5,Соки,2.3,л,120,276.0
2025-05-06,5,Пиво,2.7,л,150,405.0
2025-05-06,8,Куриное филе,3.1,кг,250,775.0
2025-05-06,8,Свинина,0.8,кг,400,320.0
2025-05-06,8,Рыба (филе),1.0,кг,600,600.0
2025-05-06,8,Креветки,0.4,кг,800,320.0
2025-05-06,8,Помидоры,2.0,кг,120,240.0
2025-05-06,8,Огурцы,1.3,кг,100,130.0
2025-05-06,8,Салат айсберг,1.0,кг,150,150.0
2025-05-06,8,Картофель,3.7,кг,40,148.0
2025-05-06,8,Сливки,1.4,л,200,280.0
2025-05-06,8,Молоко,2.3,л,70,161.0
2025-05-06,8,Макароны,2.1,кг,80,168.0
2025-05-06,8,Рис,1.4,кг,90,126.0
2025-05-06,8,Соки,2.1,л,120,252.0
2025-05-06,10,Куриное филе,3.0,кг,250,750.0
2025-05-06,10,Рыба (филе),1.0,кг,600,600.0
2025-05-06,10,Помидоры,1.9,кг,120,228.0
2025-05-06,10,Огурцы,1.3,кг,100,130.0
2025-05-06,10,Салат айсберг,1.1,кг,150,165.0
2025-05-06,10,Сыр пармезан,0.4,кг,800,320.0
2025-05-06,10,Сливки,1.5,л,200,300.0
2025-05-06,10,Молоко,2.3,л,70,161.0
2025-05-06,10,Мука,0.8,кг,50,40.0
2025-05-06,10,Сахар,0.5,кг,60,30.0
2025-05-06,10,Кофе в зернах,0.3,кг,800,240.0
2025-05-06,10,Соки,1.7,л,120,204.0
2025-05-06,10,Пиво,2.3,л,150,345.0
2025-05-07,1,Куриное филе,2.5,кг,250,625.0
2025-05-07,1,Говядина,1.7,кг,500,850.0
2025-05-07,1,Свинина,1.0,кг,400,400.0
2025-05-07,1,Креветки,0.5,кг,800,400.0
2025-05-07,1,Помидоры,2.2,кг,120,264.0
2025-05-07,1,Огурцы,1.9,кг,100,190.0
2025-05-07,1,Сыр пармезан,0.6,кг,800,480.0
2025-05-07,1,Сливки,1.3,л,200,260.0
2025-05-07,1,Молоко,2.2,л,70,154.0
2025-05-07,1,Рис,1.9,кг,90,171.0
2025-05-07,1,Мука,1.2,кг,50,60.0
2025-05-07,1,Сахар,0.6,кг,60,36.0
2025-05-07,1,Кофе в зернах,0.3,кг,800,240.0
2025-05-07,1,Чай листовой,0.1,кг,500,50.0
2025-05-07,1,Соки,1.6,л,120,192.0
2025-05-07,2,Куриное филе,3.0,кг,250,750.0
2025-05-07,2,Говядина,1.7,кг,500,850.0
2025-05-07,2,Креветки,0.5,кг,800,400.0
2025-05-07,2,Помидоры,2.0,кг,120,240.0
2025-05-07,2,Огурцы,1.3,кг,100,130.0
2025-05-07,2,Салат айсберг,0.8,кг,150,120.0
2025-05-07,2,Сыр пармезан,0.4,кг,800,320.0
2025-05-07,2,Сливки,1.3,л,200,260.0
2025-05-07,2,Молоко,3.2,л,70,224.0
2025-05-07,2,Макароны,1.9,кг,80,152.0
2025-05-07,2,Мука,1.0,кг,50,50.0
2025-05-07,2,Кофе в зернах,0.3,кг,800,240.0
2025-05-07,2,Чай листовой,0.1,кг,500,50.0
2025-05-07,2,Соки,2.2,л,120,264.0
2025-05-07,2,Пиво,2.7,л,150,405.0
2025-05-07,5,Куриное филе,2.7,кг,250,675.0
2025-05-07,5,Говядина,1.8,кг,500,900.0
2025-05-07,5,Свинина,0.8,кг,400,320.0
2025-05-07,5,Рыба (филе),0.9,кг,600,540.0
2025-05-07,5,Креветки,0.5,кг,800,400.0
2025-05-07,5,Помидоры,2.1,кг,120,252.0
2025-05-07,5,Огурцы,1.7,кг,100,170.0
2025-05-07,5,Салат айсберг,1.1,кг,150,165.0
2025-05-07,5,Сыр твердый,1.0,кг,450,450.0
2025-05-07,5,Сыр пармезан,0.5,кг,800,400.0
2025-05-07,5,Макароны,2.4,кг,80,192.0
2025-05-07,5,Мука,1.0,кг,50,50.0
2025-05-07,5,Чай листовой,0.1,кг,500,50.0
2025-05-07,5,Соки,2.0,л,120,240.0
2025-05-07,5,Пиво,2.3,л,150,345.0
2025-05-07,9,Куриное филе,2.8,кг,250,700.0
2025-05-07,9,Говядина,1.6,кг,500,800.0
2025-05-07,9,Рыба (филе),1.1,кг,600,660.0
2025-05-07,9,Креветки,0.6,кг,800,480.0
2025-05-07,9,Помидоры,1.8,кг,120,216.0
2025-05-07,9,Огурцы,1.6,кг,100,160.0
2025-05-07,9,Салат айсберг,0.8,кг,150,120.0
2025-05-07,9,Сыр твердый,1.3,кг,450,585.0
2025-05-07,9,Сыр пармезан,0.4,кг,800,320.0
2025-05-07,9,Сливки,1.6,л,200,320.0
2025-05-07,9,Молоко,2.2,л,70,154.0
2025-05-07,9,Макароны,1.9,кг,80,152.0
2025-05-07,9,Мука,1.0,кг,50,50.0
2025-05-07,9,Кофе в зернах,0.3,кг,800,240.0
2025-05-07,9,Чай листовой,0.1,кг,500,50.0
2025-05-07,9,Пиво,2.2,л,150,330.0
2025-05-08,1,Куриное филе,2.5,кг,250,625.0
2025-05-08,1,Рыба (филе),0.8,кг,600,480.0
2025-05-08,1,Креветки,0.4,кг,800,320.0
2025-05-08,1,Огурцы,1.8,кг,100,180.0
2025-05-08,1,Салат айсберг,1.0,кг,150,150.0
2025-05-08,1,Сыр твердый,1.0,кг,450,450.0
2025-05-08,1,Сыр пармезан,0.4,кг,800,320.0
2025-05-08,1,Сливки,1.6,л,200,320.0
2025-05-08,1,Молоко,2.5,л,70,175.0
2025-05-08,1,Макароны,1.8,кг,80,144.0
2025-05-08,1,Мука,0.9,кг,50,45.0
2025-05-08,1,Сахар,0.5,кг,60,30.0
2025-05-08,1,Кофе в зернах,0.2,кг,800,160.0
2025-05-08,1,Чай листовой,0.2,кг,500,100.0
2025-05-08,1,Соки,2.2,л,120,264.0
2025-05-08,1,Пиво,2.3,л,150,345.0
2025-05-08,6,Куриное филе,3.2,кг,250,800.0
2025-05-08,6,Говядина,1.9,кг,500,950.0
2025-05-08,6,Свинина,0.9,кг,400,360.0
2025-05-08,6,Рыба (филе),1.0,кг,600,600.0
2025-05-08,6,Креветки,0.5,кг,800,400.0
2025-05-08,6,Помидоры,1.8,кг,120,216.0
2025-05-08,6,Огурцы,1.6,кг,100,160.0
2025-05-08,6,Салат айсберг,0.9,кг,150,135.0
2025-05-08,6,Картофель,3.9,кг,40,156.0
2025-05-08,6,Сыр твердый,0.9,кг,450,405.0
2025-05-08,6,Сыр пармезан,0.5,кг,800,400.0
2025-05-08,6,Сливки,1.5,л,200,300.0
2025-05-08,6,Рис,1.3,кг,90,117.0
2025-05-08,6,Мука,0.9,кг,50,45.0
2025-05-08,6,Кофе в зернах,0.3,кг,800,240.0
2025-05-08,6,Чай листовой,0.1,кг,500,50.0
2025-05-08,10,Куриное филе,2.7,кг,250,675.0
2025-05-08,10,Свинина,1.1,кг,400,440.0
2025-05-08,10,Рыба (филе),0.8,кг,600,480.0
2025-05-08,10,Креветки,0.5,кг,800,400.0
2025-05-08,10,Помидоры,1.9,кг,120,228.0
2025-05-08,10,Салат айсберг,1.0,кг,150,150.0
2025-05-08,10,Картофель,3.9,кг,40,156.0
2025-05-08,10,Сыр пармезан,0.5,кг,800,400.0
2025-05-08,10,Сливки,1.6,л,200,320.0
2025-05-08,10,Молоко,2.3,л,70,161.0
2025-05-08,10,Макароны,1.9,кг,80,152.0
2025-05-08,10,Мука,1.0,кг,50,50.0
2025-05-08,10,Сахар,0.5,кг,60,30.0
2025-05-08,10,Кофе в зернах,0.3,кг,800,240.0
2025-05-08,10,Соки,1.8,л,120,216.0
2025-05-08,10,Пиво,2.7,л,150,405.0
2025-05-09,2,Креветки,0.5,кг,800,400.0
2025-05-09,2,Помидоры,1.7,кг,120,204.0
2025-05-09,2,Огурцы,1.5,кг,100,150.0
2025-05-09,2,Картофель,3.9,кг,40,156.0
2025-05-09,2,Сыр твердый,1.2,кг,450,540.0
2025-05-09,2,Сыр пармезан,0.5,кг,800,400.0
2025-05-09,2,Сливки,1.6,л,200,320.0
2025-05-09,2,Молоко,2.4,л,70,168.0
2025-05-09,2,Макароны,2.2,кг,80,176.0
2025-05-09,2,Рис,1.3,кг,90,117.0
2025-05-09,2,Мука,1.0,кг,50,50.0
2025-05-09,2,Сахар,0.5,кг,60,30.0
2025-05-09,2,Кофе в зернах,0.2,кг,800,160.0
2025-05-09,2,Соки,2.1,л,120,252.0
2025-05-09,5,Куриное филе,2.9,кг,250,725.0
2025-05-09,5,Говядина,1.5,кг,500,750.0
2025-05-09,5,Рыба (филе),0.9,кг,600,540.0
2025-05-09,5,Креветки,0.5,кг,800,400.0
2025-05-09,5,Помидоры,1.7,кг,120,204.0
2025-05-09,5,Салат айсберг,0.9,кг,150,135.0
2025-05-09,5,Картофель,3.7,кг,40,148.0
2025-05-09,5,Сыр твердый,0.9,кг,450,405.0
2025-05-09,5,Сливки,1.4,л,200,280.0
2025-05-09,5,Молоко,2.4,л,70,168.0
2025-05-09,5,Мука,1.1,кг,50,55.0
2025-05-09,5,Сахар,0.5,кг,60,30.0
2025-05-09,5,Кофе в зернах,0.2,кг,800,160.0
2025-05-09,5,Чай листовой,0.1,кг,500,50.0
2025-05-09,5,Соки,2.0,л,120,240.0
2025-05-09,5,Пиво,2.6,л,150,390.0
2025-05-09,10,Свинина,0.9,кг,400,360.0
2025-05-09,10,Креветки,0.5,кг,800,400.0
2025-05-09,10,Помидоры,2.3,кг,120,276.0
2025-05-09,10,Огурцы,1.7,кг,100,170.0
2025-05-09,10,Сыр твердый,1.0,кг,450,450.0
2025-05-09,10,Сливки,1.3,л,200,260.0
2025-05-09,10,Рис,1.5,кг,90,135.0
2025-05-09,10,Сахар,0.4,кг,60,24.0
2025-05-09,10,Кофе в зернах,0.2,кг,800,160.0
2025-05-09,10,Чай листовой,0.2,кг,500,100.0
2025-05-09,10,Пиво,2.7,л,150,405.0
2025-05-10,2,Куриное филе,2.5,кг,250,625.0
2025-05-10,2,Говядина,1.7,кг,500,850.0
2025-05-10,2,Свинина,1.1,кг,400,440.0
2025-05-10,2,Креветки,0.6,кг,800,480.0
2025-05-10,2,Помидоры,1.7,кг,120,204.0
2025-05-10,2,Салат айсберг,1.0,кг,150,150.0
2025-05-10,2,Сыр твердый,0.9,кг,450,405.0
2025-05-10,2,Сливки,1.2,л,200,240.0
2025-05-10,2,Молоко,2.4,л,70,168.0
2025-05-10,2,Рис,1.6,кг,90,144.0
2025-05-10,2,Кофе в зернах,0.2,кг,800,160.0
2025-05-10,2,Соки,1.8,л,120,216.0
2025-05-10,2,Пиво,2.3,л,150,345.0
2025-05-10,3,Куриное филе,2.6,кг,250,650.0
2025-05-10,3,Говядина,1.6,кг,500,800.0
2025-05-10,3,Свинина,0.8,кг,400,320.0
2025-05-10,3,Креветки,0.6,кг,800,480.0
2025-05-10,3,Помидоры,1.8,кг,120,216.0
2025-05-10,3,Огурцы,1.3,кг,100,130.0
2025-05-10,3,Картофель,4.0,кг,40,160.0
2025-05-10,3,Сыр твердый,1.1,кг,450,495.0
2025-05-10,3,Сливки,1.3,л,200,260.0
2025-05-10,3,Рис,1.5,кг,90,135.0
2025-05-10,3,Мука,1.0,кг,50,50.0
2025-05-10,3,Кофе в зернах,0.2,кг,800,160.0
2025-05-10,3,Чай листовой,0.2,кг,500,100.0
2025-05-10,3,Соки,2.3,л,120,276.0
2025-05-10,3,Пиво,3.0,л,150,450.0
2025-05-11,1,Куриное филе,2.3,кг,250,575.0
2025-05-11,1,Говядина,1.2,кг,500,600.0
2025-05-11,1,Свинина,1.0,кг,400,400.0
2025-05-11,1,Рыба (филе),1.0,кг,600,600.0
2025-05-11,1,Креветки,0.5,кг,800,400.0
2025-05-11,1,Помидоры,2.1,кг,120,252.0
2025-05-11,1,Огурцы,1.7,кг,100,170.0
2025-05-11,1,Салат айсберг,0.9,кг,150,135.0
2025-05-11,1,Сыр пармезан,0.4,кг,800,320.0
2025-05-11,1,Макароны,1.7,кг,80,136.0
2025-05-11,1,Рис,1.4,кг,90,126.0
2025-05-11,1,Сахар,0.5,кг,60,30.0
2025-05-11,1,Кофе в зернах,0.2,кг,800,160.0
2025-05-11,1,Соки,2.2,л,120,264.0
2025-05-11,3,Куриное филе,2.4,кг,250,600.0
2025-05-11,3,Свинина,1.0,кг,400,400.0
2025-05-11,3,Рыба (филе),1.0,кг,600,600.0
2025-05-11,3,Помидоры,2.2,кг,120,264.0
2025-05-11,3,Огурцы,1.7,кг,100,170.0
2025-05-11,3,Салат айсберг,1.0,кг,150,150.0
2025-05-11,3,Сыр твердый,0.9,кг,450,405.0
2025-05-11,3,Сыр пармезан,0.4,кг,800,320.0
2025-05-11,3,Молоко,2.4,л,70,168.0
2025-05-11,3,Макароны,2.2,кг,80,176.0
2025-05-11,3,Рис,1.4,кг,90,126.0
2025-05-11,3,Мука,0.9,кг,50,45.0
2025-05-11,3,Сахар,0.6,кг,60,36.0
2025-05-11,3,Кофе в зернах,0.2,кг,800,160.0
2025-05-11,3,Чай листовой,0.2,кг,500,100.0
2025-05-11,3,Пиво,2.5,л,150,375.0
2025-05-11,5,Куриное филе,2.4,кг,250,600.0
2025-05-11,5,Говядина,1.6,кг,500,800.0
2025-05-11,5,Рыба (филе),1.2,кг,600,720.0
2025-05-11,5,Креветки,0.6,кг,800,480.0
2025-05-11,5,Помидоры,1.7,кг,120,204.0
2025-05-11,5,Огурцы,1.7,кг,100,170.0
2025-05-11,5,Картофель,3.8,кг,40,152.0
2025-05-11,5,Сыр твердый,0.9,кг,450,405.0
2025-05-11,5,Сыр пармезан,0.5,кг,800,400.0
2025-05-11,5,Молоко,2.3,л,70,161.0
2025-05-11,5,Мука,1.1,кг,50,55.0
2025-05-11,5,Сахар,0.5,кг,60,30.0
2025-05-11,5,Чай листовой,0.2,кг,500,100.0
2025-05-11,5,Соки,2.1,л,120,252.0
2025-05-11,5,Пиво,2.1,л,150,315.0
2025-05-12,3,Куриное филе,2.4,кг,250,600.0
2025-05-12,3,Говядина,1.4,кг,500,700.0
2025-05-12,3,Свинина,1.0,кг,400,400.0
2025-05-12,3,Рыба (филе),1.0,кг,600,600.0
2025-05-12,3,Креветки,0.5,кг,800,400.0
2025-05-12,3,Помидоры,2.1,кг,120,252.0
2025-05-12,3,Картофель,4.1,кг,40,164.0
2025-05-12,3,Сыр твердый,1.0,кг,450,450.0
2025-05-12,3,Макароны,2.3,кг,80,184.0
2025-05-12,3,Мука,1.1,кг,50,55.0
2025-05-12,3,Сахар,0.6,кг,60,36.0
2025-05-12,3,Кофе в зернах,0.3,кг,800,240.0
2025-05-12,3,Чай листовой,0.1,кг,500,50.0
2025-05-12,3,Соки,1.9,л,120,228.0
2025-05-12,3,Пиво,2.2,л,150,330.0
2025-05-12,6,Куриное филе,2.7,кг,250,675.0
2025-05-12,6,Говядина,1.4,кг,500,700.0
2025-05-12,6,Рыба (филе),0.8,кг,600,480.0
2025-05-12,6,Креветки,0.4,кг,800,320.0
2025-05-12,6,Помидоры,1.9,кг,120,228.0
2025-05-12,6,Огурцы,1.5,кг,100,150.0
2025-05-12,6,Салат айсберг,1.1,кг,150,165.0
2025-05-12,6,Сыр пармезан,0.6,кг,800,480.0
2025-05-12,6,Сливки,1.5,л,200,300.0
2025-05-12,6,Макароны,1.9,кг,80,152.0
2025-05-12,6,Рис,1.4,кг,90,126.0
2025-05-12,6,Сахар,0.5,кг,60,30.0
2025-05-12,6,Кофе в зернах,0.3,кг,800,240.0
2025-05-12,6,Соки,2.0,л,120,240.0
2025-05-12,6,Пиво,2.3,л,150,345.0
2025-05-12,8,Куриное филе,2.9,кг,250,725.0
2025-05-12,8,Свинина,1.0,кг,400,400.0
2025-05-12,8,Огурцы,1.7,кг,100,170.0
2025-05-12,8,Картофель,4.6,кг,40,184.0
2025-05-12,8,Сыр твердый,1.2,кг,450,540.0
2025-05-12,8,Сыр пармезан,0.5,кг,800,400.0
2025-05-12,8,Сливки,1.7,л,200,340.0
2025-05-12,8,Макароны,2.5,кг,80,200.0
2025-05-12,8,Рис,1.4,кг,90,126.0
2025-05-12,8,Мука,0.8,кг,50,40.0
2025-05-12,8,Сахар,0.5,кг,60,30.0
2025-05-12,8,Пиво,2.8,л,150,420.0
2025-05-12,9,Говядина,1.8,кг,500,900.0
2025-05-12,9,Свинина,1.1,кг,400,440.0
2025-05-12,9,Рыба (филе),1.0,кг,600,600.0
2025-05-12,9,Креветки,0.5,кг,800,400.0
2025-05-12,9,Помидоры,2.1,кг,120,252.0
2025-05-12,9,Огурцы,1.7,кг,100,170.0
2025-05-12,9,Салат айсберг,1.1,кг,150,165.0
2025-05-12,9,Картофель,4.1,кг,40,164.0
2025-05-12,9,Сыр пармезан,0.5,кг,800,400.0
2025-05-12,9,Сливки,1.8,л,200,360.0
2025-05-12,9,Молоко,2.9,л,70,203.0
2025-05-12,9,Рис,1.5,кг,90,135.0
2025-05-12,9,Соки,2.0,л,120,240.0
2025-05-12,9,Пиво,1.9,л,150,285.0
2025-05-13,8,Куриное филе,2.5,кг,250,625.0
2025-05-13,8,Говядина,1.7,кг,500,850.0
2025-05-13,8,Рыба (филе),1.1,кг,600,660.0
2025-05-13,8,Креветки,0.5,кг,800,400.0
2025-05-13,8,Помидоры,1.8,кг,120,216.0
2025-05-13,8,Огурцы,1.3,кг,100,130.0
2025-05-13,8,Картофель,4.8,кг,40,192.0
2025-05-13,8,Сыр твердый,1.1,кг,450,495.0
2025-05-13,8,Сыр пармезан,0.5,кг,800,400.0
2025-05-13,8,Молоко,2.8,л,70,196.0
2025-05-13,8,Макароны,1.6,кг,80,128.0
2025-05-13,8,Рис,1.4,кг,90,126.0
2025-05-13,8,Мука,0.8,кг,50,40.0
2025-05-13,8,Кофе в зернах,0.3,кг,800,240.0
2025-05-13,8,Чай листовой,0.2,кг,500,100.0
2025-05-13,8,Соки,2.2,л,120,264.0
2025-05-14,5,Куриное филе,2.5,кг,250,625.0
2025-05-14,5,Говядина,1.5,кг,500,750.0
2025-05-14,5,Свинина,0.9,кг,400,360.0
2025-05-14,5,Рыба (филе),1.2,кг,600,720.0
2025-05-14,5,Креветки,0.4,кг,800,320.0
2025-05-14,5,Огурцы,1.6,кг,100,160.0
2025-05-14,5,Салат айсберг,1.1,кг,150,165.0
2025-05-14,5,Картофель,3.3,кг,40,132.0
2025-05-14,5,Сыр твердый,0.9,кг,450,405.0
2025-05-14,5,Сливки,1.5,л,200,300.0
2025-05-14,5,Молоко,3.0,л,70,210.0
2025-05-14,5,Мука,0.9,кг,50,45.0
2025-05-14,5,Сахар,0.5,кг,60,30.0
2025-05-14,5,Кофе в зернах,0.2,кг,800,160.0
2025-05-14,6,Говядина,1.8,кг,500,900.0
2025-05-14,6,Рыба (филе),1.1,кг,600,660.0
2025-05-14,6,Креветки,0.5,кг,800,400.0
2025-05-14,6,Помидоры,2.0,кг,120,240.0
2025-05-14,6,Огурцы,1.5,кг,100,150.0
2025-05-14,6,Салат айсберг,0.9,кг,150,135.0
2025-05-14,6,Сыр твердый,0.9,кг,450,405.0
2025-05-14,6,Сыр пармезан,0.6,кг,800,480.0
2025-05-14,6,Сливки,1.7,л,200,340.0
2025-05-14,6,Молоко,2.6,л,70,182.0
2025-05-14,6,Кофе в зернах,0.3,кг,800,240.0
2025-05-14,6,Чай листовой,0.1,кг,500,50.0
2025-05-14,9,Говядина,1.2,кг,500,600.0
2025-05-14,9,Свинина,1.0,кг,400,400.0
2025-05-14,9,Креветки,0.5,кг,800,400.0
2025-05-14,9,Салат айсберг,0.8,кг,150,120.0
2025-05-14,9,Картофель,3.9,кг,40,156.0
2025-05-14,9,Сыр твердый,1.2,кг,450,540.0
2025-05-14,9,Сыр пармезан,0.5,кг,800,400.0
2025-05-14,9,Молоко,2.4,л,70,168.0
2025-05-14,9,Макароны,1.8,кг,80,144.0
2025-05-14,9,Мука,1.2,кг,50,60.0
2025-05-14,9,Сахар,0.5,кг,60,30.0
2025-05-14,9,Соки,2.0,л,120,240.0
2025-05-14,10,Говядина,1.6,кг,500,800.0
2025-05-14,10,Креветки,0.5,кг,800,400.0
2025-05-14,10,Помидоры,2.4,кг,120,288.0
2025-05-14,10,Огурцы,1.8,кг,100,180.0
2025-05-14,10,Картофель,4.2,кг,40,168.0
2025-05-14,10,Сливки,1.3,л,200,260.0
2025-05-14,10,Молоко,2.9,л,70,203.0
2025-05-14,10,Макароны,2.4,кг,80,192.0
2025-05-14,10,Рис,1.5,кг,90,135.0
2025-05-14,10,Сахар,0.4,кг,60,24.0
2025-05-14,10,Кофе в зернах,0.2,кг,800,160.0
2025-05-14,10,Чай листовой,0.1,кг,500,50.0
2025-05-14,10,Соки,1.9,л,120,228.0
2025-05-15,4,Куриное филе,2.3,кг,250,575.0
2025-05-15,4,Свинина,1.0,кг,400,400.0
2025-05-15,4,Рыба (филе),1.2,кг,600,720.0
2025-05-15,4,Креветки,0.5,кг,800,400.0
2025-05-15,4,Помидоры,2.1,кг,120,252.0
2025-05-15,4,Огурцы,1.5,кг,100,150.0
2025-05-15,4,Сыр пармезан,0.4,кг,800,320.0
2025-05-15,4,Сливки,1.5,л,200,300.0
2025-05-15,4,Молоко,2.8,л,70,196.0
2025-05-15,4,Макароны,1.7,кг,80,136.0
2025-05-15,4,Рис,1.3,кг,90,117.0
2025-05-15,4,Сахар,0.5,кг,60,30.0
2025-05-15,4,Кофе в зернах,0.2,кг,800,160.0
2025-05-15,4,Чай листовой,0.2,кг,500,100.0
2025-05-15,4,Соки,1.8,л,120,216.0
2025-05-15,5,Куриное филе,2.3,кг,250,575.0
2025-05-15,5,Говядина,1.7,кг,500,850.0
2025-05-15,5,Свинина,1.0,кг,400,400.0
2025-05-15,5,Креветки,0.6,кг,800,480.0
2025-05-15,5,Помидоры,2.0,кг,120,240.0
2025-05-15,5,Огурцы,1.6,кг,100,160.0
2025-05-15,5,Салат айсберг,0.9,кг,150,135.0
2025-05-15,5,Картофель,3.3,кг,40,132.0
2025-05-15,5,Сыр твердый,1.1,кг,450,495.0
2025-05-15,5,Сыр пармезан,0.6,кг,800,480.0
2025-05-15,5,Сливки,1.9,л,200,380.0
2025-05-15,5,Молоко,2.9,л,70,203.0
2025-05-15,5,Макароны,1.9,кг,80,152.0
2025-05-15,5,Мука,1.0,кг,50,50.0
2025-05-15,5,Кофе в зернах,0.3,кг,800,240.0
2025-05-15,5,Чай листовой,0.2,кг,500,100.0
2025-05-15,6,Куриное филе,2.6,кг,250,650.0
2025-05-15,6,Говядина,1.7,кг,500,850.0
2025-05-15,6,Свинина,1.0,кг,400,400.0
2025-05-15,6,Помидоры,2.0,кг,120,240.0
2025-05-15,6,Картофель,4.1,кг,40,164.0
2025-05-15,6,Сыр твердый,0.9,кг,450,405.0
2025-05-15,6,Сыр пармезан,0.5,кг,800,400.0
2025-05-15,6,Молоко,2.1,л,70,147.0
2025-05-15,6,Макароны,1.9,кг,80,152.0
2025-05-15,6,Рис,1.3,кг,90,117.0
2025-05-15,6,Мука,0.9,кг,50,45.0
2025-05-15,6,Чай листовой,0.1,кг,500,50.0
2025-05-15,6,Соки,2.1,л,120,252.0
2025-05-16,3,Куриное филе,2.8,кг,250,700.0
2025-05-16,3,Говядина,1.5,кг,500,750.0
2025-05-16,3,Свинина,0.8,кг,400,320.0
2025-05-16,3,Рыба (филе),1.0,кг,600,600.0
2025-05-16,3,Креветки,0.6,кг,800,480.0
2025-05-16,3,Помидоры,2.2,кг,120,264.0
2025-05-16,3,Огурцы,1.7,кг,100,170.0
2025-05-16,3,Салат айсберг,0.8,кг,150,120.0
2025-05-16,3,Картофель,3.5,кг,40,140.0
2025-05-16,3,Сыр твердый,1.1,кг,450,495.0
2025-05-16,3,Сыр пармезан,0.6,кг,800,480.0
2025-05-16,3,Сливки,1.2,л,200,240.0
2025-05-16,3,Молоко,2.6,л,70,182.0
2025-05-16,3,Макароны,1.6,кг,80,128.0
2025-05-16,3,Рис,1.6,кг,90,144.0
2025-05-16,3,Мука,0.9,кг,50,45.0
2025-05-16,3,Соки,2.1,л,120,252.0
2025-05-16,3,Пиво,2.5,л,150,375.0
2025-05-16,5,Говядина,1.3,кг,500,650.0
2025-05-16,5,Свинина,1.1,кг,400,440.0
2025-05-16,5,Креветки,0.5,кг,800,400.0
2025-05-16,5,Огурцы,1.7,кг,100,170.0
2025-05-16,5,Картофель,4.1,кг,40,164.0
2025-05-16,5,Сыр пармезан,0.6,кг,800,480.0
2025-05-16,5,Сливки,1.7,л,200,340.0
2025-05-16,5,Рис,1.4,кг,90,126.0
2025-05-16,5,Мука,0.9,кг,50,45.0
2025-05-16,5,Сахар,0.5,кг,60,30.0
2025-05-16,5,Соки,1.8,л,120,216.0
2025-05-16,6,Куриное филе,2.7,кг,250,675.0
2025-05-16,6,Свинина,1.0,кг,400,400.0
2025-05-16,6,Рыба (филе),1.1,кг,600,660.0
2025-05-16,6,Креветки,0.5,кг,800,400.0
2025-05-16,6,Помидоры,1.7,кг,120,204.0
2025-05-16,6,Огурцы,1.5,кг,100,150.0
2025-05-16,6,Салат айсберг,1.1,кг,150,165.0
2025-05-16,6,Сыр твердый,0.9,кг,450,405.0
2025-05-16,6,Сыр пармезан,0.5,кг,800,400.0
2025-05-16,6,Мука,0.9,кг,50,45.0
2025-05-16,6,Сахар,0.5,кг,60,30.0
2025-05-16,6,Чай листовой,0.1,кг,500,50.0
2025-05-16,7,Куриное филе,2.2,кг,250,550.0
2025-05-16,7,Говядина,1.6,кг,500,800.0
2025-05-16,7,Свинина,0.8,кг,400,320.0
2025-05-16,7,Рыба (филе),0.9,кг,600,540.0
2025-05-16,7,Креветки,0.6,кг,800,480.0
2025-05-16,7,Помидоры,2.0,кг,120,240.0
2025-05-16,7,Огурцы,1.7,кг,100,170.0
2025-05-16,7,Картофель,4.7,кг,40,188.0
2025-05-16,7,Сыр твердый,0.9,кг,450,405.0
2025-05-16,7,Сыр пармезан,0.5,кг,800,400.0
2025-05-16,7,Сливки,1.4,л,200,280.0
2025-05-16,7,Мука,0.9,кг,50,45.0
2025-05-16,7,Сахар,0.6,кг,60,36.0
2025-05-16,7,Кофе в зернах,0.2,кг,800,160.0
2025-05-16,7,Соки,2.1,л,120,252.0
2025-05-16,7,Пиво,2.9,л,150,435.0
2025-05-16,8,Куриное филе,2.6,кг,250,650.0
2025-05-16,8,Рыба (филе),1.1,кг,600,660.0
2025-05-16,8,Креветки,0.5,кг,800,400.0
2025-05-16,8,Помидоры,2.3,кг,120,276.0
2025-05-16,8,Огурцы,1.5,кг,100,150.0
2025-05-16,8,Картофель,4.2,кг,40,168.0
2025-05-16,8,Сыр пармезан,0.5,кг,800,400.0
2025-05-16,8,Сливки,1.3,л,200,260.0
2025-05-16,8,Макароны,1.9,кг,80,152.0
2025-05-16,8,Рис,1.6,кг,90,144.0
2025-05-16,8,Мука,1.1,кг,50,55.0
2025-05-16,8,Сахар,0.6,кг,60,36.0
2025-05-16,8,Кофе в зернах,0.2,кг,800,160.0
2025-05-16,8,Соки,2.3,л,120,276.0
2025-05-16,8,Пиво,3.1,л,150,465.0
2025-05-17,1,Говядина,1.7,кг,500,850.0
2025-05-17,1,Рыба (филе),1.1,кг,600,660.0
2025-05-17,1,Креветки,0.6,кг,800,480.0
2025-05-17,1,Помидоры,2.2,кг,120,264.0
2025-05-17,1,Огурцы,1.5,кг,100,150.0
2025-05-17,1,Сыр твердый,0.9,кг,450,405.0
2025-05-17,1,Сыр пармезан,0.5,кг,800,400.0
2025-05-17,1,Сливки,1.6,л,200,320.0
2025-05-17,1,Молоко,2.3,л,70,161.0
2025-05-17,1,Рис,1.8,кг,90,162.0
2025-05-17,1,Сахар,0.4,кг,60,24.0
2025-05-17,1,Кофе в зернах,0.3,кг,800,240.0
2025-05-17,1,Чай листовой,0.1,кг,500,50.0
2025-05-17,1,Соки,1.8,л,120,216.0
2025-05-17,1,Пиво,2.2,л,150,330.0
2025-05-17,2,Говядина,1.5,кг,500,750.0
2025-05-17,2,Рыба (филе),0.8,кг,600,480.0
2025-05-17,2,Креветки,0.6,кг,800,480.0
2025-05-17,2,Огурцы,1.5,кг,100,150.0
2025-05-17,2,Салат айсберг,0.9,кг,150,135.0
2025-05-17,2,Картофель,3.3,кг,40,132.0
2025-05-17,2,Сыр твердый,0.8,кг,450,360.0
2025-05-17,2,Сыр пармезан,0.6,кг,800,480.0
2025-05-17,2,Сливки,1.3,л,200,260.0
2025-05-17,2,Молоко,2.5,л,70,175.0
2025-05-17,2,Сахар,0.5,кг,60,30.0
2025-05-17,2,Кофе в зернах,0.3,кг,800,240.0
2025-05-17,2,Соки,2.5,л,120,300.0
2025-05-17,4,Куриное филе,2.5,кг,250,625.0
2025-05-17,4,Говядина,1.5,кг,500,750.0
2025-05-17,4,Рыба (филе),1.0,кг,600,600.0
2025-05-17,4,Креветки,0.5,кг,800,400.0
2025-05-17,4,Огурцы,1.7,кг,100,170.0
2025-05-17,4,Салат айсберг,1.1,кг,150,165.0
2025-05-17,4,Картофель,4.4,кг,40,176.0
2025-05-17,4,Сыр пармезан,0.5,кг,800,400.0
2025-05-17,4,Сливки,1.5,л,200,300.0
2025-05-17,4,Молоко,2.4,л,70,168.0
2025-05-17,4,Макароны,2.2,кг,80,176.0
2025-05-17,4,Рис,1.3,кг,90,117.0
2025-05-17,4,Мука,1.1,кг,50,55.0
2025-05-17,4,Сахар,0.6,кг,60,36.0
2025-05-17,4,Кофе в зернах,0.3,кг,800,240.0
2025-05-17,4,Чай листовой,0.2,кг,500,100.0
2025-05-17,4,Пиво,2.1,л,150,315.0
2025-05-17,5,Свинина,0.9,кг,400,360.0
2025-05-17,5,Огурцы,1.5,кг,100,150.0
2025-05-17,5,Салат айсберг,0.8,кг,150,120.0
2025-05-17,5,Картофель,3.2,кг,40,128.0
2025-05-17,5,Сыр твердый,0.9,кг,450,405.0
2025-05-17,5,Сыр пармезан,0.6,кг,800,480.0
2025-05-17,5,Сливки,1.6,л,200,320.0
2025-05-17,5,Макароны,2.1,кг,80,168.0
2025-05-17,5,Сахар,0.5,кг,60,30.0
2025-05-17,6,Рыба (филе),1.0,кг,600,600.0
2025-05-17,6,Креветки,0.5,кг,800,400.0
2025-05-17,6,Салат айсберг,0.9,кг,150,135.0
2025-05-17,6,Картофель,3.8,кг,40,152.0
2025-05-17,6,Сыр твердый,0.9,кг,450,405.0
2025-05-17,6,Сыр пармезан,0.5,кг,800,400.0
2025-05-17,6,Молоко,2.3,л,70,161.0
2025-05-17,6,Макароны,2.1,кг,80,168.0
2025-05-17,6,Рис,1.6,кг,90,144.0
2025-05-17,6,Сахар,0.5,кг,60,30.0
2025-05-17,6,Кофе в зернах,0.3,кг,800,240.0
2025-05-17,6,Чай листовой,0.2,кг,500,100.0
2025-05-17,6,Соки,1.7,л,120,204.0
2025-05-17,6,Пиво,2.6,л,150,390.0
2025-05-17,9,Свинина,1.0,кг,400,400.0
2025-05-17,9,Рыба (филе),1.2,кг,600,720.0
2025-05-17,9,Креветки,0.5,кг,800,400.0
2025-05-17,9,Огурцы,1.5,кг,100,150.0
2025-05-17,9,Салат айсберг,0.8,кг,150,120.0
2025-05-17,9,Картофель,3.9,кг,40,156.0
2025-05-17,9,Сыр твердый,0.9,кг,450,405.0
2025-05-17,9,Сыр пармезан,0.5,кг,800,400.0
2025-05-17,9,Сливки,1.3,л,200,260.0
2025-05-17,9,Молоко,2.4,л,70,168.0
2025-05-17,9,Макароны,2.5,кг,80,200.0
2025-05-17,9,Рис,1.3,кг,90,117.0
2025-05-17,9,Мука,1.2,кг,50,60.0
2025-05-17,9,Сахар,0.4,кг,60,24.0
2025-05-17,9,Кофе в зернах,0.3,кг,800,240.0
2025-05-17,9,Чай листовой,0.2,кг,500,100.0
2025-05-17,9,Пиво,2.9,л,150,435.0
2025-05-17,10,Говядина,1.6,кг,500,800.0
2025-05-17,10,Свинина,0.9,кг,400,360.0
2025-05-17,10,Креветки,0.5,кг,800,400.0
2025-05-17,10,Помидоры,1.9,кг,120,228.0
2025-05-17,10,Огурцы,1.4,кг,100,140.0
2025-05-17,10,Салат айсберг,0.9,кг,150,135.0
2025-05-17,10,Картофель,3.9,кг,40,156.0
2025-05-17,10,Сыр твердый,0.9,кг,450,405.0
2025-05-17,10,Молоко,3.1,л,70,217.0
2025-05-17,10,Рис,1.6,кг,90,144.0
2025-05-17,10,Мука,0.9,кг,50,45.0
2025-05-17,10,Кофе в зернах,0.2,кг,800,160.0
2025-05-17,10,Соки,2.0,л,120,240.0
2025-05-17,10,Пиво,3.0,л,150,450.0
2025-05-18,5,Куриное филе,2.6,кг,250,650.0
2025-05-18,5,Говядина,1.2,кг,500,600.0
2025-05-18,5,Свинина,1.1,кг,400,440.0
2025-05-18,5,Рыба (филе),1.1,кг,600,660.0
2025-05-18,5,Помидоры,2.0,кг,120,240.0
2025-05-18,5,Огурцы,1.6,кг,100,160.0
2025-05-18,5,Салат айсберг,0.8,кг,150,120.0
2025-05-18,5,Картофель,4.4,кг,40,176.0
2025-05-18,5,Рис,1.7,кг,90,153.0
2025-05-18,5,Сахар,0.6,кг,60,36.0
2025-05-18,5,Кофе в зернах,0.3,кг,800,240.0
2025-05-18,5,Чай листовой,0.2,кг,500,100.0
2025-05-18,5,Соки,2.2,л,120,264.0
2025-05-18,7,Куриное филе,2.3,кг,250,575.0
2025-05-18,7,Свинина,1.0,кг,400,400.0
2025-05-18,7,Рыба (филе),1.0,кг,600,600.0
2025-05-18,7,Помидоры,2.0,кг,120,240.0
2025-05-18,7,Огурцы,1.6,кг,100,160.0
2025-05-18,7,Сыр твердый,1.1,кг,450,495.0
2025-05-18,7,Сыр пармезан,0.5,кг,800,400.0
2025-05-18,7,Молоко,2.3,л,70,161.0
2025-05-18,7,Макароны,1.7,кг,80,136.0
2025-05-18,7,Мука,0.9,кг,50,45.0
2025-05-18,7,Кофе в зернах,0.3,кг,800,240.0
2025-05-18,7,Чай листовой,0.1,кг,500,50.0
2025-05-18,7,Пиво,2.3,л,150,345.0
2025-05-18,8,Куриное филе,2.8,кг,250,700.0
2025-05-18,8,Говядина,1.4,кг,500,700.0
2025-05-18,8,Свинина,1.1,кг,400,440.0
2025-05-18,8,Огурцы,1.3,кг,100,130.0
2025-05-18,8,Салат айсберг,1.0,кг,150,150.0
2025-05-18,8,Картофель,4.7,кг,40,188.0
2025-05-18,8,Сыр твердый,0.9,кг,450,405.0
2025-05-18,8,Сыр пармезан,0.4,кг,800,320.0
2025-05-18,8,Сливки,1.3,л,200,260.0
2025-05-18,8,Молоко,2.6,л,70,182.0
2025-05-18,8,Макароны,1.9,кг,80,152.0
2025-05-18,8,Рис,1.4,кг,90,126.0
2025-05-18,8,Мука,1.1,кг,50,55.0
2025-05-18,8,Сахар,0.4,кг,60,24.0
2025-05-18,8,Кофе в зернах,0.2,кг,800,160.0
2025-05-18,8,Чай листовой,0.2,кг,500,100.0
2025-05-18,8,Соки,1.7,л,120,204.0
2025-05-18,8,Пиво,2.9,л,150,435.0
2025-05-18,9,Куриное филе,3.2,кг,250,800.0
2025-05-18,9,Свинина,1.0,кг,400,400.0
2025-05-18,9,Помидоры,2.0,кг,120,240.0
2025-05-18,9,Салат айсберг,1.3,кг,150,195.0
2025-05-18,9,Сыр пармезан,0.6,кг,800,480.0
2025-05-18,9,Сливки,1.4,л,200,280.0
2025-05-18,9,Молоко,2.3,л,70,161.0
2025-05-18,9,Макароны,1.9,кг,80,152.0
2025-05-18,9,Рис,1.4,кг,90,126.0
2025-05-18,9,Сахар,0.4,кг,60,24.0
2025-05-18,9,Кофе в зернах,0.3,кг,800,240.0
2025-05-18,9,Чай листовой,0.1,кг,500,50.0
2025-05-18,9,Соки,2.3,л,120,276.0
2025-05-19,4,Куриное филе,2.4,кг,250,600.0
2025-05-19,4,Говядина,1.6,кг,500,800.0
2025-05-19,4,Свинина,1.2,кг,400,480.0
2025-05-19,4,Креветки,0.6,кг,800,480.0
2025-05-19,4,Помидоры,1.9,кг,120,228.0
2025-05-19,4,Огурцы,1.6,кг,100,160.0
2025-05-19,4,Картофель,4.2,кг,40,168.0
2025-05-19,4,Сыр пармезан,0.5,кг,800,400.0
2025-05-19,4,Сливки,1.6,л,200,320.0
2025-05-19,4,Молоко,2.5,л,70,175.0
2025-05-19,4,Макароны,1.9,кг,80,152.0
2025-05-19,4,Сахар,0.5,кг,60,30.0
2025-05-19,4,Кофе в зернах,0.3,кг,800,240.0
2025-05-19,4,Соки,1.7,л,120,204.0
2025-05-19,4,Пиво,2.4,л,150,360.0
2025-05-19,5,Креветки,0.5,кг,800,400.0
2025-05-19,5,Помидоры,2.5,кг,120,300.0
2025-05-19,5,Огурцы,1.4,кг,100,140.0
2025-05-19,5,Сыр твердый,1.1,кг,450,495.0
2025-05-19,5,Сыр пармезан,0.6,кг,800,480.0
2025-05-19,5,Сливки,1.5,л,200,300.0
2025-05-19,5,Молоко,2.0,л,70,140.0
2025-05-19,5,Макароны,2.0,кг,80,160.0
2025-05-19,5,Рис,1.4,кг,90,126.0
2025-05-19,5,Кофе в зернах,0.2,кг,800,160.0
2025-05-19,5,Чай листовой,0.2,кг,500,100.0
2025-05-19,5,Пиво,2.0,л,150,300.0
2025-05-19,7,Куриное филе,2.7,кг,250,675.0
2025-05-19,7,Говядина,1.6,кг,500,800.0
2025-05-19,7,Рыба (филе),1.0,кг,600,600.0
2025-05-19,7,Помидоры,2.3,кг,120,276.0
2025-05-19,7,Огурцы,1.7,кг,100,170.0
2025-05-19,7,Картофель,3.6,кг,40,144.0
2025-05-19,7,Сыр пармезан,0.6,кг,800,480.0
2025-05-19,7,Сливки,1.5,л,200,300.0
2025-05-19,7,Молоко,2.6,л,70,182.0
2025-05-19,7,Макароны,2.4,кг,80,192.0
2025-05-19,7,Рис,1.6,кг,90,144.0
2025-05-19,7,Мука,1.1,кг,50,55.0
2025-05-19,7,Сахар,0.6,кг,60,36.0
2025-05-19,7,Чай листовой,0.1,кг,500,50.0
2025-05-19,7,Соки,2.3,л,120,276.0
2025-05-19,10,Куриное филе,2.6,кг,250,650.0
2025-05-19,10,Говядина,1.5,кг,500,750.0
2025-05-19,10,Свинина,1.1,кг,400,440.0
2025-05-19,10,Рыба (филе),0.9,кг,600,540.0
2025-05-19,10,Креветки,0.5,кг,800,400.0
2025-05-19,10,Помидоры,2.0,кг,120,240.0
2025-05-19,10,Картофель,3.6,кг,40,144.0
2025-05-19,10,Сыр пармезан,0.6,кг,800,480.0
2025-05-19,10,Сливки,1.3,л,200,260.0
2025-05-19,10,Молоко,2.8,л,70,196.0
2025-05-19,10,Макароны,2.3,кг,80,184.0
2025-05-19,10,Рис,1.6,кг,90,144.0
2025-05-19,10,Сахар,0.5,кг,60,30.0
2025-05-19,10,Кофе в зернах,0.2,кг,800,160.0
2025-05-19,10,Чай листовой,0.1,кг,500,50.0
2025-05-19,10,Соки,2.1,л,120,252.0
2025-05-19,10,Пиво,2.1,л,150,315.0
2025-05-20,2,Говядина,1.3,кг,500,650.0
2025-05-20,2,Свинина,0.9,кг,400,360.0
2025-05-20,2,Рыба (филе),0.9,кг,600,540.0
2025-05-20,2,Картофель,4.7,кг,40,188.0
2025-05-20,2,Сыр твердый,1.0,кг,450,450.0
2025-05-20,2,Сыр пармезан,0.4,кг,800,320.0
2025-05-20,2,Сливки,1.7,л,200,340.0
2025-05-20,2,Молоко,2.8,л,70,196.0
2025-05-20,2,Макароны,2.1,кг,80,168.0
2025-05-20,2,Рис,1.5,кг,90,135.0
2025-05-20,2,Мука,0.9,кг,50,45.0
2025-05-20,2,Кофе в зернах,0.3,кг,800,240.0
2025-05-20,2,Чай листовой,0.1,кг,500,50.0
2025-05-20,2,Пиво,2.2,л,150,330.0
2025-05-20,3,Куриное филе,2.6,кг,250,650.0
2025-05-20,3,Говядина,1.5,кг,500,750.0
2025-05-20,3,Свинина,1.1,кг,400,440.0
2025-05-20,3,Рыба (филе),1.0,кг,600,600.0
2025-05-20,3,Огурцы,1.5,кг,100,150.0
2025-05-20,3,Салат айсберг,1.0,кг,150,150.0
2025-05-20,3,Картофель,4.7,кг,40,188.0
2025-05-20,3,Сыр твердый,1.1,кг,450,495.0
2025-05-20,3,Сыр пармезан,0.4,кг,800,320.0
2025-05-20,3,Сливки,1.8,л,200,360.0
2025-05-20,3,Молоко,3.2,л,70,224.0
2025-05-20,3,Макароны,2.1,кг,80,168.0
2025-05-20,3,Рис,1.5,кг,90,135.0
2025-05-20,3,Мука,1.1,кг,50,55.0
2025-05-20,3,Сахар,0.6,кг,60,36.0
2025-05-20,3,Чай листовой,0.1,кг,500,50.0
2025-05-20,3,Соки,2.1,л,120,252.0
2025-05-20,3,Пиво,2.3,л,150,345.0
2025-05-20,4,Куриное филе,2.3,кг,250,575.0
2025-05-20,4,Говядина,1.6,кг,500,800.0
2025-05-20,4,Свинина,0.9,кг,400,360.0
2025-05-20,4,Рыба (филе),0.8,кг,600,480.0
2025-05-20,4,Креветки,0.4,кг,800,320.0
2025-05-20,4,Помидоры,2.5,кг,120,300.0
2025-05-20,4,Салат айсберг,1.1,кг,150,165.0
2025-05-20,4,Картофель,3.6,кг,40,144.0
2025-05-20,4,Сыр твердый,1.1,кг,450,495.0
2025-05-20,4,Сыр пармезан,0.6,кг,800,480.0
2025-05-20,4,Молоко,2.8,л,70,196.0
2025-05-20,4,Мука,1.0,кг,50,50.0
2025-05-20,4,Чай листовой,0.1,кг,500,50.0
2025-05-20,4,Пиво,2.6,л,150,390.0
2025-05-20,8,Говядина,1.5,кг,500,750.0
2025-05-20,8,Свинина,0.9,кг,400,360.0
2025-05-20,8,Рыба (филе),1.1,кг,600,660.0
2025-05-20,8,Креветки,0.5,кг,800,400.0
2025-05-20,8,Помидоры,2.3,кг,120,276.0
2025-05-20,8,Огурцы,1.5,кг,100,150.0
2025-05-20,8,Салат айсберг,1.1,кг,150,165.0
2025-05-20,8,Картофель,3.6,кг,40,144.0
2025-05-20,8,Сыр твердый,1.0,кг,450,450.0
2025-05-20,8,Сыр пармезан,0.6,кг,800,480.0
2025-05-20,8,Сливки,1.6,л,200,320.0
2025-05-20,8,Макароны,1.8,кг,80,144.0
2025-05-20,8,Рис,1.4,кг,90,126.0
2025-05-20,8,Мука,0.8,кг,50,40.0
2025-05-20,8,Сахар,0.5,кг,60,30.0
2025-05-20,8,Чай листовой,0.2,кг,500,100.0
2025-05-20,8,Соки,1.8,л,120,216.0
2025-05-20,8,Пиво,2.7,л,150,405.0
2025-05-20,10,Куриное филе,2.2,кг,250,550.0
2025-05-20,10,Рыба (филе),0.9,кг,600,540.0
2025-05-20,10,Креветки,0.6,кг,800,480.0
2025-05-20,10,Салат айсберг,0.9,кг,150,135.0
2025-05-20,10,Картофель,3.8,кг,40,152.0
2025-05-20,10,Сыр твердый,1.0,кг,450,450.0
2025-05-20,10,Сыр пармезан,0.6,кг,800,480.0
2025-05-20,10,Сливки,1.5,л,200,300.0
2025-05-20,10,Молоко,2.4,л,70,168.0
2025-05-20,10,Мука,1.1,кг,50,55.0
2025-05-20,10,Кофе в зернах,0.2,кг,800,160.0
2025-05-20,10,Чай листовой,0.1,кг,500,50.0
2025-05-20,10,Соки,1.9,л,120,228.0
2025-05-20,10,Пиво,2.7,л,150,405.0
2025-05-21,5,Куриное филе,2.1,кг,250,525.0
2025-05-21,5,Свинина,1.0,кг,400,400.0
2025-05-21,5,Креветки,0.5,кг,800,400.0
2025-05-21,5,Помидоры,2.2,кг,120,264.0
2025-05-21,5,Огурцы,1.4,кг,100,140.0
2025-05-21,5,Салат айсберг,0.8,кг,150,120.0
2025-05-21,5,Сыр твердый,1.1,кг,450,495.0
2025-05-21,5,Сыр пармезан,0.5,кг,800,400.0
2025-05-21,5,Макароны,1.7,кг,80,136.0
2025-05-21,5,Рис,1.4,кг,90,126.0
2025-05-21,5,Мука,1.0,кг,50,50.0
2025-05-21,5,Кофе в зернах,0.2,кг,800,160.0
2025-05-21,5,Чай листовой,0.1,кг,500,50.0
2025-05-21,5,Соки,2.2,л,120,264.0
2025-05-21,6,Куриное филе,2.6,кг,250,650.0
2025-05-21,6,Говядина,1.8,кг,500,900.0
2025-05-21,6,Свинина,1.0,кг,400,400.0
2025-05-21,6,Креветки,0.4,кг,800,320.0
2025-05-21,6,Салат айсберг,1.0,кг,150,150.0
2025-05-21,6,Картофель,4.0,кг,40,160.0
2025-05-21,6,Сыр твердый,1.0,кг,450,450.0
2025-05-21,6,Сыр пармезан,0.4,кг,800,320.0
2025-05-21,6,Сливки,1.5,л,200,300.0
2025-05-21,6,Молоко,2.4,л,70,168.0
2025-05-21,6,Макароны,1.8,кг,80,144.0
2025-05-21,6,Рис,1.5,кг,90,135.0
2025-05-21,6,Мука,0.8,кг,50,40.0
2025-05-21,6,Сахар,0.4,кг,60,24.0
2025-05-21,6,Кофе в зернах,0.2,кг,800,160.0
2025-05-21,6,Соки,2.2,л,120,264.0
2025-05-21,6,Пиво,3.0,л,150,450.0
2025-05-21,8,Куриное филе,2.6,кг,250,650.0
2025-05-21,8,Говядина,1.6,кг,500,800.0
2025-05-21,8,Свинина,1.2,кг,400,480.0
2025-05-21,8,Рыба (филе),0.9,кг,600,540.0
2025-05-21,8,Помидоры,2.2,кг,120,264.0
2025-05-21,8,Салат айсберг,0.8,кг,150,120.0
2025-05-21,8,Картофель,3.8,кг,40,152.0
2025-05-21,8,Сыр пармезан,0.4,кг,800,320.0
2025-05-21,8,Сливки,1.7,л,200,340.0
2025-05-21,8,Молоко,2.9,л,70,203.0
2025-05-21,8,Мука,1.0,кг,50,50.0
2025-05-21,8,Кофе в зернах,0.2,кг,800,160.0
2025-05-21,8,Чай листовой,0.2,кг,500,100.0
2025-05-21,8,Соки,2.1,л,120,252.0
2025-05-21,8,Пиво,2.3,л,150,345.0
2025-05-21,10,Куриное филе,2.7,кг,250,675.0
2025-05-21,10,Говядина,1.7,кг,500,850.0
2025-05-21,10,Свинина,1.0,кг,400,400.0
2025-05-21,10,Рыба (филе),1.3,кг,600,780.0
2025-05-21,10,Салат айсберг,0.9,кг,150,135.0
2025-05-21,10,Картофель,3.6,кг,40,144.0
2025-05-21,10,Сыр твердый,1.2,кг,450,540.0
2025-05-21,10,Сыр пармезан,0.6,кг,800,480.0
2025-05-21,10,Сливки,1.7,л,200,340.0
2025-05-21,10,Макароны,1.8,кг,80,144.0
2025-05-21,10,Мука,1.1,кг,50,55.0
2025-05-21,10,Сахар,0.4,кг,60,24.0
2025-05-21,10,Кофе в зернах,0.3,кг,800,240.0
2025-05-21,10,Чай листовой,0.1,кг,500,50.0
2025-05-21,10,Соки,2.1,л,120,252.0
2025-05-21,10,Пиво,2.2,л,150,330.0
2025-05-22,2,Куриное филе,2.3,кг,250,575.0
2025-05-22,2,Говядина,1.5,кг,500,750.0
2025-05-22,2,Свинина,1.1,кг,400,440.0
2025-05-22,2,Рыба (филе),1.3,кг,600,780.0
2025-05-22,2,Картофель,3.9,кг,40,156.0
2025-05-22,2,Сыр пармезан,0.4,кг,800,320.0
2025-05-22,2,Сливки,1.4,л,200,280.0
2025-05-22,2,Макароны,1.8,кг,80,144.0
2025-05-22,2,Сахар,0.6,кг,60,36.0
2025-05-22,2,Кофе в зернах,0.2,кг,800,160.0
2025-05-22,2,Чай листовой,0.2,кг,500,100.0
2025-05-22,2,Пиво,2.3,л,150,345.0
2025-05-22,3,Свинина,1.1,кг,400,440.0
2025-05-22,3,Рыба (филе),0.9,кг,600,540.0
2025-05-22,3,Креветки,0.5,кг,800,400.0
2025-05-22,3,Помидоры,2.2,кг,120,264.0
2025-05-22,3,Салат айсберг,1.3,кг,150,195.0
2025-05-22,3,Картофель,3.8,кг,40,152.0
2025-05-22,3,Сыр пармезан,0.5,кг,800,400.0
2025-05-22,3,Сливки,1.5,л,200,300.0
2025-05-22,3,Рис,1.7,кг,90,153.0
2025-05-22,3,Сахар,0.5,кг,60,30.0
2025-05-22,3,Чай листовой,0.2,кг,500,100.0
2025-05-22,3,Соки,2.3,л,120,276.0
2025-05-22,4,Куриное филе,2.5,кг,250,625.0
2025-05-22,4,Говядина,1.3,кг,500,650.0
2025-05-22,4,Рыба (филе),0.8,кг,600,480.0
2025-05-22,4,Креветки,0.5,кг,800,400.0
2025-05-22,4,Помидоры,2.0,кг,120,240.0
2025-05-22,4,Огурцы,1.3,кг,100,130.0
2025-05-22,4,Салат айсберг,1.0,кг,150,150.0
2025-05-22,4,Картофель,4.8,кг,40,192.0
2025-05-22,4,Сыр твердый,1.2,кг,450,540.0
2025-05-22,4,Сыр пармезан,0.6,кг,800,480.0
2025-05-22,4,Сливки,1.4,л,200,280.0
2025-05-22,4,Молоко,2.7,л,70,189.0
2025-05-22,4,Макароны,2.0,кг,80,160.0
2025-05-22,4,Рис,1.6,кг,90,144.0
2025-05-22,4,Мука,0.9,кг,50,45.0
2025-05-22,4,Сахар,0.4,кг,60,24.0
2025-05-22,4,Чай листовой,0.2,кг,500,100.0
2025-05-22,4,Соки,2.2,л,120,264.0
2025-05-22,4,Пиво,2.9,л,150,435.0
2025-05-22,5,Куриное филе,3.0,кг,250,750.0
2025-05-22,5,Говядина,1.5,кг,500,750.0
2025-05-22,5,Свинина,0.9,кг,400,360.0
2025-05-22,5,Креветки,0.5,кг,800,400.0
2025-05-22,5,Картофель,4.0,кг,40,160.0
2025-05-22,5,Сыр твердый,1.2,кг,450,540.0
2025-05-22,5,Сливки,1.7,л,200,340.0
2025-05-22,5,Молоко,2.2,л,70,154.0
2025-05-22,5,Макароны,2.3,кг,80,184.0
2025-05-22,5,Рис,1.5,кг,90,135.0
2025-05-22,5,Мука,1.0,кг,50,50.0
2025-05-22,5,Сахар,0.5,кг,60,30.0
2025-05-22,5,Кофе в зернах,0.3,кг,800,240.0
2025-05-22,5,Чай листовой,0.1,кг,500,50.0
2025-05-22,6,Куриное филе,2.9,кг,250,725.0
2025-05-22,6,Говядина,1.7,кг,500,850.0
2025-05-22,6,Свинина,1.1,кг,400,440.0
2025-05-22,6,Рыба (филе),1.0,кг,600,600.0
2025-05-22,6,Креветки,0.6,кг,800,480.0
2025-05-22,6,Картофель,4.0,кг,40,160.0
2025-05-22,6,Сыр твердый,1.2,кг,450,540.0
2025-05-22,6,Сыр пармезан,0.6,кг,800,480.0
2025-05-22,6,Сливки,1.4,л,200,280.0
2025-05-22,6,Молоко,2.1,л,70,147.0
2025-05-22,6,Макароны,2.2,кг,80,176.0
2025-05-22,6,Рис,1.3,кг,90,117.0
2025-05-22,6,Мука,1.1,кг,50,55.0
2025-05-22,6,Сахар,0.5,кг,60,30.0
2025-05-22,6,Чай листовой,0.2,кг,500,100.0
2025-05-22,6,Соки,2.0,л,120,240.0
2025-05-22,8,Куриное филе,3.1,кг,250,775.0
2025-05-22,8,Говядина,1.4,кг,500,700.0
2025-05-22,8,Свинина,1.2,кг,400,480.0
2025-05-22,8,Креветки,0.5,кг,800,400.0
2025-05-22,8,Помидоры,2.3,кг,120,276.0
2025-05-22,8,Огурцы,1.5,кг,100,150.0
2025-05-22,8,Салат айсберг,1.0,кг,150,150.0
2025-05-22,8,Сливки,1.6,л,200,320.0
2025-05-22,8,Молоко,2.9,л,70,203.0
2025-05-22,8,Рис,1.6,кг,90,144.0
2025-05-22,8,Сахар,0.5,кг,60,30.0
2025-05-22,8,Соки,1.9,л,120,228.0
2025-05-23,1,Куриное филе,2.9,кг,250,725.0
2025-05-23,1,Говядина,1.5,кг,500,750.0
2025-05-23,1,Свинина,1.0,кг,400,400.0
2025-05-23,1,Рыба (филе),1.1,кг,600,660.0
2025-05-23,1,Креветки,0.4,кг,800,320.0
2025-05-23,1,Помидоры,2.0,кг,120,240.0
2025-05-23,1,Огурцы,1.6,кг,100,160.0
2025-05-23,1,Салат айсберг,0.9,кг,150,135.0
2025-05-23,1,Сыр пармезан,0.5,кг,800,400.0
2025-05-23,1,Сливки,1.5,л,200,300.0
2025-05-23,1,Молоко,2.6,л,70,182.0
2025-05-23,1,Сахар,0.5,кг,60,30.0
2025-05-23,1,Чай листовой,0.2,кг,500,100.0
2025-05-23,1,Пиво,2.4,л,150,360.0
2025-05-23,3,Куриное филе,2.7,кг,250,675.0
2025-05-23,3,Говядина,1.6,кг,500,800.0
2025-05-23,3,Свинина,1.2,кг,400,480.0
2025-05-23,3,Рыба (филе),1.1,кг,600,660.0
2025-05-23,3,Креветки,0.5,кг,800,400.0
2025-05-23,3,Помидоры,1.8,кг,120,216.0
2025-05-23,3,Картофель,4.6,кг,40,184.0
2025-05-23,3,Сыр твердый,1.0,кг,450,450.0
2025-05-23,3,Сливки,1.6,л,200,320.0
2025-05-23,3,Молоко,2.7,л,70,189.0
2025-05-23,3,Макароны,1.9,кг,80,152.0
2025-05-23,3,Рис,1.6,кг,90,144.0
2025-05-23,3,Мука,1.0,кг,50,50.0
2025-05-23,3,Кофе в зернах,0.2,кг,800,160.0
2025-05-23,3,Чай листовой,0.1,кг,500,50.0
2025-05-23,3,Соки,2.3,л,120,276.0
2025-05-23,4,Куриное филе,2.2,кг,250,550.0
2025-05-23,4,Рыба (филе),1.2,кг,600,720.0
2025-05-23,4,Помидоры,1.7,кг,120,204.0
2025-05-23,4,Огурцы,1.5,кг,100,150.0
2025-05-23,4,Салат айсберг,0.9,кг,150,135.0
2025-05-23,4,Сыр твердый,0.9,кг,450,405.0
2025-05-23,4,Сыр пармезан,0.5,кг,800,400.0
2025-05-23,4,Макароны,2.4,кг,80,192.0
2025-05-23,4,Рис,1.2,кг,90,108.0
2025-05-23,4,Мука,0.9,кг,50,45.0
2025-05-23,4,Чай листовой,0.2,кг,500,100.0
2025-05-23,4,Соки,1.6,л,120,192.0
2025-05-23,9,Говядина,1.2,кг,500,600.0
2025-05-23,9,Свинина,1.1,кг,400,440.0
2025-05-23,9,Картофель,4.6,кг,40,184.0
2025-05-23,9,Сыр пармезан,0.6,кг,800,480.0
2025-05-23,9,Сливки,1.8,л,200,360.0
2025-05-23,9,Молоко,2.6,л,70,182.0
2025-05-23,9,Макароны,2.1,кг,80,168.0
2025-05-23,9,Рис,1.8,кг,90,162.0
2025-05-23,9,Мука,1.0,кг,50,50.0
2025-05-23,9,Кофе в зернах,0.3,кг,800,240.0
2025-05-23,9,Чай листовой,0.1,кг,500,50.0
2025-05-23,9,Соки,2.0,л,120,240.0
2025-05-23,10,Говядина,1.9,кг,500,950.0
2025-05-23,10,Рыба (филе),1.1,кг,600,660.0
2025-05-23,10,Помидоры,2.4,кг,120,288.0
2025-05-23,10,Огурцы,1.3,кг,100,130.0
2025-05-23,10,Салат айсберг,1.1,кг,150,165.0
2025-05-23,10,Картофель,4.3,кг,40,172.0
2025-05-23,10,Сыр пармезан,0.5,кг,800,400.0
2025-05-23,10,Молоко,2.6,л,70,182.0
2025-05-23,10,Макароны,1.8,кг,80,144.0
2025-05-23,10,Мука,1.0,кг,50,50.0
2025-05-23,10,Чай листовой,0.1,кг,500,50.0
2025-05-23,10,Соки,2.1,л,120,252.0
2025-05-23,10,Пиво,2.3,л,150,345.0
2025-05-24,1,Свинина,1.0,кг,400,400.0
2025-05-24,1,Рыба (филе),0.9,кг,600,540.0
2025-05-24,1,Огурцы,1.7,кг,100,170.0
2025-05-24,1,Салат айсберг,1.0,кг,150,150.0
2025-05-24,1,Сыр пармезан,0.5,кг,800,400.0
2025-05-24,1,Молоко,2.8,л,70,196.0
2025-05-24,1,Макароны,2.2,кг,80,176.0
2025-05-24,1,Рис,1.6,кг,90,144.0
2025-05-24,1,Мука,1.0,кг,50,50.0
2025-05-24,1,Сахар,0.5,кг,60,30.0
2025-05-24,1,Соки,1.9,л,120,228.0
2025-05-24,2,Куриное филе,2.6,кг,250,650.0
2025-05-24,2,Говядина,1.8,кг,500,900.0
2025-05-24,2,Свинина,1.2,кг,400,480.0
2025-05-24,2,Креветки,0.4,кг,800,320.0
2025-05-24,2,Помидоры,2.0,кг,120,240.0
2025-05-24,2,Огурцы,1.9,кг,100,190.0
2025-05-24,2,Картофель,3.5,кг,40,140.0
2025-05-24,2,Сыр твердый,0.9,кг,450,405.0
2025-05-24,2,Сыр пармезан,0.5,кг,800,400.0
2025-05-24,2,Мука,1.0,кг,50,50.0
2025-05-24,2,Сахар,0.5,кг,60,30.0
2025-05-24,2,Кофе в зернах,0.2,кг,800,160.0
2025-05-24,2,Чай листовой,0.2,кг,500,100.0
2025-05-24,2,Соки,2.2,л,120,264.0
2025-05-24,2,Пиво,2.8,л,150,420.0
2025-05-24,4,Куриное филе,2.7,кг,250,675.0
2025-05-24,4,Говядина,1.6,кг,500,800.0
2025-05-24,4,Свинина,1.0,кг,400,400.0
2025-05-24,4,Креветки,0.5,кг,800,400.0
2025-05-24,4,Огурцы,1.3,кг,100,130.0
2025-05-24,4,Салат айсберг,0.9,кг,150,135.0
2025-05-24,4,Сыр твердый,1.1,кг,450,495.0
2025-05-24,4,Сыр пармезан,0.5,кг,800,400.0
2025-05-24,4,Молоко,2.5,л,70,175.0
2025-05-24,4,Рис,1.7,кг,90,153.0
2025-05-24,4,Мука,1.2,кг,50,60.0
2025-05-24,4,Сахар,0.4,кг,60,24.0
2025-05-24,4,Чай листовой,0.1,кг,500,50.0
2025-05-24,4,Соки,2.2,л,120,264.0
2025-05-24,4,Пиво,2.4,л,150,360.0
2025-05-24,6,Куриное филе,2.2,кг,250,550.0
2025-05-24,6,Рыба (филе),1.1,кг,600,660.0
2025-05-24,6,Огурцы,1.4,кг,100,140.0
2025-05-24,6,Картофель,3.9,кг,40,156.0
2025-05-24,6,Сыр пармезан,0.5,кг,800,400.0
2025-05-24,6,Молоко,2.3,л,70,161.0
2025-05-24,6,Макароны,2.3,кг,80,184.0
2025-05-24,6,Рис,1.8,кг,90,162.0
2025-05-24,6,Сахар,0.5,кг,60,30.0
2025-05-24,6,Кофе в зернах,0.2,кг,800,160.0
2025-05-24,6,Чай листовой,0.1,кг,500,50.0
2025-05-24,6,Соки,1.7,л,120,204.0
2025-05-24,9,Куриное филе,2.6,кг,250,650.0
2025-05-24,9,Говядина,1.2,кг,500,600.0
2025-05-24,9,Свинина,0.9,кг,400,360.0
2025-05-24,9,Рыба (филе),0.8,кг,600,480.0
2025-05-24,9,Креветки,0.5,кг,800,400.0
2025-05-24,9,Помидоры,2.4,кг,120,288.0
2025-05-24,9,Салат айсберг,0.9,кг,150,135.0
2025-05-24,9,Картофель,4.0,кг,40,160.0
2025-05-24,9,Сыр твердый,1.2,кг,450,540.0
2025-05-24,9,Сливки,1.5,л,200,300.0
2025-05-24,9,Молоко,2.5,л,70,175.0
2025-05-24,9,Макароны,1.9,кг,80,152.0
2025-05-24,9,Сахар,0.5,кг,60,30.0
2025-05-24,9,Кофе в зернах,0.2,кг,800,160.0
2025-05-24,9,Соки,2.0,л,120,240.0
2025-05-24,9,Пиво,2.5,л,150,375.0
2025-05-25,2,Куриное филе,2.2,кг,250,550.0
2025-05-25,2,Говядина,1.9,кг,500,950.0
2025-05-25,2,Креветки,0.6,кг,800,480.0
2025-05-25,2,Помидоры,2.2,кг,120,264.0
2025-05-25,2,Огурцы,1.4,кг,100,140.0
2025-05-25,2,Салат айсберг,0.8,кг,150,120.0
2025-05-25,2,Картофель,3.4,кг,40,136.0
2025-05-25,2,Сыр пармезан,0.5,кг,800,400.0
2025-05-25,2,Сливки,1.6,л,200,320.0
2025-05-25,2,Рис,1.6,кг,90,144.0
2025-05-25,2,Мука,1.0,кг,50,50.0
2025-05-25,2,Сахар,0.5,кг,60,30.0
2025-05-25,2,Кофе в зернах,0.2,кг,800,160.0
2025-05-25,2,Чай листовой,0.1,кг,500,50.0
2025-05-25,3,Куриное филе,2.7,кг,250,675.0
2025-05-25,3,Говядина,1.5,кг,500,750.0
2025-05-25,3,Свинина,0.9,кг,400,360.0
2025-05-25,3,Креветки,0.4,кг,800,320.0
2025-05-25,3,Помидоры,2.1,кг,120,252.0
2025-05-25,3,Огурцы,1.5,кг,100,150.0
2025-05-25,3,Салат айсберг,1.1,кг,150,165.0
2025-05-25,3,Картофель,3.8,кг,40,152.0
2025-05-25,3,Сыр пармезан,0.5,кг,800,400.0
2025-05-25,3,Молоко,2.5,л,70,175.0
2025-05-25,3,Макароны,2.1,кг,80,168.0
2025-05-25,3,Рис,1.5,кг,90,135.0
2025-05-25,3,Кофе в зернах,0.2,кг,800,160.0
2025-05-25,3,Соки,1.8,л,120,216.0
2025-05-25,3,Пиво,2.4,л,150,360.0
2025-05-25,7,Куриное филе,2.5,кг,250,625.0
2025-05-25,7,Говядина,1.8,кг,500,900.0
2025-05-25,7,Свинина,1.0,кг,400,400.0
2025-05-25,7,Рыба (филе),0.9,кг,600,540.0
2025-05-25,7,Креветки,0.5,кг,800,400.0
2025-05-25,7,Огурцы,1.8,кг,100,180.0
2025-05-25,7,Салат айсберг,1.1,кг,150,165.0
2025-05-25,7,Сыр твердый,1.0,кг,450,450.0
2025-05-25,7,Сыр пармезан,0.5,кг,800,400.0
2025-05-25,7,Сливки,1.7,л,200,340.0
2025-05-25,7,Молоко,2.7,л,70,189.0
2025-05-25,7,Мука,1.0,кг,50,50.0
2025-05-25,7,Чай листовой,0.1,кг,500,50.0
2025-05-25,7,Соки,2.2,л,120,264.0
2025-05-25,7,Пиво,2.6,л,150,390.0
2025-05-26,3,Куриное филе,2.6,кг,250,650.0
2025-05-26,3,Говядина,1.6,кг,500,800.0
2025-05-26,3,Рыба (филе),0.9,кг,600,540.0
2025-05-26,3,Креветки,0.4,кг,800,320.0
2025-05-26,3,Огурцы,1.2,кг,100,120.0
2025-05-26,3,Салат айсберг,1.1,кг,150,165.0
2025-05-26,3,Сыр твердый,1.1,кг,450,495.0
2025-05-26,3,Сыр пармезан,0.4,кг,800,320.0
2025-05-26,3,Молоко,2.3,л,70,161.0
2025-05-26,3,Макароны,2.2,кг,80,176.0
2025-05-26,3,Чай листовой,0.2,кг,500,100.0
2025-05-26,3,Соки,1.9,л,120,228.0
2025-05-26,3,Пиво,2.4,л,150,360.0
2025-05-26,5,Куриное филе,2.3,кг,250,575.0
2025-05-26,5,Говядина,1.3,кг,500,650.0
2025-05-26,5,Свинина,1.0,кг,400,400.0
2025-05-26,5,Рыба (филе),1.1,кг,600,660.0
2025-05-26,5,Креветки,0.5,кг,800,400.0
2025-05-26,5,Помидоры,2.2,кг,120,264.0
2025-05-26,5,Салат айсберг,1.0,кг,150,150.0
2025-05-26,5,Сыр твердый,0.9,кг,450,405.0
2025-05-26,5,Сыр пармезан,0.6,кг,800,480.0
2025-05-26,5,Сливки,1.4,л,200,280.0
2025-05-26,5,Молоко,2.2,л,70,154.0
2025-05-26,5,Макароны,2.0,кг,80,160.0
2025-05-26,5,Мука,1.2,кг,50,60.0
2025-05-26,5,Чай листовой,0.1,кг,500,50.0
2025-05-26,8,Куриное филе,2.9,кг,250,725.0
2025-05-26,8,Говядина,1.4,кг,500,700.0
2025-05-26,8,Свинина,0.9,кг,400,360.0
2025-05-26,8,Рыба (филе),1.1,кг,600,660.0
2025-05-26,8,Помидоры,1.9,кг,120,228.0
2025-05-26,8,Огурцы,1.7,кг,100,170.0
2025-05-26,8,Салат айсберг,1.1,кг,150,165.0
2025-05-26,8,Картофель,4.5,кг,40,180.0
2025-05-26,8,Сыр твердый,1.0,кг,450,450.0
2025-05-26,8,Сыр пармезан,0.5,кг,800,400.0
2025-05-26,8,Сливки,1.5,л,200,300.0
2025-05-26,8,Молоко,1.9,л,70,133.0
2025-05-26,8,Рис,1.4,кг,90,126.0
2025-05-26,8,Чай листовой,0.1,кг,500,50.0
2025-05-26,8,Соки,2.2,л,120,264.0
2025-05-26,8,Пиво,2.5,л,150,375.0
2025-05-26,9,Свинина,0.9,кг,400,360.0
2025-05-26,9,Рыба (филе),0.9,кг,600,540.0
2025-05-26,9,Креветки,0.6,кг,800,480.0
2025-05-26,9,Помидоры,2.4,кг,120,288.0
2025-05-26,9,Огурцы,1.5,кг,100,150.0
2025-05-26,9,Салат айсберг,1.1,кг,150,165.0
2025-05-26,9,Картофель,4.3,кг,40,172.0
2025-05-26,9,Сыр твердый,1.0,кг,450,450.0
2025-05-26,9,Сыр пармезан,0.5,кг,800,400.0
2025-05-26,9,Сливки,1.4,л,200,280.0
2025-05-26,9,Молоко,2.6,л,70,182.0
2025-05-26,9,Макароны,1.8,кг,80,144.0
2025-05-26,9,Мука,0.8,кг,50,40.0
2025-05-26,9,Сахар,0.6,кг,60,36.0
2025-05-26,9,Кофе в зернах,0.3,кг,800,240.0
2025-05-26,9,Соки,2.1,л,120,252.0
2025-05-26,9,Пиво,3.0,л,150,450.0
2025-05-26,10,Куриное филе,2.6,кг,250,650.0
2025-05-26,10,Говядина,1.6,кг,500,800.0
2025-05-26,10,Рыба (филе),0.9,кг,600,540.0
2025-05-26,10,Креветки,0.5,кг,800,400.0
2025-05-26,10,Помидоры,2.0,кг,120,240.0
2025-05-26,10,Огурцы,1.5,кг,100,150.0
2025-05-26,10,Салат айсберг,0.9,кг,150,135.0
2025-05-26,10,Сыр твердый,1.0,кг,450,450.0
2025-05-26,10,Молоко,2.5,л,70,175.0
2025-05-26,10,Макароны,1.9,кг,80,152.0
2025-05-26,10,Рис,1.6,кг,90,144.0
2025-05-26,10,Мука,1.0,кг,50,50.0
2025-05-26,10,Кофе в зернах,0.3,кг,800,240.0
2025-05-26,10,Соки,1.8,л,120,216.0
2025-05-26,10,Пиво,2.9,л,150,435.0
2025-05-27,5,Куриное филе,2.5,кг,250,625.0
2025-05-27,5,Говядина,1.4,кг,500,700.0
2025-05-27,5,Свинина,1.0,кг,400,400.0
2025-05-27,5,Рыба (филе),0.9,кг,600,540.0
2025-05-27,5,Креветки,0.5,кг,800,400.0
2025-05-27,5,Помидоры,1.9,кг,120,228.0
2025-05-27,5,Салат айсберг,0.9,кг,150,135.0
2025-05-27,5,Картофель,3.9,кг,40,156.0
2025-05-27,5,Сыр твердый,1.0,кг,450,450.0
2025-05-27,5,Сливки,1.6,л,200,320.0
2025-05-27,5,Молоко,2.7,л,70,189.0
2025-05-27,5,Рис,1.7,кг,90,153.0
2025-05-27,5,Сахар,0.5,кг,60,30.0
2025-05-27,5,Кофе в зернах,0.3,кг,800,240.0
2025-05-27,5,Пиво,2.5,л,150,375.0
2025-05-27,7,Куриное филе,2.0,кг,250,500.0
2025-05-27,7,Говядина,1.5,кг,500,750.0
2025-05-27,7,Свинина,0.9,кг,400,360.0
2025-05-27,7,Рыба (филе),0.9,кг,600,540.0
2025-05-27,7,Помидоры,1.9,кг,120,228.0
2025-05-27,7,Огурцы,1.7,кг,100,170.0
2025-05-27,7,Сыр твердый,0.9,кг,450,405.0
2025-05-27,7,Сливки,1.6,л,200,320.0
2025-05-27,7,Молоко,2.5,л,70,175.0
2025-05-27,7,Макароны,1.7,кг,80,136.0
2025-05-27,7,Рис,1.3,кг,90,117.0
2025-05-27,7,Мука,1.3,кг,50,65.0
2025-05-27,7,Сахар,0.6,кг,60,36.0
2025-05-27,7,Кофе в зернах,0.2,кг,800,160.0
2025-05-27,7,Чай листовой,0.1,кг,500,50.0
2025-05-27,7,Соки,2.2,л,120,264.0
2025-05-27,8,Говядина,1.4,кг,500,700.0
2025-05-27,8,Свинина,0.9,кг,400,360.0
2025-05-27,8,Рыба (филе),1.1,кг,600,660.0
2025-05-27,8,Креветки,0.5,кг,800,400.0
2025-05-27,8,Помидоры,2.1,кг,120,252.0
2025-05-27,8,Огурцы,1.7,кг,100,170.0
2025-05-27,8,Салат айсберг,0.9,кг,150,135.0
2025-05-27,8,Картофель,4.6,кг,40,184.0
2025-05-27,8,Сыр твердый,1.2,кг,450,540.0
2025-05-27,8,Молоко,3.0,л,70,210.0
2025-05-27,8,Макароны,1.6,кг,80,128.0
2025-05-27,8,Рис,1.7,кг,90,153.0
2025-05-27,8,Мука,1.0,кг,50,50.0
2025-05-27,8,Чай листовой,0.1,кг,500,50.0
2025-05-27,8,Соки,1.8,л,120,216.0
2025-05-27,8,Пиво,2.1,л,150,315.0
2025-05-27,9,Куриное филе,2.9,кг,250,725.0
2025-05-27,9,Говядина,1.7,кг,500,850.0
2025-05-27,9,Свинина,1.0,кг,400,400.0
2025-05-27,9,Рыба (филе),1.0,кг,600,600.0
2025-05-27,9,Помидоры,2.2,кг,120,264.0
2025-05-27,9,Огурцы,1.6,кг,100,160.0
2025-05-27,9,Салат айсберг,1.0,кг,150,150.0
2025-05-27,9,Картофель,4.3,кг,40,172.0
2025-05-27,9,Сыр пармезан,0.6,кг,800,480.0
2025-05-27,9,Сливки,1.5,л,200,300.0
2025-05-27,9,Молоко,2.3,л,70,161.0
2025-05-27,9,Макароны,2.1,кг,80,168.0
2025-05-27,9,Рис,1.4,кг,90,126.0
2025-05-27,9,Мука,0.9,кг,50,45.0
2025-05-27,9,Кофе в зернах,0.2,кг,800,160.0
2025-05-27,9,Соки,2.3,л,120,276.0
2025-05-28,2,Говядина,1.3,кг,500,650.0
2025-05-28,2,Свинина,0.9,кг,400,360.0
2025-05-28,2,Рыба (филе),1.0,кг,600,600.0
2025-05-28,2,Креветки,0.5,кг,800,400.0
2025-05-28,2,Помидоры,1.7,кг,120,204.0
2025-05-28,2,Огурцы,1.8,кг,100,180.0
2025-05-28,2,Картофель,3.3,кг,40,132.0
2025-05-28,2,Сыр твердый,0.8,кг,450,360.0
2025-05-28,2,Сливки,1.4,л,200,280.0
2025-05-28,2,Молоко,3.0,л,70,210.0
2025-05-28,2,Макароны,2.0,кг,80,160.0
2025-05-28,2,Рис,1.6,кг,90,144.0
2025-05-28,2,Мука,1.0,кг,50,50.0
2025-05-28,2,Сахар,0.5,кг,60,30.0
2025-05-28,2,Кофе в зернах,0.2,кг,800,160.0
2025-05-28,2,Чай листовой,0.1,кг,500,50.0
2025-05-28,2,Соки,2.2,л,120,264.0
2025-05-28,2,Пиво,2.4,л,150,360.0
2025-05-28,3,Куриное филе,2.5,кг,250,625.0
2025-05-28,3,Говядина,1.4,кг,500,700.0
2025-05-28,3,Свинина,0.8,кг,400,320.0
2025-05-28,3,Рыба (филе),1.0,кг,600,600.0
2025-05-28,3,Креветки,0.4,кг,800,320.0
2025-05-28,3,Помидоры,2.3,кг,120,276.0
2025-05-28,3,Картофель,3.4,кг,40,136.0
2025-05-28,3,Сливки,1.7,л,200,340.0
2025-05-28,3,Молоко,2.5,л,70,175.0
2025-05-28,3,Макароны,2.3,кг,80,184.0
2025-05-28,3,Рис,1.4,кг,90,126.0
2025-05-28,3,Мука,1.0,кг,50,50.0
2025-05-28,3,Кофе в зернах,0.2,кг,800,160.0
2025-05-28,3,Чай листовой,0.1,кг,500,50.0
2025-05-28,3,Пиво,2.2,л,150,330.0
2025-05-28,4,Куриное филе,2.3,кг,250,575.0
2025-05-28,4,Говядина,1.3,кг,500,650.0
2025-05-28,4,Свинина,1.1,кг,400,440.0
2025-05-28,4,Рыба (филе),1.2,кг,600,720.0
2025-05-28,4,Креветки,0.5,кг,800,400.0
2025-05-28,4,Огурцы,1.3,кг,100,130.0
2025-05-28,4,Сыр пармезан,0.6,кг,800,480.0
2025-05-28,4,Сливки,1.8,л,200,360.0
2025-05-28,4,Молоко,2.5,л,70,175.0
2025-05-28,4,Рис,1.2,кг,90,108.0
2025-05-28,4,Пиво,2.7,л,150,405.0
2025-05-28,5,Куриное филе,2.5,кг,250,625.0
2025-05-28,5,Свинина,1.1,кг,400,440.0
2025-05-28,5,Рыба (филе),1.1,кг,600,660.0
2025-05-28,5,Помидоры,1.7,кг,120,204.0
2025-05-28,5,Огурцы,1.6,кг,100,160.0
2025-05-28,5,Салат айсберг,1.0,кг,150,150.0
2025-05-28,5,Картофель,4.4,кг,40,176.0
2025-05-28,5,Сыр твердый,0.9,кг,450,405.0
2025-05-28,5,Сыр пармезан,0.5,кг,800,400.0
2025-05-28,5,Сливки,1.6,л,200,320.0
2025-05-28,5,Молоко,2.5,л,70,175.0
2025-05-28,5,Макароны,2.3,кг,80,184.0
2025-05-28,5,Рис,1.3,кг,90,117.0
2025-05-28,5,Мука,1.1,кг,50,55.0
2025-05-28,5,Сахар,0.5,кг,60,30.0
2025-05-28,5,Кофе в зернах,0.2,кг,800,160.0
2025-05-28,5,Чай листовой,0.1,кг,500,50.0
2025-05-28,5,Пиво,2.4,л,150,360.0
2025-05-28,7,Говядина,1.3,кг,500,650.0
2025-05-28,7,Свинина,1.1,кг,400,440.0
2025-05-28,7,Рыба (филе),1.0,кг,600,600.0
2025-05-28,7,Креветки,0.5,кг,800,400.0
2025-05-28,7,Помидоры,2.3,кг,120,276.0
2025-05-28,7,Огурцы,1.4,кг,100,140.0
2025-05-28,7,Салат айсберг,1.1,кг,150,165.0
2025-05-28,7,Сыр пармезан,0.5,кг,800,400.0
2025-05-28,7,Сливки,1.4,л,200,280.0
2025-05-28,7,Макароны,1.7,кг,80,136.0
2025-05-28,7,Рис,1.6,кг,90,144.0
2025-05-28,7,Мука,0.9,кг,50,45.0
2025-05-28,7,Сахар,0.4,кг,60,24.0
2025-05-28,7,Соки,2.4,л,120,288.0
2025-05-28,7,Пиво,2.4,л,150,360.0
2025-05-28,8,Куриное филе,2.1,кг,250,525.0
2025-05-28,8,Говядина,1.5,кг,500,750.0
2025-05-28,8,Свинина,1.0,кг,400,400.0
2025-05-28,8,Рыба (филе),1.0,кг,600,600.0
2025-05-28,8,Огурцы,1.3,кг,100,130.0
2025-05-28,8,Салат айсберг,0.9,кг,150,135.0
2025-05-28,8,Картофель,4.4,кг,40,176.0
2025-05-28,8,Сыр твердый,1.2,кг,450,540.0
2025-05-28,8,Сливки,1.6,л,200,320.0
2025-05-28,8,Сахар,0.5,кг,60,30.0
2025-05-28,8,Кофе в зернах,0.2,кг,800,160.0
2025-05-28,8,Соки,1.8,л,120,216.0
2025-05-28,8,Пиво,2.8,л,150,420.0
2025-05-28,9,Говядина,1.5,кг,500,750.0
2025-05-28,9,Свинина,1.0,кг,400,400.0
2025-05-28,9,Рыба (филе),1.0,кг,600,600.0
2025-05-28,9,Креветки,0.5,кг,800,400.0
2025-05-28,9,Огурцы,1.5,кг,100,150.0
2025-05-28,9,Салат айсберг,1.0,кг,150,150.0
2025-05-28,9,Картофель,3.5,кг,40,140.0
2025-05-28,9,Сыр твердый,0.9,кг,450,405.0
2025-05-28,9,Сыр пармезан,0.5,кг,800,400.0
2025-05-28,9,Сливки,1.8,л,200,360.0
2025-05-28,9,Молоко,2.4,л,70,168.0
2025-05-28,9,Рис,1.4,кг,90,126.0
2025-05-28,9,Мука,0.9,кг,50,45.0
2025-05-28,9,Чай листовой,0.1,кг,500,50.0
2025-05-28,9,Соки,1.9,л,120,228.0
2025-05-28,9,Пиво,2.7,л,150,405.0
2025-05-29,2,Свинина,1.2,кг,400,480.0
2025-05-29,2,Рыба (филе),0.9,кг,600,540.0
2025-05-29,2,Креветки,0.4,кг,800,320.0
2025-05-29,2,Помидоры,1.8,кг,120,216.0
2025-05-29,2,Огурцы,1.7,кг,100,170.0
2025-05-29,2,Сыр твердый,0.9,кг,450,405.0
2025-05-29,2,Сыр пармезан,0.6,кг,800,480.0
2025-05-29,2,Сливки,1.6,л,200,320.0
2025-05-29,2,Молоко,2.1,л,70,147.0
2025-05-29,2,Мука,1.0,кг,50,50.0
2025-05-29,2,Сахар,0.5,кг,60,30.0
2025-05-29,2,Кофе в зернах,0.3,кг,800,240.0
2025-05-29,2,Чай листовой,0.2,кг,500,100.0
2025-05-29,2,Соки,1.8,л,120,216.0
2025-05-29,2,Пиво,2.5,л,150,375.0
2025-05-29,3,Куриное филе,2.5,кг,250,625.0
2025-05-29,3,Говядина,1.5,кг,500,750.0
2025-05-29,3,Рыба (филе),0.8,кг,600,480.0
2025-05-29,3,Креветки,0.5,кг,800,400.0
2025-05-29,3,Помидоры,1.8,кг,120,216.0
2025-05-29,3,Салат айсберг,0.9,кг,150,135.0
2025-05-29,3,Картофель,3.5,кг,40,140.0
2025-05-29,3,Сыр твердый,0.9,кг,450,405.0
2025-05-29,3,Сыр пармезан,0.5,кг,800,400.0
2025-05-29,3,Сливки,1.2,л,200,240.0
2025-05-29,3,Молоко,2.9,л,70,203.0
2025-05-29,3,Макароны,1.9,кг,80,152.0
2025-05-29,3,Рис,1.5,кг,90,135.0
2025-05-29,3,Сахар,0.4,кг,60,24.0
2025-05-29,3,Кофе в зернах,0.3,кг,800,240.0
2025-05-29,3,Чай листовой,0.2,кг,500,100.0
2025-05-29,3,Соки,2.1,л,120,252.0
2025-05-29,3,Пиво,2.8,л,150,420.0
2025-05-29,8,Куриное филе,2.9,кг,250,725.0
2025-05-29,8,Говядина,1.6,кг,500,800.0
2025-05-29,8,Свинина,1.0,кг,400,400.0
2025-05-29,8,Креветки,0.5,кг,800,400.0
2025-05-29,8,Помидоры,2.2,кг,120,264.0
2025-05-29,8,Огурцы,1.2,кг,100,120.0
2025-05-29,8,Салат айсберг,1.0,кг,150,150.0
2025-05-29,8,Картофель,3.4,кг,40,136.0
2025-05-29,8,Сливки,1.4,л,200,280.0
2025-05-29,8,Молоко,2.1,л,70,147.0
2025-05-29,8,Макароны,1.9,кг,80,152.0
2025-05-29,8,Мука,1.2,кг,50,60.0
2025-05-29,8,Сахар,0.5,кг,60,30.0
2025-05-29,8,Кофе в зернах,0.3,кг,800,240.0
2025-05-29,8,Чай листовой,0.2,кг,500,100.0
2025-05-29,8,Соки,1.7,л,120,204.0
2025-05-29,8,Пиво,2.3,л,150,345.0
2025-05-29,10,Куриное филе,3.0,кг,250,750.0
2025-05-29,10,Говядина,1.7,кг,500,850.0
2025-05-29,10,Свинина,1.1,кг,400,440.0
2025-05-29,10,Рыба (филе),1.2,кг,600,720.0
2025-05-29,10,Креветки,0.5,кг,800,400.0
2025-05-29,10,Картофель,4.3,кг,40,172.0
2025-05-29,10,Сыр пармезан,0.5,кг,800,400.0
2025-05-29,10,Молоко,2.6,л,70,182.0
2025-05-29,10,Макароны,2.3,кг,80,184.0
2025-05-29,10,Рис,1.2,кг,90,108.0
2025-05-29,10,Мука,0.9,кг,50,45.0
2025-05-29,10,Кофе в зернах,0.2,кг,800,160.0
2025-05-29,10,Чай листовой,0.1,кг,500,50.0
2025-05-29,10,Соки,1.8,л,120,216.0
2025-05-29,10,Пиво,2.6,л,150,390.0
2025-05-31,1,Куриное филе,2.4,кг,250,600.0
2025-05-31,1,Рыба (филе),1.1,кг,600,660.0
2025-05-31,1,Помидоры,2.3,кг,120,276.0
2025-05-31,1,Картофель,3.7,кг,40,148.0
2025-05-31,1,Сыр твердый,1.0,кг,450,450.0
2025-05-31,1,Макароны,1.8,кг,80,144.0
2025-05-31,1,Рис,1.4,кг,90,126.0
2025-05-31,1,Мука,1.1,кг,50,55.0
2025-05-31,1,Сахар,0.5,кг,60,30.0
2025-05-31,1,Чай листовой,0.2,кг,500,100.0
2025-05-31,1,Соки,2.2,л,120,264.0
2025-05-31,2,Куриное филе,2.8,кг,250,700.0
2025-05-31,2,Свинина,0.9,кг,400,360.0
2025-05-31,2,Рыба (филе),0.9,кг,600,540.0
2025-05-31,2,Креветки,0.5,кг,800,400.0
2025-05-31,2,Помидоры,1.7,кг,120,204.0
2025-05-31,2,Огурцы,1.4,кг,100,140.0
2025-05-31,2,Салат айсберг,1.3,кг,150,195.0
2025-05-31,2,Картофель,3.5,кг,40,140.0
2025-05-31,2,Сыр твердый,1.0,кг,450,450.0
2025-05-31,2,Сливки,1.8,л,200,360.0
2025-05-31,2,Рис,1.6,кг,90,144.0
2025-05-31,2,Сахар,0.5,кг,60,30.0
2025-05-31,2,Кофе в зернах,0.3,кг,800,240.0
2025-05-31,2,Чай листовой,0.2,кг,500,100.0
2025-05-31,2,Соки,2.4,л,120,288.0
2025-05-31,2,Пиво,2.9,л,150,435.0
2025-05-31,4,Говядина,1.2,кг,500,600.0
2025-05-31,4,Свинина,1.1,кг,400,440.0
2025-05-31,4,Рыба (филе),0.8,кг,600,480.0
2025-05-31,4,Креветки,0.5,кг,800,400.0
2025-05-31,4,Огурцы,1.4,кг,100,140.0
2025-05-31,4,Салат айсберг,1.0,кг,150,150.0
2025-05-31,4,Картофель,3.8,кг,40,152.0
2025-05-31,4,Сыр пармезан,0.5,кг,800,400.0
2025-05-31,4,Сливки,1.5,л,200,300.0
2025-05-31,4,Молоко,2.5,л,70,175.0
2025-05-31,4,Макароны,2.3,кг,80,184.0
2025-05-31,4,Рис,1.4,кг,90,126.0
2025-05-31,4,Мука,0.9,кг,50,45.0
2025-05-31,4,Соки,2.0,л,120,240.0
2025-05-31,9,Куриное филе,2.5,кг,250,625.0
2025-05-31,9,Говядина,1.4,кг,500,700.0
2025-05-31,9,Свинина,0.9,кг,400,360.0
2025-05-31,9,Помидоры,1.8,кг,120,216.0
2025-05-31,9,Салат айсберг,0.9,кг,150,135.0
2025-05-31,9,Картофель,3.5,кг,40,140.0
2025-05-31,9,Сыр твердый,1.2,кг,450,540.0
2025-05-31,9,Сыр пармезан,0.5,кг,800,400.0
2025-05-31,9,Сливки,1.3,л,200,260.0
2025-05-31,9,Рис,1.4,кг,90,126.0
2025-05-31,9,Мука,0.8,кг,50,40.0
2025-05-31,9,Сахар,0.5,кг,60,30.0
2025-05-31,9,Чай листовой,0.2,кг,500,100.0
2025-05-31,9,Соки,1.9,л,120,228.0
2025-06-01,4,Куриное филе,2.7,кг,250,675.0
2025-06-01,4,Свинина,1.1,кг,400,440.0
2025-06-01,4,Огурцы,1.4,кг,100,140.0
2025-06-01,4,Салат айсберг,0.9,кг,150,135.0
2025-06-01,4,Картофель,4.7,кг,40,188.0
2025-06-01,4,Сыр твердый,1.3,кг,450,585.0
2025-06-01,4,Сыр пармезан,0.6,кг,800,480.0
2025-06-01,4,Сливки,1.6,л,200,320.0
2025-06-01,4,Макароны,1.8,кг,80,144.0
2025-06-01,4,Рис,1.2,кг,90,108.0
2025-06-01,4,Мука,1.0,кг,50,50.0
2025-06-01,4,Сахар,0.6,кг,60,36.0
2025-06-01,4,Чай листовой,0.2,кг,500,100.0
2025-06-01,4,Соки,2.0,л,120,240.0
2025-06-01,4,Пиво,2.3,л,150,345.0
2025-06-01,6,Куриное филе,2.4,кг,250,600.0
2025-06-01,6,Говядина,1.5,кг,500,750.0
2025-06-01,6,Свинина,1.1,кг,400,440.0
2025-06-01,6,Рыба (филе),0.8,кг,600,480.0
2025-06-01,6,Помидоры,2.0,кг,120,240.0
2025-06-01,6,Картофель,3.2,кг,40,128.0
2025-06-01,6,Сыр твердый,1.2,кг,450,540.0
2025-06-01,6,Сыр пармезан,0.5,кг,800,400.0
2025-06-01,6,Сливки,1.7,л,200,340.0
2025-06-01,6,Макароны,2.0,кг,80,160.0
2025-06-01,6,Мука,0.9,кг,50,45.0
2025-06-01,6,Сахар,0.5,кг,60,30.0
2025-06-01,6,Кофе в зернах,0.2,кг,800,160.0
2025-06-01,6,Чай листовой,0.2,кг,500,100.0
2025-06-01,6,Соки,2.0,л,120,240.0
2025-06-01,7,Свинина,1.1,кг,400,440.0
2025-06-01,7,Рыба (филе),0.8,кг,600,480.0
2025-06-01,7,Креветки,0.4,кг,800,320.0
2025-06-01,7,Помидоры,2.1,кг,120,252.0
2025-06-01,7,Огурцы,1.3,кг,100,130.0
2025-06-01,7,Салат айсберг,1.2,кг,150,180.0
2025-06-01,7,Картофель,3.9,кг,40,156.0
2025-06-01,7,Сыр пармезан,0.4,кг,800,320.0
2025-06-01,7,Сливки,1.4,л,200,280.0
2025-06-01,7,Макароны,2.1,кг,80,168.0
2025-06-01,7,Рис,1.6,кг,90,144.0
2025-06-01,7,Сахар,0.5,кг,60,30.0
2025-06-01,7,Пиво,2.1,л,150,315.0
2025-06-01,10,Куриное филе,2.4,кг,250,600.0
2025-06-01,10,Говядина,1.8,кг,500,900.0
2025-06-01,10,Свинина,0.9,кг,400,360.0
2025-06-01,10,Рыба (филе),1.0,кг,600,600.0
2025-06-01,10,Креветки,0.5,кг,800,400.0
2025-06-01,10,Помидоры,2.2,кг,120,264.0
2025-06-01,10,Огурцы,1.6,кг,100,160.0
2025-06-01,10,Салат айсберг,1.1,кг,150,165.0
2025-06-01,10,Картофель,3.5,кг,40,140.0
2025-06-01,10,Сыр пармезан,0.4,кг,800,320.0
2025-06-01,10,Сливки,1.4,л,200,280.0
2025-06-01,10,Молоко,2.5,л,70,175.0
2025-06-01,10,Макароны,2.1,кг,80,168.0
2025-06-01,10,Рис,1.8,кг,90,162.0
2025-06-01,10,Мука,0.8,кг,50,40.0
2025-06-01,10,Сахар,0.5,кг,60,30.0
2025-06-01,10,Кофе в зернах,0.2,кг,800,160.0
2025-06-01,10,Чай листовой,0.1,кг,500,50.0
2025-06-01,10,Соки,2.1,л,120,252.0
2025-06-01,10,Пиво,2.3,л,150,345.0
2025-06-02,5,Рыба (филе),1.0,кг,600,600.0
2025-06-02,5,Креветки,0.6,кг,800,480.0
2025-06-02,5,Помидоры,2.1,кг,120,252.0
2025-06-02,5,Салат айсберг,0.8,кг,150,120.0
2025-06-02,5,Сыр твердый,1.1,кг,450,495.0
2025-06-02,5,Сыр пармезан,0.5,кг,800,400.0
2025-06-02,5,Молоко,2.3,л,70,161.0
2025-06-02,5,Макароны,1.7,кг,80,136.0
2025-06-02,5,Рис,1.5,кг,90,135.0
2025-06-02,5,Мука,1.1,кг,50,55.0
2025-06-02,5,Сахар,0.5,кг,60,30.0
2025-06-02,5,Кофе в зернах,0.3,кг,800,240.0
2025-06-02,5,Чай листовой,0.1,кг,500,50.0
2025-06-02,5,Пиво,2.5,л,150,375.0
2025-06-02,7,Куриное филе,2.0,кг,250,500.0
2025-06-02,7,Говядина,1.4,кг,500,700.0
2025-06-02,7,Свинина,1.2,кг,400,480.0
2025-06-02,7,Рыба (филе),0.9,кг,600,540.0
2025-06-02,7,Помидоры,1.9,кг,120,228.0
2025-06-02,7,Салат айсберг,0.9,кг,150,135.0
2025-06-02,7,Сыр пармезан,0.6,кг,800,480.0
2025-06-02,7,Сливки,1.5,л,200,300.0
2025-06-02,7,Молоко,2.7,л,70,189.0
2025-06-02,7,Макароны,2.5,кг,80,200.0
2025-06-02,7,Рис,1.6,кг,90,144.0
2025-06-02,7,Мука,1.1,кг,50,55.0
2025-06-02,7,Кофе в зернах,0.2,кг,800,160.0
2025-06-02,7,Чай листовой,0.1,кг,500,50.0
2025-06-02,7,Пиво,2.3,л,150,345.0
2025-06-02,9,Куриное филе,2.5,кг,250,625.0
2025-06-02,9,Говядина,1.2,кг,500,600.0
2025-06-02,9,Свинина,1.1,кг,400,440.0
2025-06-02,9,Рыба (филе),1.0,кг,600,600.0
2025-06-02,9,Креветки,0.5,кг,800,400.0
2025-06-02,9,Помидоры,2.0,кг,120,240.0
2025-06-02,9,Огурцы,1.7,кг,100,170.0
2025-06-02,9,Салат айсберг,1.0,кг,150,150.0
2025-06-02,9,Картофель,4.5,кг,40,180.0
2025-06-02,9,Сыр твердый,1.0,кг,450,450.0
2025-06-02,9,Сливки,1.5,л,200,300.0
2025-06-02,9,Молоко,2.6,л,70,182.0
2025-06-02,9,Макароны,2.3,кг,80,184.0
2025-06-02,9,Рис,1.7,кг,90,153.0
2025-06-02,9,Мука,0.9,кг,50,45.0
2025-06-02,9,Сахар,0.6,кг,60,36.0
2025-06-02,9,Кофе в зернах,0.3,кг,800,240.0
2025-06-02,9,Чай листовой,0.1,кг,500,50.0
2025-06-02,9,Соки,2.2,л,120,264.0
2025-06-03,1,Куриное филе,2.8,кг,250,700.0
2025-06-03,1,Говядина,1.5,кг,500,750.0
2025-06-03,1,Креветки,0.5,кг,800,400.0
2025-06-03,1,Помидоры,1.8,кг,120,216.0
2025-06-03,1,Огурцы,1.4,кг,100,140.0
2025-06-03,1,Салат айсберг,0.9,кг,150,135.0
2025-06-03,1,Картофель,4.5,кг,40,180.0
2025-06-03,1,Сыр твердый,1.1,кг,450,495.0
2025-06-03,1,Сыр пармезан,0.5,кг,800,400.0
2025-06-03,1,Макароны,1.9,кг,80,152.0
2025-06-03,1,Рис,1.6,кг,90,144.0
2025-06-03,1,Мука,1.0,кг,50,50.0
2025-06-03,1,Сахар,0.5,кг,60,30.0
2025-06-03,1,Кофе в зернах,0.2,кг,800,160.0
2025-06-03,1,Соки,2.4,л,120,288.0
2025-06-03,1,Пиво,2.3,л,150,345.0
2025-06-03,4,Говядина,1.4,кг,500,700.0
2025-06-03,4,Рыба (филе),1.2,кг,600,720.0
2025-06-03,4,Креветки,0.4,кг,800,320.0
2025-06-03,4,Помидоры,2.2,кг,120,264.0
2025-06-03,4,Картофель,3.4,кг,40,136.0
2025-06-03,4,Сыр пармезан,0.5,кг,800,400.0
2025-06-03,4,Сливки,1.6,л,200,320.0
2025-06-03,4,Рис,1.4,кг,90,126.0
2025-06-03,4,Мука,1.1,кг,50,55.0
2025-06-03,4,Сахар,0.5,кг,60,30.0
2025-06-03,4,Кофе в зернах,0.2,кг,800,160.0
2025-06-03,4,Чай листовой,0.1,кг,500,50.0
2025-06-03,4,Соки,1.7,л,120,204.0
2025-06-03,4,Пиво,2.2,л,150,330.0
2025-06-03,5,Куриное филе,2.4,кг,250,600.0
2025-06-03,5,Свинина,1.0,кг,400,400.0
2025-06-03,5,Рыба (филе),1.1,кг,600,660.0
2025-06-03,5,Огурцы,1.5,кг,100,150.0
2025-06-03,5,Салат айсберг,1.1,кг,150,165.0
2025-06-03,5,Картофель,3.5,кг,40,140.0
2025-06-03,5,Сыр пармезан,0.6,кг,800,480.0
2025-06-03,5,Молоко,2.8,л,70,196.0
2025-06-03,5,Макароны,2.5,кг,80,200.0
2025-06-03,5,Сахар,0.5,кг,60,30.0
2025-06-03,5,Кофе в зернах,0.3,кг,800,240.0
2025-06-03,5,Чай листовой,0.1,кг,500,50.0
2025-06-03,5,Соки,2.3,л,120,276.0
2025-06-03,6,Говядина,1.4,кг,500,700.0
2025-06-03,6,Свинина,0.9,кг,400,360.0
2025-06-03,6,Рыба (филе),1.1,кг,600,660.0
2025-06-03,6,Помидоры,2.4,кг,120,288.0
2025-06-03,6,Сыр твердый,1.1,кг,450,495.0
2025-06-03,6,Сыр пармезан,0.6,кг,800,480.0
2025-06-03,6,Молоко,2.2,л,70,154.0
2025-06-03,6,Макароны,2.0,кг,80,160.0
2025-06-03,6,Рис,1.5,кг,90,135.0
2025-06-03,6,Сахар,0.5,кг,60,30.0
2025-06-03,6,Кофе в зернах,0.3,кг,800,240.0
2025-06-03,6,Чай листовой,0.1,кг,500,50.0
2025-06-03,6,Пиво,2.7,л,150,405.0
2025-06-03,7,Куриное филе,2.4,кг,250,600.0
2025-06-03,7,Говядина,1.4,кг,500,700.0
2025-06-03,7,Креветки,0.4,кг,800,320.0
2025-06-03,7,Огурцы,1.2,кг,100,120.0
2025-06-03,7,Салат айсберг,0.8,кг,150,120.0
2025-06-03,7,Картофель,4.5,кг,40,180.0
2025-06-03,7,Сыр твердый,1.0,кг,450,450.0
2025-06-03,7,Сыр пармезан,0.6,кг,800,480.0
2025-06-03,7,Сливки,1.3,л,200,260.0
2025-06-03,7,Рис,1.5,кг,90,135.0
2025-06-03,7,Мука,1.1,кг,50,55.0
2025-06-03,7,Сахар,0.5,кг,60,30.0
2025-06-03,7,Кофе в зернах,0.2,кг,800,160.0
2025-06-03,7,Соки,1.7,л,120,204.0
2025-06-03,8,Говядина,1.5,кг,500,750.0
2025-06-03,8,Рыба (филе),1.0,кг,600,600.0
2025-06-03,8,Креветки,0.5,кг,800,400.0
2025-06-03,8,Огурцы,1.4,кг,100,140.0
2025-06-03,8,Салат айсберг,1.2,кг,150,180.0
2025-06-03,8,Картофель,3.5,кг,40,140.0
2025-06-03,8,Сыр твердый,0.8,кг,450,360.0
2025-06-03,8,Сыр пармезан,0.5,кг,800,400.0
2025-06-03,8,Молоко,2.8,л,70,196.0
2025-06-03,8,Макароны,1.8,кг,80,144.0
2025-06-03,8,Сахар,0.5,кг,60,30.0
2025-06-03,8,Кофе в зернах,0.2,кг,800,160.0
2025-06-03,8,Соки,2.3,л,120,276.0
2025-06-03,8,Пиво,3.0,л,150,450.0
2025-06-03,9,Куриное филе,2.8,кг,250,700.0
2025-06-03,9,Говядина,1.5,кг,500,750.0
2025-06-03,9,Помидоры,2.0,кг,120,240.0
2025-06-03,9,Огурцы,1.5,кг,100,150.0
2025-06-03,9,Салат айсберг,1.0,кг,150,150.0
2025-06-03,9,Картофель,3.9,кг,40,156.0
2025-06-03,9,Сыр твердый,1.2,кг,450,540.0
2025-06-03,9,Сыр пармезан,0.4,кг,800,320.0
2025-06-03,9,Сливки,1.9,л,200,380.0
2025-06-03,9,Молоко,2.8,л,70,196.0
2025-06-03,9,Макароны,2.0,кг,80,160.0
2025-06-03,9,Мука,1.2,кг,50,60.0
2025-06-03,9,Кофе в зернах,0.3,кг,800,240.0
2025-06-03,9,Чай листовой,0.2,кг,500,100.0
2025-06-03,9,Пиво,2.7,л,150,405.0
2025-06-04,2,Куриное филе,2.7,кг,250,675.0
2025-06-04,2,Говядина,1.2,кг,500,600.0
2025-06-04,2,Свинина,1.2,кг,400,480.0
2025-06-04,2,Рыба (филе),0.9,кг,600,540.0
2025-06-04,2,Креветки,0.5,кг,800,400.0
2025-06-04,2,Помидоры,2.1,кг,120,252.0
2025-06-04,2,Огурцы,1.5,кг,100,150.0
2025-06-04,2,Салат айсберг,1.1,кг,150,165.0
2025-06-04,2,Сыр твердый,1.1,кг,450,495.0
2025-06-04,2,Сливки,1.6,л,200,320.0
2025-06-04,2,Макароны,1.6,кг,80,128.0
2025-06-04,2,Рис,1.7,кг,90,153.0
2025-06-04,2,Мука,0.9,кг,50,45.0
2025-06-04,2,Кофе в зернах,0.3,кг,800,240.0
2025-06-04,2,Соки,2.0,л,120,240.0
2025-06-04,2,Пиво,2.6,л,150,390.0
2025-06-04,6,Куриное филе,2.4,кг,250,600.0
2025-06-04,6,Говядина,1.6,кг,500,800.0
2025-06-04,6,Свинина,0.9,кг,400,360.0
2025-06-04,6,Рыба (филе),1.0,кг,600,600.0
2025-06-04,6,Креветки,0.6,кг,800,480.0
2025-06-04,6,Помидоры,2.3,кг,120,276.0
2025-06-04,6,Огурцы,1.6,кг,100,160.0
2025-06-04,6,Салат айсберг,1.1,кг,150,165.0
2025-06-04,6,Картофель,3.6,кг,40,144.0
2025-06-04,6,Сыр твердый,0.9,кг,450,405.0
2025-06-04,6,Молоко,2.3,л,70,161.0
2025-06-04,6,Макароны,2.1,кг,80,168.0
2025-06-04,6,Рис,1.3,кг,90,117.0
2025-06-04,6,Мука,0.9,кг,50,45.0
2025-06-04,6,Сахар,0.5,кг,60,30.0
2025-06-04,6,Кофе в зернах,0.3,кг,800,240.0
2025-06-04,6,Чай листовой,0.2,кг,500,100.0
2025-06-04,6,Соки,2.1,л,120,252.0
2025-06-04,6,Пиво,2.5,л,150,375.0
2025-06-04,9,Куриное филе,2.6,кг,250,650.0
2025-06-04,9,Свинина,1.1,кг,400,440.0
2025-06-04,9,Рыба (филе),1.0,кг,600,600.0
2025-06-04,9,Креветки,0.5,кг,800,400.0
2025-06-04,9,Помидоры,1.8,кг,120,216.0
2025-06-04,9,Картофель,3.9,кг,40,156.0
2025-06-04,9,Сыр твердый,1.1,кг,450,495.0
2025-06-04,9,Сыр пармезан,0.5,кг,800,400.0
2025-06-04,9,Макароны,1.9,кг,80,152.0
2025-06-04,9,Рис,1.4,кг,90,126.0
2025-06-04,9,Сахар,0.5,кг,60,30.0
2025-06-04,9,Кофе в зернах,0.2,кг,800,160.0
2025-06-04,9,Чай листовой,0.2,кг,500,100.0
2025-06-04,9,Соки,1.9,л,120,228.0
2025-06-04,10,Куриное филе,2.6,кг,250,650.0
2025-06-04,10,Креветки,0.5,кг,800,400.0
2025-06-04,10,Помидоры,2.2,кг,120,264.0
2025-06-04,10,Огурцы,1.2,кг,100,120.0
2025-06-04,10,Салат айсберг,1.0,кг,150,150.0
2025-06-04,10,Сыр твердый,1.1,кг,450,495.0
2025-06-04,10,Сыр пармезан,0.5,кг,800,400.0
2025-06-04,10,Сливки,1.4,л,200,280.0
2025-06-04,10,Молоко,3.1,л,70,217.0
2025-06-04,10,Макароны,1.8,кг,80,144.0
2025-06-04,10,Рис,1.7,кг,90,153.0
2025-06-04,10,Сахар,0.6,кг,60,36.0
2025-06-04,10,Кофе в зернах,0.3,кг,800,240.0
2025-06-05,1,Куриное филе,2.2,кг,250,550.0
2025-06-05,1,Говядина,1.5,кг,500,750.0
2025-06-05,1,Свинина,1.2,кг,400,480.0
2025-06-05,1,Рыба (филе),1.0,кг,600,600.0
2025-06-05,1,Креветки,0.6,кг,800,480.0
2025-06-05,1,Огурцы,1.5,кг,100,150.0
2025-06-05,1,Картофель,3.8,кг,40,152.0
2025-06-05,1,Сыр твердый,0.9,кг,450,405.0
2025-06-05,1,Сливки,1.4,л,200,280.0
2025-06-05,1,Макароны,2.1,кг,80,168.0
2025-06-05,1,Мука,0.9,кг,50,45.0
2025-06-05,1,Кофе в зернах,0.3,кг,800,240.0
2025-06-05,1,Соки,2.3,л,120,276.0
2025-06-05,1,Пиво,2.2,л,150,330.0
2025-06-05,8,Куриное филе,2.1,кг,250,525.0
2025-06-05,8,Свинина,1.1,кг,400,440.0
2025-06-05,8,Креветки,0.6,кг,800,480.0
2025-06-05,8,Огурцы,1.3,кг,100,130.0
2025-06-05,8,Салат айсберг,1.0,кг,150,150.0
2025-06-05,8,Картофель,3.7,кг,40,148.0
2025-06-05,8,Сыр твердый,0.8,кг,450,360.0
2025-06-05,8,Сыр пармезан,0.6,кг,800,480.0
2025-06-05,8,Макароны,2.5,кг,80,200.0
2025-06-05,8,Рис,1.6,кг,90,144.0
2025-06-05,8,Мука,0.9,кг,50,45.0
2025-06-05,8,Сахар,0.5,кг,60,30.0
2025-06-05,8,Кофе в зернах,0.3,кг,800,240.0
2025-06-05,8,Чай листовой,0.2,кг,500,100.0
2025-06-05,8,Соки,1.9,л,120,228.0
2025-06-05,8,Пиво,2.6,л,150,390.0
2025-06-05,9,Говядина,1.7,кг,500,850.0
2025-06-05,9,Свинина,1.2,кг,400,480.0
2025-06-05,9,Рыба (филе),1.0,кг,600,600.0
2025-06-05,9,Помидоры,2.3,кг,120,276.0
2025-06-05,9,Огурцы,1.4,кг,100,140.0
2025-06-05,9,Картофель,4.0,кг,40,160.0
2025-06-05,9,Сыр твердый,0.9,кг,450,405.0
2025-06-05,9,Сливки,1.7,л,200,340.0
2025-06-05,9,Рис,1.4,кг,90,126.0
2025-06-05,9,Мука,1.0,кг,50,50.0
2025-06-05,9,Сахар,0.5,кг,60,30.0
2025-06-05,9,Кофе в зернах,0.3,кг,800,240.0
2025-06-05,9,Чай листовой,0.1,кг,500,50.0
2025-06-05,9,Пиво,2.9,л,150,435.0
2025-06-05,10,Куриное филе,2.6,кг,250,650.0
2025-06-05,10,Свинина,1.0,кг,400,400.0
2025-06-05,10,Рыба (филе),0.9,кг,600,540.0
2025-06-05,10,Помидоры,2.1,кг,120,252.0
2025-06-05,10,Огурцы,1.8,кг,100,180.0
2025-06-05,10,Салат айсберг,1.1,кг,150,165.0
2025-06-05,10,Картофель,4.4,кг,40,176.0
2025-06-05,10,Сыр твердый,1.1,кг,450,495.0
2025-06-05,10,Сыр пармезан,0.4,кг,800,320.0
2025-06-05,10,Сливки,1.3,л,200,260.0
2025-06-05,10,Макароны,2.1,кг,80,168.0
2025-06-05,10,Мука,1.0,кг,50,50.0
2025-06-05,10,Кофе в зернах,0.2,кг,800,160.0
2025-06-05,10,Чай листовой,0.2,кг,500,100.0
2025-06-05,10,Пиво,3.1,л,150,465.0
2025-06-06,1,Куриное филе,2.7,кг,250,675.0
2025-06-06,1,Говядина,1.6,кг,500,800.0
2025-06-06,1,Свинина,0.9,кг,400,360.0
2025-06-06,1,Рыба (филе),1.2,кг,600,720.0
2025-06-06,1,Креветки,0.4,кг,800,320.0
2025-06-06,1,Картофель,3.2,кг,40,128.0
2025-06-06,1,Сыр твердый,0.9,кг,450,405.0
2025-06-06,1,Сыр пармезан,0.5,кг,800,400.0
2025-06-06,1,Макароны,1.8,кг,80,144.0
2025-06-06,1,Рис,1.6,кг,90,144.0
2025-06-06,1,Мука,1.0,кг,50,50.0
2025-06-06,1,Сахар,0.6,кг,60,36.0
2025-06-06,1,Чай листовой,0.1,кг,500,50.0
2025-06-06,1,Пиво,2.2,л,150,330.0
2025-06-06,3,Говядина,1.5,кг,500,750.0
2025-06-06,3,Свинина,1.1,кг,400,440.0
2025-06-06,3,Рыба (филе),1.1,кг,600,660.0
2025-06-06,3,Креветки,0.5,кг,800,400.0
2025-06-06,3,Огурцы,1.7,кг,100,170.0
2025-06-06,3,Салат айсберг,1.0,кг,150,150.0
2025-06-06,3,Сыр пармезан,0.6,кг,800,480.0
2025-06-06,3,Сливки,1.7,л,200,340.0
2025-06-06,3,Молоко,2.1,л,70,147.0
2025-06-06,3,Макароны,1.8,кг,80,144.0
2025-06-06,3,Мука,0.8,кг,50,40.0
2025-06-06,3,Сахар,0.6,кг,60,36.0
2025-06-06,3,Чай листовой,0.1,кг,500,50.0
2025-06-06,4,Куриное филе,2.8,кг,250,700.0
2025-06-06,4,Говядина,1.5,кг,500,750.0
2025-06-06,4,Свинина,1.2,кг,400,480.0
2025-06-06,4,Картофель,3.6,кг,40,144.0
2025-06-06,4,Сыр твердый,1.2,кг,450,540.0
2025-06-06,4,Сыр пармезан,0.5,кг,800,400.0
2025-06-06,4,Сливки,1.8,л,200,360.0
2025-06-06,4,Молоко,2.9,л,70,203.0
2025-06-06,4,Макароны,1.7,кг,80,136.0
2025-06-06,4,Рис,1.5,кг,90,135.0
2025-06-06,4,Сахар,0.6,кг,60,36.0
2025-06-06,4,Кофе в зернах,0.3,кг,800,240.0
2025-06-06,4,Чай листовой,0.2,кг,500,100.0
2025-06-06,4,Пиво,2.3,л,150,345.0
2025-06-06,7,Куриное филе,2.2,кг,250,550.0
2025-06-06,7,Говядина,1.4,кг,500,700.0
2025-06-06,7,Свинина,0.9,кг,400,360.0
2025-06-06,7,Креветки,0.5,кг,800,400.0
2025-06-06,7,Помидоры,1.9,кг,120,228.0
2025-06-06,7,Огурцы,1.3,кг,100,130.0
2025-06-06,7,Салат айсберг,0.9,кг,150,135.0
2025-06-06,7,Сыр твердый,1.1,кг,450,495.0
2025-06-06,7,Сливки,1.7,л,200,340.0
2025-06-06,7,Молоко,2.9,л,70,203.0
2025-06-06,7,Рис,1.6,кг,90,144.0
2025-06-06,7,Мука,1.0,кг,50,50.0
2025-06-06,7,Сахар,0.5,кг,60,30.0
2025-06-06,7,Соки,2.4,л,120,288.0
2025-06-06,8,Куриное филе,2.1,кг,250,525.0
2025-06-06,8,Говядина,1.6,кг,500,800.0
2025-06-06,8,Свинина,0.8,кг,400,320.0
2025-06-06,8,Рыба (филе),1.0,кг,600,600.0
2025-06-06,8,Креветки,0.6,кг,800,480.0
2025-06-06,8,Огурцы,1.2,кг,100,120.0
2025-06-06,8,Картофель,3.4,кг,40,136.0
2025-06-06,8,Сливки,1.3,л,200,260.0
2025-06-06,8,Молоко,3.0,л,70,210.0
2025-06-06,8,Мука,1.2,кг,50,60.0
2025-06-06,8,Сахар,0.5,кг,60,30.0
2025-06-06,8,Кофе в зернах,0.2,кг,800,160.0
2025-06-07,3,Куриное филе,2.2,кг,250,550.0
2025-06-07,3,Свинина,1.0,кг,400,400.0
2025-06-07,3,Рыба (филе),1.0,кг,600,600.0
2025-06-07,3,Креветки,0.6,кг,800,480.0
2025-06-07,3,Помидоры,2.4,кг,120,288.0
2025-06-07,3,Огурцы,1.3,кг,100,130.0
2025-06-07,3,Салат айсберг,0.8,кг,150,120.0
2025-06-07,3,Картофель,4.8,кг,40,192.0
2025-06-07,3,Сыр твердый,1.0,кг,450,450.0
2025-06-07,3,Сыр пармезан,0.6,кг,800,480.0
2025-06-07,3,Молоко,3.0,л,70,210.0
2025-06-07,3,Рис,1.2,кг,90,108.0
2025-06-07,3,Кофе в зернах,0.2,кг,800,160.0
2025-06-07,4,Говядина,1.6,кг,500,800.0
2025-06-07,4,Свинина,0.8,кг,400,320.0
2025-06-07,4,Рыба (филе),1.3,кг,600,780.0
2025-06-07,4,Креветки,0.5,кг,800,400.0
2025-06-07,4,Помидоры,2.2,кг,120,264.0
2025-06-07,4,Салат айсберг,1.1,кг,150,165.0
2025-06-07,4,Картофель,3.7,кг,40,148.0
2025-06-07,4,Сыр твердый,1.1,кг,450,495.0
2025-06-07,4,Сыр пармезан,0.6,кг,800,480.0
2025-06-07,4,Сливки,1.3,л,200,260.0
2025-06-07,4,Молоко,2.4,л,70,168.0
2025-06-07,4,Макароны,2.1,кг,80,168.0
2025-06-07,4,Мука,0.8,кг,50,40.0
2025-06-07,4,Кофе в зернах,0.2,кг,800,160.0
2025-06-07,4,Чай листовой,0.2,кг,500,100.0
2025-06-07,4,Соки,1.8,л,120,216.0
2025-06-07,4,Пиво,2.2,л,150,330.0
2025-06-08,3,Говядина,1.7,кг,500,850.0
2025-06-08,3,Свинина,1.1,кг,400,440.0
2025-06-08,3,Рыба (филе),0.9,кг,600,540.0
2025-06-08,3,Огурцы,1.6,кг,100,160.0
2025-06-08,3,Салат айсберг,1.0,кг,150,150.0
2025-06-08,3,Картофель,3.9,кг,40,156.0
2025-06-08,3,Сыр твердый,1.0,кг,450,450.0
2025-06-08,3,Сыр пармезан,0.5,кг,800,400.0
2025-06-08,3,Молоко,2.6,л,70,182.0
2025-06-08,3,Макароны,2.0,кг,80,160.0
2025-06-08,3,Сахар,0.5,кг,60,30.0
2025-06-08,3,Кофе в зернах,0.2,кг,800,160.0
2025-06-08,3,Чай листовой,0.2,кг,500,100.0
2025-06-08,3,Соки,2.0,л,120,240.0
2025-06-08,4,Куриное филе,2.8,кг,250,700.0
2025-06-08,4,Говядина,1.6,кг,500,800.0
2025-06-08,4,Свинина,1.1,кг,400,440.0
2025-06-08,4,Рыба (филе),1.0,кг,600,600.0
2025-06-08,4,Помидоры,2.1,кг,120,252.0
2025-06-08,4,Огурцы,1.2,кг,100,120.0
2025-06-08,4,Салат айсберг,0.9,кг,150,135.0
2025-06-08,4,Сыр твердый,1.0,кг,450,450.0
2025-06-08,4,Молоко,2.1,л,70,147.0
2025-06-08,4,Макароны,1.6,кг,80,128.0
2025-06-08,4,Рис,1.7,кг,90,153.0
2025-06-08,4,Мука,0.8,кг,50,40.0
2025-06-08,4,Кофе в зернах,0.3,кг,800,240.0
2025-06-08,4,Соки,2.3,л,120,276.0
2025-06-08,4,Пиво,2.4,л,150,360.0
2025-06-08,5,Куриное филе,2.8,кг,250,700.0
2025-06-08,5,Говядина,1.5,кг,500,750.0
2025-06-08,5,Свинина,0.9,кг,400,360.0
2025-06-08,5,Рыба (филе),1.1,кг,600,660.0
2025-06-08,5,Помидоры,2.2,кг,120,264.0
2025-06-08,5,Огурцы,1.4,кг,100,140.0
2025-06-08,5,Салат айсберг,0.9,кг,150,135.0
2025-06-08,5,Картофель,3.9,кг,40,156.0
2025-06-08,5,Сыр пармезан,0.5,кг,800,400.0
2025-06-08,5,Молоко,2.8,л,70,196.0
2025-06-08,5,Макароны,2.0,кг,80,160.0
2025-06-08,5,Рис,1.4,кг,90,126.0
2025-06-08,5,Сахар,0.5,кг,60,30.0
2025-06-08,5,Кофе в зернах,0.2,кг,800,160.0
2025-06-08,5,Соки,1.7,л,120,204.0
2025-06-08,5,Пиво,2.2,л,150,330.0
2025-06-08,6,Креветки,0.5,кг,800,400.0
2025-06-08,6,Огурцы,1.8,кг,100,180.0
2025-06-08,6,Салат айсберг,0.9,кг,150,135.0
2025-06-08,6,Сыр твердый,1.1,кг,450,495.0
2025-06-08,6,Сыр пармезан,0.5,кг,800,400.0
2025-06-08,6,Молоко,2.8,л,70,196.0
2025-06-08,6,Макароны,2.5,кг,80,200.0
2025-06-08,6,Рис,1.6,кг,90,144.0
2025-06-08,6,Мука,1.0,кг,50,50.0
2025-06-08,6,Сахар,0.5,кг,60,30.0
2025-06-08,6,Кофе в зернах,0.3,кг,800,240.0
2025-06-08,6,Чай листовой,0.2,кг,500,100.0
2025-06-08,6,Соки,2.1,л,120,252.0
2025-06-08,6,Пиво,2.4,л,150,360.0
2025-06-08,8,Куриное филе,2.1,кг,250,525.0
2025-06-08,8,Рыба (филе),0.9,кг,600,540.0
2025-06-08,8,Креветки,0.5,кг,800,400.0
2025-06-08,8,Огурцы,1.8,кг,100,180.0
2025-06-08,8,Салат айсберг,1.2,кг,150,180.0
2025-06-08,8,Сыр твердый,0.9,кг,450,405.0
2025-06-08,8,Сыр пармезан,0.6,кг,800,480.0
2025-06-08,8,Сливки,1.7,л,200,340.0
2025-06-08,8,Макароны,2.3,кг,80,184.0
2025-06-08,8,Мука,0.9,кг,50,45.0
2025-06-08,8,Сахар,0.5,кг,60,30.0
2025-06-08,8,Кофе в зернах,0.3,кг,800,240.0
2025-06-08,8,Чай листовой,0.2,кг,500,100.0
2025-06-08,8,Пиво,2.6,л,150,390.0
2025-06-08,10,Говядина,1.6,кг,500,800.0
2025-06-08,10,Свинина,0.9,кг,400,360.0
2025-06-08,10,Рыба (филе),1.1,кг,600,660.0
2025-06-08,10,Креветки,0.5,кг,800,400.0
2025-06-08,10,Помидоры,2.4,кг,120,288.0
2025-06-08,10,Огурцы,1.2,кг,100,120.0
2025-06-08,10,Картофель,4.1,кг,40,164.0
2025-06-08,10,Сыр твердый,1.0,кг,450,450.0
2025-06-08,10,Сыр пармезан,0.4,кг,800,320.0
2025-06-08,10,Сливки,1.8,л,200,360.0
2025-06-08,10,Макароны,2.4,кг,80,192.0
2025-06-08,10,Мука,1.0,кг,50,50.0
2025-06-08,10,Сахар,0.6,кг,60,36.0
2025-06-08,10,Кофе в зернах,0.2,кг,800,160.0
2025-06-08,10,Чай листовой,0.1,кг,500,50.0
2025-06-08,10,Соки,2.2,л,120,264.0
2025-06-08,10,Пиво,3.1,л,150,465.0
2025-06-09,8,Куриное филе,2.8,кг,250,700.0
2025-06-09,8,Говядина,1.4,кг,500,700.0
2025-06-09,8,Свинина,1.0,кг,400,400.0
2025-06-09,8,Рыба (филе),1.0,кг,600,600.0
2025-06-09,8,Креветки,0.4,кг,800,320.0
2025-06-09,8,Помидоры,2.0,кг,120,240.0
2025-06-09,8,Огурцы,1.2,кг,100,120.0
2025-06-09,8,Картофель,4.0,кг,40,160.0
2025-06-09,8,Сыр твердый,1.2,кг,450,540.0
2025-06-09,8,Сливки,1.5,л,200,300.0
2025-06-09,8,Молоко,2.7,л,70,189.0
2025-06-09,8,Макароны,2.5,кг,80,200.0
2025-06-09,8,Рис,1.5,кг,90,135.0
2025-06-09,8,Мука,1.1,кг,50,55.0
2025-06-09,8,Сахар,0.6,кг,60,36.0
2025-06-09,8,Пиво,2.5,л,150,375.0
2025-06-10,6,Куриное филе,2.8,кг,250,700.0
2025-06-10,6,Говядина,1.6,кг,500,800.0
2025-06-10,6,Рыба (филе),1.1,кг,600,660.0
2025-06-10,6,Помидоры,2.0,кг,120,240.0
2025-06-10,6,Огурцы,1.4,кг,100,140.0
2025-06-10,6,Салат айсберг,0.8,кг,150,120.0
2025-06-10,6,Картофель,3.8,кг,40,152.0
2025-06-10,6,Сыр твердый,0.9,кг,450,405.0
2025-06-10,6,Сыр пармезан,0.4,кг,800,320.0
2025-06-10,6,Молоко,2.9,л,70,203.0
2025-06-10,6,Макароны,2.1,кг,80,168.0
2025-06-10,6,Рис,1.5,кг,90,135.0
2025-06-10,6,Мука,1.1,кг,50,55.0
2025-06-10,6,Чай листовой,0.2,кг,500,100.0
2025-06-10,6,Пиво,2.5,л,150,375.0
2025-06-10,9,Куриное филе,2.3,кг,250,575.0
2025-06-10,9,Говядина,1.7,кг,500,850.0
2025-06-10,9,Свинина,1.0,кг,400,400.0
2025-06-10,9,Рыба (филе),1.0,кг,600,600.0
2025-06-10,9,Креветки,0.5,кг,800,400.0
2025-06-10,9,Помидоры,2.5,кг,120,300.0
2025-06-10,9,Огурцы,1.5,кг,100,150.0
2025-06-10,9,Салат айсберг,1.2,кг,150,180.0
2025-06-10,9,Картофель,3.6,кг,40,144.0
2025-06-10,9,Сыр твердый,1.1,кг,450,495.0
2025-06-10,9,Сыр пармезан,0.5,кг,800,400.0
2025-06-10,9,Молоко,2.1,л,70,147.0
2025-06-10,9,Макароны,2.2,кг,80,176.0
2025-06-10,9,Мука,1.1,кг,50,55.0
2025-06-10,9,Кофе в зернах,0.2,кг,800,160.0
2025-06-10,9,Чай листовой,0.1,кг,500,50.0
2025-06-10,9,Соки,1.7,л,120,204.0
2025-06-10,9,Пиво,2.5,л,150,375.0
2025-06-10,10,Куриное филе,2.6,кг,250,650.0
2025-06-10,10,Говядина,1.6,кг,500,800.0
2025-06-10,10,Свинина,0.9,кг,400,360.0
2025-06-10,10,Рыба (филе),0.9,кг,600,540.0
2025-06-10,10,Огурцы,1.7,кг,100,170.0
2025-06-10,10,Салат айсберг,0.8,кг,150,120.0
2025-06-10,10,Сыр твердый,1.2,кг,450,540.0
2025-06-10,10,Сыр пармезан,0.4,кг,800,320.0
2025-06-10,10,Сливки,1.4,л,200,280.0
2025-06-10,10,Молоко,2.4,л,70,168.0
2025-06-10,10,Рис,1.2,кг,90,108.0
2025-06-10,10,Мука,0.9,кг,50,45.0
2025-06-10,10,Сахар,0.5,кг,60,30.0
2025-06-10,10,Кофе в зернах,0.3,кг,800,240.0
2025-06-10,10,Чай листовой,0.2,кг,500,100.0
2025-06-11,1,Куриное филе,2.5,кг,250,625.0
2025-06-11,1,Свинина,0.9,кг,400,360.0
2025-06-11,1,Рыба (филе),1.0,кг,600,600.0
2025-06-11,1,Огурцы,1.6,кг,100,160.0
2025-06-11,1,Салат айсберг,0.8,кг,150,120.0
2025-06-11,1,Картофель,3.2,кг,40,128.0
2025-06-11,1,Сыр твердый,1.0,кг,450,450.0
2025-06-11,1,Сливки,1.4,л,200,280.0
2025-06-11,1,Мука,0.8,кг,50,40.0
2025-06-11,1,Чай листовой,0.2,кг,500,100.0
2025-06-11,1,Соки,2.0,л,120,240.0
2025-06-11,1,Пиво,2.3,л,150,345.0
2025-06-11,6,Куриное филе,2.1,кг,250,525.0
2025-06-11,6,Говядина,1.8,кг,500,900.0
2025-06-11,6,Свинина,1.0,кг,400,400.0
2025-06-11,6,Креветки,0.5,кг,800,400.0
2025-06-11,6,Помидоры,2.3,кг,120,276.0
2025-06-11,6,Салат айсберг,0.9,кг,150,135.0
2025-06-11,6,Картофель,3.7,кг,40,148.0
2025-06-11,6,Сыр пармезан,0.6,кг,800,480.0
2025-06-11,6,Сливки,1.4,л,200,280.0
2025-06-11,6,Молоко,3.2,л,70,224.0
2025-06-11,6,Рис,1.5,кг,90,135.0
2025-06-11,6,Сахар,0.5,кг,60,30.0
2025-06-11,6,Кофе в зернах,0.2,кг,800,160.0
2025-06-11,6,Чай листовой,0.1,кг,500,50.0
2025-06-11,6,Соки,1.6,л,120,192.0
2025-06-11,6,Пиво,2.2,л,150,330.0
2025-06-11,9,Куриное филе,2.5,кг,250,625.0
2025-06-11,9,Говядина,1.6,кг,500,800.0
2025-06-11,9,Свинина,1.0,кг,400,400.0
2025-06-11,9,Рыба (филе),1.1,кг,600,660.0
2025-06-11,9,Креветки,0.4,кг,800,320.0
2025-06-11,9,Сыр твердый,1.1,кг,450,495.0
2025-06-11,9,Сливки,1.8,л,200,360.0
2025-06-11,9,Молоко,2.3,л,70,161.0
2025-06-11,9,Макароны,2.3,кг,80,184.0
2025-06-11,9,Рис,1.7,кг,90,153.0
2025-06-11,9,Мука,1.0,кг,50,50.0
2025-06-11,9,Сахар,0.5,кг,60,30.0
2025-06-11,9,Чай листовой,0.1,кг,500,50.0
2025-06-11,9,Соки,2.1,л,120,252.0
2025-06-11,9,Пиво,2.1,л,150,315.0
2025-06-12,1,Куриное филе,2.1,кг,250,525.0
2025-06-12,1,Говядина,1.6,кг,500,800.0
2025-06-12,1,Свинина,1.0,кг,400,400.0
2025-06-12,1,Рыба (филе),1.1,кг,600,660.0
2025-06-12,1,Креветки,0.6,кг,800,480.0
2025-06-12,1,Салат айсберг,1.1,кг,150,165.0
2025-06-12,1,Картофель,4.7,кг,40,188.0
2025-06-12,1,Сыр твердый,1.1,кг,450,495.0
2025-06-12,1,Сыр пармезан,0.6,кг,800,480.0
2025-06-12,1,Сливки,1.8,л,200,360.0
2025-06-12,1,Молоко,2.5,л,70,175.0
2025-06-12,1,Макароны,2.4,кг,80,192.0
2025-06-12,1,Рис,1.9,кг,90,171.0
2025-06-12,1,Сахар,0.6,кг,60,36.0
2025-06-12,1,Кофе в зернах,0.3,кг,800,240.0
2025-06-12,1,Чай листовой,0.1,кг,500,50.0
2025-06-12,1,Соки,2.5,л,120,300.0
2025-06-12,1,Пиво,2.4,л,150,360.0
2025-06-12,2,Куриное филе,2.2,кг,250,550.0
2025-06-12,2,Говядина,1.2,кг,500,600.0
2025-06-12,2,Рыба (филе),1.1,кг,600,660.0
2025-06-12,2,Креветки,0.5,кг,800,400.0
2025-06-12,2,Помидоры,2.3,кг,120,276.0
2025-06-12,2,Огурцы,1.6,кг,100,160.0
2025-06-12,2,Салат айсберг,0.8,кг,150,120.0
2025-06-12,2,Картофель,4.8,кг,40,192.0
2025-06-12,2,Сливки,1.6,л,200,320.0
2025-06-12,2,Молоко,2.5,л,70,175.0
2025-06-12,2,Макароны,1.9,кг,80,152.0
2025-06-12,2,Сахар,0.4,кг,60,24.0
2025-06-12,2,Кофе в зернах,0.3,кг,800,240.0
2025-06-12,2,Чай листовой,0.2,кг,500,100.0
2025-06-12,2,Соки,1.9,л,120,228.0
2025-06-12,2,Пиво,2.7,л,150,405.0
2025-06-12,4,Свинина,1.0,кг,400,400.0
2025-06-12,4,Рыба (филе),1.0,кг,600,600.0
2025-06-12,4,Салат айсберг,1.0,кг,150,150.0
2025-06-12,4,Картофель,4.6,кг,40,184.0
2025-06-12,4,Сыр твердый,0.9,кг,450,405.0
2025-06-12,4,Сливки,1.5,л,200,300.0
2025-06-12,4,Макароны,1.8,кг,80,144.0
2025-06-12,4,Рис,1.4,кг,90,126.0
2025-06-12,4,Кофе в зернах,0.3,кг,800,240.0
2025-06-12,4,Чай листовой,0.2,кг,500,100.0
2025-06-12,4,Соки,2.1,л,120,252.0
2025-06-12,4,Пиво,2.4,л,150,360.0
2025-06-12,6,Куриное филе,2.5,кг,250,625.0
2025-06-12,6,Говядина,1.7,кг,500,850.0
2025-06-12,6,Свинина,1.0,кг,400,400.0
2025-06-12,6,Рыба (филе),1.0,кг,600,600.0
2025-06-12,6,Креветки,0.5,кг,800,400.0
2025-06-12,6,Огурцы,1.5,кг,100,150.0
2025-06-12,6,Картофель,4.1,кг,40,164.0
2025-06-12,6,Сыр твердый,1.0,кг,450,450.0
2025-06-12,6,Сыр пармезан,0.5,кг,800,400.0
2025-06-12,6,Сливки,1.6,л,200,320.0
2025-06-12,6,Молоко,3.1,л,70,217.0
2025-06-12,6,Макароны,1.8,кг,80,144.0
2025-06-12,6,Рис,1.8,кг,90,162.0
2025-06-12,6,Мука,1.0,кг,50,50.0
2025-06-12,6,Кофе в зернах,0.3,кг,800,240.0
2025-06-12,6,Чай листовой,0.2,кг,500,100.0
2025-06-12,6,Соки,2.1,л,120,252.0
2025-06-12,6,Пиво,2.5,л,150,375.0
2025-06-12,7,Свинина,1.2,кг,400,480.0
2025-06-12,7,Рыба (филе),1.0,кг,600,600.0
2025-06-12,7,Креветки,0.5,кг,800,400.0
2025-06-12,7,Помидоры,1.9,кг,120,228.0
2025-06-12,7,Огурцы,1.8,кг,100,180.0
2025-06-12,7,Салат айсберг,0.8,кг,150,120.0
2025-06-12,7,Сыр твердый,1.2,кг,450,540.0
2025-06-12,7,Сыр пармезан,0.4,кг,800,320.0
2025-06-12,7,Сливки,1.9,л,200,380.0
2025-06-12,7,Макароны,2.0,кг,80,160.0
2025-06-12,7,Мука,1.2,кг,50,60.0
2025-06-12,7,Сахар,0.5,кг,60,30.0
2025-06-12,7,Кофе в зернах,0.2,кг,800,160.0
2025-06-12,7,Чай листовой,0.1,кг,500,50.0
2025-06-12,7,Соки,2.1,л,120,252.0
2025-06-12,7,Пиво,2.8,л,150,420.0
2025-06-12,8,Куриное филе,2.4,кг,250,600.0
2025-06-12,8,Говядина,1.1,кг,500,550.0
2025-06-12,8,Свинина,1.0,кг,400,400.0
2025-06-12,8,Рыба (филе),0.8,кг,600,480.0
2025-06-12,8,Помидоры,2.4,кг,120,288.0
2025-06-12,8,Огурцы,1.3,кг,100,130.0
2025-06-12,8,Салат айсберг,0.9,кг,150,135.0
2025-06-12,8,Картофель,3.4,кг,40,136.0
2025-06-12,8,Сыр твердый,1.1,кг,450,495.0
2025-06-12,8,Рис,1.4,кг,90,126.0
2025-06-12,8,Мука,0.8,кг,50,40.0
2025-06-12,8,Сахар,0.6,кг,60,36.0
2025-06-12,8,Кофе в зернах,0.3,кг,800,240.0
2025-06-12,8,Чай листовой,0.2,кг,500,100.0
2025-06-12,8,Соки,2.2,л,120,264.0
2025-06-12,8,Пиво,2.8,л,150,420.0
2025-06-12,9,Куриное филе,2.2,кг,250,550.0
2025-06-12,9,Говядина,1.4,кг,500,700.0
2025-06-12,9,Свинина,1.0,кг,400,400.0
2025-06-12,9,Рыба (филе),0.9,кг,600,540.0
2025-06-12,9,Креветки,0.5,кг,800,400.0
2025-06-12,9,Помидоры,2.3,кг,120,276.0
2025-06-12,9,Огурцы,1.6,кг,100,160.0
2025-06-12,9,Салат айсберг,0.9,кг,150,135.0
2025-06-12,9,Сыр пармезан,0.6,кг,800,480.0
2025-06-12,9,Сливки,1.3,л,200,260.0
2025-06-12,9,Молоко,2.5,л,70,175.0
2025-06-12,9,Макароны,1.7,кг,80,136.0
2025-06-12,9,Сахар,0.5,кг,60,30.0
2025-06-12,9,Кофе в зернах,0.3,кг,800,240.0
2025-06-12,9,Чай листовой,0.2,кг,500,100.0
2025-06-12,10,Говядина,1.9,кг,500,950.0
2025-06-12,10,Свинина,0.9,кг,400,360.0
2025-06-12,10,Рыба (филе),1.0,кг,600,600.0
2025-06-12,10,Креветки,0.5,кг,800,400.0
2025-06-12,10,Салат айсберг,1.0,кг,150,150.0
2025-06-12,10,Картофель,3.6,кг,40,144.0
2025-06-12,10,Сыр твердый,0.8,кг,450,360.0
2025-06-12,10,Сыр пармезан,0.4,кг,800,320.0
2025-06-12,10,Сливки,1.4,л,200,280.0
2025-06-12,10,Молоко,2.7,л,70,189.0
2025-06-12,10,Рис,1.7,кг,90,153.0
2025-06-12,10,Мука,0.9,кг,50,45.0
2025-06-12,10,Сахар,0.5,кг,60,30.0
2025-06-12,10,Кофе в зернах,0.3,кг,800,240.0
2025-06-12,10,Соки,1.9,л,120,228.0
2025-06-12,10,Пиво,2.1,л,150,315.0
2025-06-14,2,Свинина,0.9,кг,400,360.0
2025-06-14,2,Рыба (филе),1.0,кг,600,600.0
2025-06-14,2,Креветки,0.5,кг,800,400.0
2025-06-14,2,Помидоры,2.4,кг,120,288.0
2025-06-14,2,Картофель,4.5,кг,40,180.0
2025-06-14,2,Сыр твердый,1.2,кг,450,540.0
2025-06-14,2,Сыр пармезан,0.5,кг,800,400.0
2025-06-14,2,Сливки,1.7,л,200,340.0
2025-06-14,2,Макароны,1.9,кг,80,152.0
2025-06-14,2,Сахар,0.6,кг,60,36.0
2025-06-14,2,Пиво,2.7,л,150,405.0
2025-06-14,3,Куриное филе,2.6,кг,250,650.0
2025-06-14,3,Говядина,1.5,кг,500,750.0
2025-06-14,3,Рыба (филе),0.9,кг,600,540.0
2025-06-14,3,Креветки,0.5,кг,800,400.0
2025-06-14,3,Салат айсберг,1.0,кг,150,150.0
2025-06-14,3,Сливки,1.6,л,200,320.0
2025-06-14,3,Молоко,2.5,л,70,175.0
2025-06-14,3,Рис,1.5,кг,90,135.0
2025-06-14,3,Мука,0.9,кг,50,45.0
2025-06-14,3,Чай листовой,0.2,кг,500,100.0
2025-06-14,3,Соки,1.8,л,120,216.0
2025-06-14,5,Куриное филе,2.0,кг,250,500.0
2025-06-14,5,Говядина,1.7,кг,500,850.0
2025-06-14,5,Рыба (филе),0.9,кг,600,540.0
2025-06-14,5,Креветки,0.5,кг,800,400.0
2025-06-14,5,Огурцы,1.6,кг,100,160.0
2025-06-14,5,Салат айсберг,1.0,кг,150,150.0
2025-06-14,5,Сыр твердый,1.1,кг,450,495.0
2025-06-14,5,Сыр пармезан,0.5,кг,800,400.0
2025-06-14,5,Молоко,2.7,л,70,189.0
2025-06-14,5,Макароны,1.6,кг,80,128.0
2025-06-14,5,Рис,1.5,кг,90,135.0
2025-06-14,5,Мука,1.1,кг,50,55.0
2025-06-14,5,Сахар,0.6,кг,60,36.0
2025-06-14,5,Кофе в зернах,0.2,кг,800,160.0
2025-06-14,5,Соки,2.4,л,120,288.0
2025-06-14,5,Пиво,2.7,л,150,405.0
2025-06-14,7,Куриное филе,3.0,кг,250,750.0
2025-06-14,7,Говядина,1.4,кг,500,700.0
2025-06-14,7,Свинина,0.9,кг,400,360.0
2025-06-14,7,Рыба (филе),0.8,кг,600,480.0
2025-06-14,7,Креветки,0.5,кг,800,400.0
2025-06-14,7,Помидоры,2.0,кг,120,240.0
2025-06-14,7,Огурцы,1.8,кг,100,180.0
2025-06-14,7,Картофель,4.0,кг,40,160.0
2025-06-14,7,Сыр твердый,1.1,кг,450,495.0
2025-06-14,7,Молоко,2.0,л,70,140.0
2025-06-14,7,Макароны,2.0,кг,80,160.0
2025-06-14,7,Рис,1.7,кг,90,153.0
2025-06-14,7,Мука,0.8,кг,50,40.0
2025-06-14,7,Сахар,0.6,кг,60,36.0
2025-06-14,7,Кофе в зернах,0.2,кг,800,160.0
2025-06-14,7,Чай листовой,0.2,кг,500,100.0
2025-06-14,7,Соки,2.1,л,120,252.0
2025-06-14,7,Пиво,3.1,л,150,465.0
2025-06-14,9,Куриное филе,2.5,кг,250,625.0
2025-06-14,9,Говядина,1.7,кг,500,850.0
2025-06-14,9,Рыба (филе),1.2,кг,600,720.0
2025-06-14,9,Помидоры,1.8,кг,120,216.0
2025-06-14,9,Огурцы,1.4,кг,100,140.0
2025-06-14,9,Сыр твердый,1.2,кг,450,540.0
2025-06-14,9,Сыр пармезан,0.4,кг,800,320.0
2025-06-14,9,Сливки,1.5,л,200,300.0
2025-06-14,9,Молоко,2.5,л,70,175.0
2025-06-14,9,Макароны,1.7,кг,80,136.0
2025-06-14,9,Рис,1.6,кг,90,144.0
2025-06-14,9,Сахар,0.6,кг,60,36.0
2025-06-14,9,Кофе в зернах,0.3,кг,800,240.0
2025-06-14,9,Чай листовой,0.1,кг,500,50.0
2025-06-14,9,Соки,2.0,л,120,240.0
2025-06-14,9,Пиво,2.2,л,150,330.0
2025-06-14,10,Куриное филе,2.1,кг,250,525.0
2025-06-14,10,Говядина,1.2,кг,500,600.0
2025-06-14,10,Свинина,1.0,кг,400,400.0
2025-06-14,10,Рыба (филе),1.2,кг,600,720.0
2025-06-14,10,Помидоры,1.6,кг,120,192.0
2025-06-14,10,Огурцы,1.6,кг,100,160.0
2025-06-14,10,Салат айсберг,0.9,кг,150,135.0
2025-06-14,10,Картофель,4.5,кг,40,180.0
2025-06-14,10,Сыр твердый,0.8,кг,450,360.0
2025-06-14,10,Сыр пармезан,0.5,кг,800,400.0
2025-06-14,10,Сливки,1.5,л,200,300.0
2025-06-14,10,Макароны,2.1,кг,80,168.0
2025-06-14,10,Кофе в зернах,0.3,кг,800,240.0
2025-06-14,10,Соки,2.5,л,120,300.0
2025-06-15,1,Куриное филе,2.4,кг,250,600.0
2025-06-15,1,Говядина,1.4,кг,500,700.0
2025-06-15,1,Свинина,1.2,кг,400,480.0
2025-06-15,1,Рыба (филе),0.9,кг,600,540.0
2025-06-15,1,Креветки,0.5,кг,800,400.0
2025-06-15,1,Помидоры,2.2,кг,120,264.0
2025-06-15,1,Огурцы,1.7,кг,100,170.0
2025-06-15,1,Салат айсберг,1.0,кг,150,150.0
2025-06-15,1,Сливки,1.5,л,200,300.0
2025-06-15,1,Молоко,2.3,л,70,161.0
2025-06-15,1,Макароны,2.2,кг,80,176.0
2025-06-15,1,Рис,1.5,кг,90,135.0
2025-06-15,1,Сахар,0.4,кг,60,24.0
2025-06-15,1,Соки,1.9,л,120,228.0
2025-06-15,1,Пиво,2.4,л,150,360.0
2025-06-15,2,Куриное филе,2.0,кг,250,500.0
2025-06-15,2,Говядина,1.7,кг,500,850.0
2025-06-15,2,Рыба (филе),1.0,кг,600,600.0
2025-06-15,2,Креветки,0.6,кг,800,480.0
2025-06-15,2,Помидоры,2.3,кг,120,276.0
2025-06-15,2,Огурцы,1.5,кг,100,150.0
2025-06-15,2,Салат айсберг,0.8,кг,150,120.0
2025-06-15,2,Сыр твердый,1.2,кг,450,540.0
2025-06-15,2,Сыр пармезан,0.5,кг,800,400.0
2025-06-15,2,Сливки,1.7,л,200,340.0
2025-06-15,2,Молоко,2.0,л,70,140.0
2025-06-15,2,Макароны,2.1,кг,80,168.0
2025-06-15,2,Рис,1.6,кг,90,144.0
2025-06-15,2,Кофе в зернах,0.2,кг,800,160.0
2025-06-15,2,Пиво,3.1,л,150,465.0
2025-06-15,3,Куриное филе,2.0,кг,250,500.0
2025-06-15,3,Говядина,1.4,кг,500,700.0
2025-06-15,3,Рыба (филе),0.8,кг,600,480.0
2025-06-15,3,Креветки,0.4,кг,800,320.0
2025-06-15,3,Помидоры,2.0,кг,120,240.0
2025-06-15,3,Огурцы,1.6,кг,100,160.0
2025-06-15,3,Салат айсберг,0.9,кг,150,135.0
2025-06-15,3,Картофель,4.5,кг,40,180.0
2025-06-15,3,Сыр твердый,1.1,кг,450,495.0
2025-06-15,3,Сыр пармезан,0.5,кг,800,400.0
2025-06-15,3,Сливки,1.3,л,200,260.0
2025-06-15,3,Молоко,2.3,л,70,161.0
2025-06-15,3,Макароны,2.0,кг,80,160.0
2025-06-15,3,Мука,1.0,кг,50,50.0
2025-06-15,3,Чай листовой,0.2,кг,500,100.0
2025-06-15,3,Соки,1.9,л,120,228.0
2025-06-15,6,Свинина,0.8,кг,400,320.0
2025-06-15,6,Рыба (филе),1.1,кг,600,660.0
2025-06-15,6,Креветки,0.5,кг,800,400.0
2025-06-15,6,Помидоры,1.7,кг,120,204.0
2025-06-15,6,Салат айсберг,1.1,кг,150,165.0
2025-06-15,6,Картофель,4.0,кг,40,160.0
2025-06-15,6,Сыр пармезан,0.6,кг,800,480.0
2025-06-15,6,Сливки,1.4,л,200,280.0
2025-06-15,6,Макароны,2.2,кг,80,176.0
2025-06-15,6,Рис,1.6,кг,90,144.0
2025-06-15,6,Мука,1.2,кг,50,60.0
2025-06-15,6,Сахар,0.5,кг,60,30.0
2025-06-15,6,Кофе в зернах,0.2,кг,800,160.0
2025-06-15,6,Соки,2.1,л,120,252.0
2025-06-15,6,Пиво,2.8,л,150,420.0
2025-06-15,10,Куриное филе,3.2,кг,250,800.0
2025-06-15,10,Говядина,1.4,кг,500,700.0
2025-06-15,10,Свинина,0.8,кг,400,320.0
2025-06-15,10,Рыба (филе),1.2,кг,600,720.0
2025-06-15,10,Креветки,0.6,кг,800,480.0
2025-06-15,10,Огурцы,1.3,кг,100,130.0
2025-06-15,10,Салат айсберг,1.0,кг,150,150.0
2025-06-15,10,Картофель,3.1,кг,40,124.0
2025-06-15,10,Сыр твердый,0.9,кг,450,405.0
2025-06-15,10,Сыр пармезан,0.6,кг,800,480.0
2025-06-15,10,Сливки,1.3,л,200,260.0
2025-06-15,10,Макароны,2.0,кг,80,160.0
2025-06-15,10,Рис,1.4,кг,90,126.0
2025-06-15,10,Мука,1.1,кг,50,55.0
2025-06-15,10,Сахар,0.4,кг,60,24.0
2025-06-15,10,Чай листовой,0.2,кг,500,100.0
2025-06-15,10,Соки,1.8,л,120,216.0
2025-06-15,10,Пиво,2.8,л,150,420.0
2025-06-16,4,Говядина,1.3,кг,500,650.0
2025-06-16,4,Свинина,1.0,кг,400,400.0
2025-06-16,4,Рыба (филе),1.0,кг,600,600.0
2025-06-16,4,Огурцы,1.6,кг,100,160.0
2025-06-16,4,Картофель,3.4,кг,40,136.0
2025-06-16,4,Сливки,1.6,л,200,320.0
2025-06-16,4,Молоко,2.0,л,70,140.0
2025-06-16,4,Макароны,2.4,кг,80,192.0
2025-06-16,4,Мука,1.1,кг,50,55.0
2025-06-16,4,Сахар,0.6,кг,60,36.0
2025-06-16,4,Чай листовой,0.2,кг,500,100.0
2025-06-16,4,Пиво,2.6,л,150,390.0
2025-06-16,7,Куриное филе,3.2,кг,250,800.0
2025-06-16,7,Свинина,0.9,кг,400,360.0
2025-06-16,7,Рыба (филе),1.0,кг,600,600.0
2025-06-16,7,Креветки,0.5,кг,800,400.0
2025-06-16,7,Помидоры,1.8,кг,120,216.0
2025-06-16,7,Огурцы,1.4,кг,100,140.0
2025-06-16,7,Салат айсберг,1.2,кг,150,180.0
2025-06-16,7,Картофель,3.9,кг,40,156.0
2025-06-16,7,Сыр твердый,0.9,кг,450,405.0
2025-06-16,7,Сыр пармезан,0.5,кг,800,400.0
2025-06-16,7,Сливки,1.6,л,200,320.0
2025-06-16,7,Молоко,2.6,л,70,182.0
2025-06-16,7,Макароны,1.9,кг,80,152.0
2025-06-16,7,Рис,1.5,кг,90,135.0
2025-06-16,7,Мука,1.2,кг,50,60.0
2025-06-16,7,Сахар,0.5,кг,60,30.0
2025-06-16,7,Кофе в зернах,0.3,кг,800,240.0
2025-06-16,7,Пиво,2.8,л,150,420.0
2025-06-16,8,Говядина,1.6,кг,500,800.0
2025-06-16,8,Свинина,1.0,кг,400,400.0
2025-06-16,8,Креветки,0.5,кг,800,400.0
2025-06-16,8,Помидоры,1.7,кг,120,204.0
2025-06-16,8,Огурцы,1.8,кг,100,180.0
2025-06-16,8,Сыр твердый,1.0,кг,450,450.0
2025-06-16,8,Сыр пармезан,0.6,кг,800,480.0
2025-06-16,8,Сливки,1.4,л,200,280.0
2025-06-16,8,Макароны,1.8,кг,80,144.0
2025-06-16,8,Рис,1.3,кг,90,117.0
2025-06-16,8,Мука,0.9,кг,50,45.0
2025-06-16,8,Сахар,0.5,кг,60,30.0
2025-06-16,8,Чай листовой,0.1,кг,500,50.0
2025-06-16,8,Соки,2.1,л,120,252.0
2025-06-17,2,Куриное филе,2.7,кг,250,675.0
2025-06-17,2,Рыба (филе),1.1,кг,600,660.0
2025-06-17,2,Креветки,0.5,кг,800,400.0
2025-06-17,2,Помидоры,1.8,кг,120,216.0
2025-06-17,2,Огурцы,1.4,кг,100,140.0
2025-06-17,2,Салат айсберг,1.0,кг,150,150.0
2025-06-17,2,Сыр пармезан,0.5,кг,800,400.0
2025-06-17,2,Молоко,2.7,л,70,189.0
2025-06-17,2,Макароны,1.8,кг,80,144.0
2025-06-17,2,Сахар,0.5,кг,60,30.0
2025-06-17,2,Кофе в зернах,0.2,кг,800,160.0
2025-06-17,2,Соки,1.7,л,120,204.0
2025-06-17,2,Пиво,2.9,л,150,435.0
2025-06-17,4,Куриное филе,2.5,кг,250,625.0
2025-06-17,4,Свинина,0.9,кг,400,360.0
2025-06-17,4,Рыба (филе),0.9,кг,600,540.0
2025-06-17,4,Креветки,0.5,кг,800,400.0
2025-06-17,4,Помидоры,2.3,кг,120,276.0
2025-06-17,4,Огурцы,1.8,кг,100,180.0
2025-06-17,4,Картофель,3.7,кг,40,148.0
2025-06-17,4,Сыр твердый,0.9,кг,450,405.0
2025-06-17,4,Сыр пармезан,0.5,кг,800,400.0
2025-06-17,4,Молоко,2.4,л,70,168.0
2025-06-17,4,Макароны,2.1,кг,80,168.0
2025-06-17,4,Мука,0.9,кг,50,45.0
2025-06-17,4,Сахар,0.5,кг,60,30.0
2025-06-17,4,Кофе в зернах,0.3,кг,800,240.0
2025-06-17,4,Чай листовой,0.2,кг,500,100.0
2025-06-17,4,Соки,2.1,л,120,252.0
2025-06-17,4,Пиво,3.0,л,150,450.0
2025-06-17,7,Куриное филе,2.6,кг,250,650.0
2025-06-17,7,Говядина,1.8,кг,500,900.0
2025-06-17,7,Свинина,0.9,кг,400,360.0
2025-06-17,7,Рыба (филе),1.1,кг,600,660.0
2025-06-17,7,Креветки,0.5,кг,800,400.0
2025-06-17,7,Огурцы,1.6,кг,100,160.0
2025-06-17,7,Салат айсберг,1.1,кг,150,165.0
2025-06-17,7,Картофель,3.2,кг,40,128.0
2025-06-17,7,Сыр твердый,1.2,кг,450,540.0
2025-06-17,7,Сыр пармезан,0.5,кг,800,400.0
2025-06-17,7,Сливки,1.5,л,200,300.0
2025-06-17,7,Молоко,2.4,л,70,168.0
2025-06-17,7,Макароны,1.8,кг,80,144.0
2025-06-17,7,Рис,1.5,кг,90,135.0
2025-06-17,7,Мука,0.9,кг,50,45.0
2025-06-17,7,Сахар,0.5,кг,60,30.0
2025-06-17,7,Кофе в зернах,0.2,кг,800,160.0
2025-06-17,7,Пиво,2.4,л,150,360.0
2025-06-17,9,Куриное филе,2.8,кг,250,700.0
2025-06-17,9,Креветки,0.5,кг,800,400.0
2025-06-17,9,Помидоры,1.9,кг,120,228.0
2025-06-17,9,Огурцы,1.6,кг,100,160.0
2025-06-17,9,Картофель,4.8,кг,40,192.0
2025-06-17,9,Сыр твердый,1.1,кг,450,495.0
2025-06-17,9,Сыр пармезан,0.5,кг,800,400.0
2025-06-17,9,Сливки,1.6,л,200,320.0
2025-06-17,9,Молоко,2.5,л,70,175.0
2025-06-17,9,Макароны,2.0,кг,80,160.0
2025-06-17,9,Рис,1.5,кг,90,135.0
2025-06-17,9,Мука,0.8,кг,50,40.0
2025-06-17,9,Сахар,0.4,кг,60,24.0
2025-06-17,9,Кофе в зернах,0.3,кг,800,240.0
2025-06-17,9,Пиво,2.6,л,150,390.0
2025-06-17,10,Говядина,1.7,кг,500,850.0
2025-06-17,10,Свинина,1.0,кг,400,400.0
2025-06-17,10,Рыба (филе),1.1,кг,600,660.0
2025-06-17,10,Помидоры,2.3,кг,120,276.0
2025-06-17,10,Огурцы,1.5,кг,100,150.0
2025-06-17,10,Салат айсберг,1.1,кг,150,165.0
2025-06-17,10,Картофель,3.9,кг,40,156.0
2025-06-17,10,Сыр твердый,1.0,кг,450,450.0
2025-06-17,10,Молоко,2.7,л,70,189.0
2025-06-17,10,Макароны,2.0,кг,80,160.0
2025-06-17,10,Рис,1.5,кг,90,135.0
2025-06-17,10,Мука,1.1,кг,50,55.0
2025-06-17,10,Сахар,0.5,кг,60,30.0
2025-06-17,10,Кофе в зернах,0.2,кг,800,160.0
2025-06-17,10,Чай листовой,0.2,кг,500,100.0
2025-06-18,5,Куриное филе,2.7,кг,250,675.0
2025-06-18,5,Говядина,1.5,кг,500,750.0
2025-06-18,5,Свинина,1.0,кг,400,400.0
2025-06-18,5,Креветки,0.5,кг,800,400.0
2025-06-18,5,Помидоры,1.8,кг,120,216.0
2025-06-18,5,Огурцы,1.3,кг,100,130.0
2025-06-18,5,Картофель,3.1,кг,40,124.0
2025-06-18,5,Сыр пармезан,0.5,кг,800,400.0
2025-06-18,5,Сливки,1.2,л,200,240.0
2025-06-18,5,Молоко,2.4,л,70,168.0
2025-06-18,5,Мука,1.0,кг,50,50.0
2025-06-18,5,Кофе в зернах,0.3,кг,800,240.0
2025-06-18,5,Чай листовой,0.2,кг,500,100.0
2025-06-18,5,Пиво,2.9,л,150,435.0
2025-06-18,7,Куриное филе,3.0,кг,250,750.0
2025-06-18,7,Говядина,1.6,кг,500,800.0
2025-06-18,7,Свинина,1.1,кг,400,440.0
2025-06-18,7,Креветки,0.5,кг,800,400.0
2025-06-18,7,Огурцы,1.8,кг,100,180.0
2025-06-18,7,Картофель,3.4,кг,40,136.0
2025-06-18,7,Сыр пармезан,0.5,кг,800,400.0
2025-06-18,7,Молоко,2.1,л,70,147.0
2025-06-18,7,Макароны,1.7,кг,80,136.0
2025-06-18,7,Рис,1.3,кг,90,117.0
2025-06-18,7,Сахар,0.4,кг,60,24.0
2025-06-18,7,Чай листовой,0.2,кг,500,100.0
2025-06-18,7,Соки,1.8,л,120,216.0
2025-06-18,8,Говядина,1.7,кг,500,850.0
2025-06-18,8,Свинина,0.9,кг,400,360.0
2025-06-18,8,Креветки,0.5,кг,800,400.0
2025-06-18,8,Помидоры,1.7,кг,120,204.0
2025-06-18,8,Огурцы,1.4,кг,100,140.0
2025-06-18,8,Салат айсберг,1.0,кг,150,150.0
2025-06-18,8,Картофель,4.3,кг,40,172.0
2025-06-18,8,Сыр твердый,1.0,кг,450,450.0
2025-06-18,8,Сыр пармезан,0.4,кг,800,320.0
2025-06-18,8,Молоко,2.7,л,70,189.0
2025-06-18,8,Макароны,2.2,кг,80,176.0
2025-06-18,8,Рис,1.6,кг,90,144.0
2025-06-18,8,Кофе в зернах,0.3,кг,800,240.0
2025-06-18,8,Чай листовой,0.1,кг,500,50.0
2025-06-18,8,Пиво,2.8,л,150,420.0
2025-06-18,10,Куриное филе,2.7,кг,250,675.0
2025-06-18,10,Говядина,1.5,кг,500,750.0
2025-06-18,10,Креветки,0.5,кг,800,400.0
2025-06-18,10,Помидоры,2.1,кг,120,252.0
2025-06-18,10,Огурцы,1.6,кг,100,160.0
2025-06-18,10,Салат айсберг,1.2,кг,150,180.0
2025-06-18,10,Картофель,4.5,кг,40,180.0
2025-06-18,10,Сыр твердый,1.0,кг,450,450.0
2025-06-18,10,Сыр пармезан,0.5,кг,800,400.0
2025-06-18,10,Молоко,2.0,л,70,140.0
2025-06-18,10,Рис,1.4,кг,90,126.0
2025-06-18,10,Мука,1.0,кг,50,50.0
2025-06-18,10,Сахар,0.5,кг,60,30.0
2025-06-18,10,Кофе в зернах,0.2,кг,800,160.0
2025-06-18,10,Соки,2.1,л,120,252.0
2025-06-19,1,Куриное филе,2.9,кг,250,725.0
2025-06-19,1,Говядина,1.3,кг,500,650.0
2025-06-19,1,Свинина,1.0,кг,400,400.0
2025-06-19,1,Рыба (филе),1.0,кг,600,600.0
2025-06-19,1,Помидоры,1.6,кг,120,192.0
2025-06-19,1,Салат айсберг,1.0,кг,150,150.0
2025-06-19,1,Молоко,2.8,л,70,196.0
2025-06-19,1,Макароны,1.9,кг,80,152.0
2025-06-19,1,Рис,1.4,кг,90,126.0
2025-06-19,1,Мука,1.1,кг,50,55.0
2025-06-19,1,Сахар,0.5,кг,60,30.0
2025-06-19,1,Чай листовой,0.1,кг,500,50.0
2025-06-19,1,Соки,2.0,л,120,240.0
2025-06-19,1,Пиво,2.5,л,150,375.0
2025-06-19,2,Свинина,1.0,кг,400,400.0
2025-06-19,2,Креветки,0.4,кг,800,320.0
2025-06-19,2,Помидоры,2.4,кг,120,288.0
2025-06-19,2,Огурцы,1.7,кг,100,170.0
2025-06-19,2,Салат айсберг,1.2,кг,150,180.0
2025-06-19,2,Сыр твердый,0.9,кг,450,405.0
2025-06-19,2,Сливки,1.5,л,200,300.0
2025-06-19,2,Молоко,2.7,л,70,189.0
2025-06-19,2,Макароны,1.9,кг,80,152.0
2025-06-19,2,Рис,1.3,кг,90,117.0
2025-06-19,2,Мука,0.8,кг,50,40.0
2025-06-19,2,Кофе в зернах,0.3,кг,800,240.0
2025-06-19,2,Соки,1.8,л,120,216.0
2025-06-19,2,Пиво,2.0,л,150,300.0
2025-06-19,4,Куриное филе,2.5,кг,250,625.0
2025-06-19,4,Рыба (филе),0.9,кг,600,540.0
2025-06-19,4,Помидоры,2.0,кг,120,240.0
2025-06-19,4,Салат айсберг,1.1,кг,150,165.0
2025-06-19,4,Картофель,4.2,кг,40,168.0
2025-06-19,4,Сыр твердый,1.2,кг,450,540.0
2025-06-19,4,Сыр пармезан,0.6,кг,800,480.0
2025-06-19,4,Макароны,1.9,кг,80,152.0
2025-06-19,4,Рис,1.5,кг,90,135.0
2025-06-19,4,Мука,1.0,кг,50,50.0
2025-06-19,4,Сахар,0.5,кг,60,30.0
2025-06-19,4,Кофе в зернах,0.3,кг,800,240.0
2025-06-19,4,Чай листовой,0.2,кг,500,100.0
2025-06-19,4,Пиво,2.3,л,150,345.0
2025-06-19,5,Куриное филе,2.9,кг,250,725.0
2025-06-19,5,Говядина,1.5,кг,500,750.0
2025-06-19,5,Свинина,1.1,кг,400,440.0
2025-06-19,5,Рыба (филе),1.1,кг,600,660.0
2025-06-19,5,Креветки,0.4,кг,800,320.0
2025-06-19,5,Помидоры,1.6,кг,120,192.0
2025-06-19,5,Огурцы,1.4,кг,100,140.0
2025-06-19,5,Картофель,3.6,кг,40,144.0
2025-06-19,5,Сыр пармезан,0.5,кг,800,400.0
2025-06-19,5,Сливки,1.8,л,200,360.0
2025-06-19,5,Молоко,2.4,л,70,168.0
2025-06-19,5,Макароны,2.0,кг,80,160.0
2025-06-19,5,Рис,1.5,кг,90,135.0
2025-06-19,5,Сахар,0.5,кг,60,30.0
2025-06-19,5,Кофе в зернах,0.2,кг,800,160.0
2025-06-19,5,Соки,1.6,л,120,192.0
2025-06-19,6,Куриное филе,2.3,кг,250,575.0
2025-06-19,6,Говядина,1.5,кг,500,750.0
2025-06-19,6,Свинина,1.0,кг,400,400.0
2025-06-19,6,Рыба (филе),1.0,кг,600,600.0
2025-06-19,6,Креветки,0.6,кг,800,480.0
2025-06-19,6,Огурцы,1.2,кг,100,120.0
2025-06-19,6,Салат айсберг,1.0,кг,150,150.0
2025-06-19,6,Сыр твердый,0.9,кг,450,405.0
2025-06-19,6,Сыр пармезан,0.5,кг,800,400.0
2025-06-19,6,Сливки,1.8,л,200,360.0
2025-06-19,6,Рис,1.3,кг,90,117.0
2025-06-19,6,Мука,1.1,кг,50,55.0
2025-06-19,6,Сахар,0.6,кг,60,36.0
2025-06-19,6,Кофе в зернах,0.3,кг,800,240.0
2025-06-19,6,Чай листовой,0.1,кг,500,50.0
2025-06-19,6,Соки,1.8,л,120,216.0
2025-06-19,6,Пиво,2.3,л,150,345.0
2025-06-19,9,Куриное филе,2.7,кг,250,675.0
2025-06-19,9,Свинина,1.0,кг,400,400.0
2025-06-19,9,Рыба (филе),1.2,кг,600,720.0
2025-06-19,9,Креветки,0.5,кг,800,400.0
2025-06-19,9,Помидоры,1.9,кг,120,228.0
2025-06-19,9,Огурцы,1.5,кг,100,150.0
2025-06-19,9,Салат айсберг,1.2,кг,150,180.0
2025-06-19,9,Картофель,4.3,кг,40,172.0
2025-06-19,9,Сыр твердый,0.8,кг,450,360.0
2025-06-19,9,Сыр пармезан,0.6,кг,800,480.0
2025-06-19,9,Сливки,1.8,л,200,360.0
2025-06-19,9,Молоко,2.7,л,70,189.0
2025-06-19,9,Макароны,1.9,кг,80,152.0
2025-06-19,9,Рис,1.4,кг,90,126.0
2025-06-19,9,Чай листовой,0.2,кг,500,100.0
2025-06-20,4,Свинина,1.2,кг,400,480.0
2025-06-20,4,Креветки,0.5,кг,800,400.0
2025-06-20,4,Помидоры,1.8,кг,120,216.0
2025-06-20,4,Салат айсберг,1.0,кг,150,150.0
2025-06-20,4,Картофель,4.6,кг,40,184.0
2025-06-20,4,Сыр твердый,1.2,кг,450,540.0
2025-06-20,4,Сыр пармезан,0.6,кг,800,480.0
2025-06-20,4,Сливки,1.4,л,200,280.0
2025-06-20,4,Молоко,2.0,л,70,140.0
2025-06-20,4,Макароны,2.2,кг,80,176.0
2025-06-20,4,Рис,1.4,кг,90,126.0
2025-06-20,4,Мука,1.1,кг,50,55.0
2025-06-20,4,Сахар,0.5,кг,60,30.0
2025-06-20,4,Чай листовой,0.1,кг,500,50.0
2025-06-20,4,Соки,2.1,л,120,252.0
2025-06-20,4,Пиво,2.5,л,150,375.0
2025-06-20,5,Куриное филе,2.9,кг,250,725.0
2025-06-20,5,Свинина,1.0,кг,400,400.0
2025-06-20,5,Рыба (филе),0.9,кг,600,540.0
2025-06-20,5,Салат айсберг,1.0,кг,150,150.0
2025-06-20,5,Сыр твердый,1.0,кг,450,450.0
2025-06-20,5,Сыр пармезан,0.5,кг,800,400.0
2025-06-20,5,Сливки,1.8,л,200,360.0
2025-06-20,5,Молоко,2.0,л,70,140.0
2025-06-20,5,Макароны,2.5,кг,80,200.0
2025-06-20,5,Рис,1.4,кг,90,126.0
2025-06-20,5,Сахар,0.4,кг,60,24.0
2025-06-20,5,Чай листовой,0.2,кг,500,100.0
2025-06-20,6,Говядина,1.7,кг,500,850.0
2025-06-20,6,Помидоры,2.0,кг,120,240.0
2025-06-20,6,Огурцы,1.4,кг,100,140.0
2025-06-20,6,Салат айсберг,1.1,кг,150,165.0
2025-06-20,6,Картофель,4.7,кг,40,188.0
2025-06-20,6,Сыр пармезан,0.5,кг,800,400.0
2025-06-20,6,Молоко,2.7,л,70,189.0
2025-06-20,6,Макароны,1.8,кг,80,144.0
2025-06-20,6,Рис,1.3,кг,90,117.0
2025-06-20,6,Сахар,0.5,кг,60,30.0
2025-06-20,6,Кофе в зернах,0.2,кг,800,160.0
2025-06-20,6,Соки,1.5,л,120,180.0
2025-06-20,9,Куриное филе,3.1,кг,250,775.0
2025-06-20,9,Говядина,1.3,кг,500,650.0
2025-06-20,9,Свинина,1.3,кг,400,520.0
2025-06-20,9,Рыба (филе),0.9,кг,600,540.0
2025-06-20,9,Креветки,0.4,кг,800,320.0
2025-06-20,9,Огурцы,1.2,кг,100,120.0
2025-06-20,9,Салат айсберг,0.9,кг,150,135.0
2025-06-20,9,Картофель,3.6,кг,40,144.0
2025-06-20,9,Сыр пармезан,0.5,кг,800,400.0
2025-06-20,9,Сливки,1.7,л,200,340.0
2025-06-20,9,Макароны,2.0,кг,80,160.0
2025-06-20,9,Рис,1.8,кг,90,162.0
2025-06-20,9,Мука,1.0,кг,50,50.0
2025-06-20,9,Сахар,0.6,кг,60,36.0
2025-06-20,9,Кофе в зернах,0.3,кг,800,240.0
2025-06-20,9,Чай листовой,0.2,кг,500,100.0
2025-06-20,9,Соки,2.2,л,120,264.0
2025-06-21,7,Куриное филе,2.7,кг,250,675.0
2025-06-21,7,Говядина,1.6,кг,500,800.0
2025-06-21,7,Рыба (филе),0.9,кг,600,540.0
2025-06-21,7,Креветки,0.6,кг,800,480.0
2025-06-21,7,Помидоры,2.1,кг,120,252.0
2025-06-21,7,Огурцы,1.8,кг,100,180.0
2025-06-21,7,Картофель,3.9,кг,40,156.0
2025-06-21,7,Сыр твердый,1.1,кг,450,495.0
2025-06-21,7,Сыр пармезан,0.5,кг,800,400.0
2025-06-21,7,Сливки,1.7,л,200,340.0
2025-06-21,7,Макароны,1.9,кг,80,152.0
2025-06-21,7,Мука,0.9,кг,50,45.0
2025-06-21,7,Сахар,0.5,кг,60,30.0
2025-06-21,7,Кофе в зернах,0.2,кг,800,160.0
2025-06-21,7,Соки,2.2,л,120,264.0
2025-06-21,7,Пиво,2.7,л,150,405.0
2025-06-22,1,Куриное филе,2.8,кг,250,700.0
2025-06-22,1,Говядина,1.4,кг,500,700.0
2025-06-22,1,Свинина,1.0,кг,400,400.0
2025-06-22,1,Креветки,0.4,кг,800,320.0
2025-06-22,1,Помидоры,2.1,кг,120,252.0
2025-06-22,1,Огурцы,1.8,кг,100,180.0
2025-06-22,1,Картофель,4.1,кг,40,164.0
2025-06-22,1,Сыр пармезан,0.6,кг,800,480.0
2025-06-22,1,Сливки,1.7,л,200,340.0
2025-06-22,1,Макароны,1.9,кг,80,152.0
2025-06-22,1,Рис,1.6,кг,90,144.0
2025-06-22,1,Мука,1.0,кг,50,50.0
2025-06-22,1,Сахар,0.5,кг,60,30.0
2025-06-22,1,Кофе в зернах,0.2,кг,800,160.0
2025-06-22,1,Чай листовой,0.1,кг,500,50.0
2025-06-22,1,Соки,1.6,л,120,192.0
2025-06-22,1,Пиво,2.3,л,150,345.0
2025-06-22,3,Куриное филе,2.5,кг,250,625.0
2025-06-22,3,Рыба (филе),0.8,кг,600,480.0
2025-06-22,3,Креветки,0.4,кг,800,320.0
2025-06-22,3,Помидоры,2.4,кг,120,288.0
2025-06-22,3,Салат айсберг,1.0,кг,150,150.0
2025-06-22,3,Сыр твердый,1.0,кг,450,450.0
2025-06-22,3,Сыр пармезан,0.6,кг,800,480.0
2025-06-22,3,Сливки,1.7,л,200,340.0
2025-06-22,3,Молоко,2.7,л,70,189.0
2025-06-22,3,Макароны,1.8,кг,80,144.0
2025-06-22,3,Рис,1.3,кг,90,117.0
2025-06-22,3,Мука,0.9,кг,50,45.0
2025-06-22,3,Чай листовой,0.1,кг,500,50.0
2025-06-22,5,Куриное филе,2.4,кг,250,600.0
2025-06-22,5,Рыба (филе),1.0,кг,600,600.0
2025-06-22,5,Креветки,0.5,кг,800,400.0
2025-06-22,5,Картофель,4.6,кг,40,184.0
2025-06-22,5,Сыр пармезан,0.5,кг,800,400.0
2025-06-22,5,Сливки,1.7,л,200,340.0
2025-06-22,5,Рис,1.6,кг,90,144.0
2025-06-22,5,Мука,1.0,кг,50,50.0
2025-06-22,5,Сахар,0.4,кг,60,24.0
2025-06-22,5,Кофе в зернах,0.2,кг,800,160.0
2025-06-22,5,Чай листовой,0.2,кг,500,100.0
2025-06-22,5,Соки,2.5,л,120,300.0
2025-06-22,5,Пиво,2.1,л,150,315.0
2025-06-22,6,Куриное филе,2.3,кг,250,575.0
2025-06-22,6,Говядина,1.8,кг,500,900.0
2025-06-22,6,Свинина,0.9,кг,400,360.0
2025-06-22,6,Креветки,0.5,кг,800,400.0
2025-06-22,6,Помидоры,1.8,кг,120,216.0
2025-06-22,6,Огурцы,1.8,кг,100,180.0
2025-06-22,6,Салат айсберг,0.8,кг,150,120.0
2025-06-22,6,Картофель,3.7,кг,40,148.0
2025-06-22,6,Сыр твердый,1.2,кг,450,540.0
2025-06-22,6,Сыр пармезан,0.5,кг,800,400.0
2025-06-22,6,Сливки,1.8,л,200,360.0
2025-06-22,6,Макароны,2.1,кг,80,168.0
2025-06-22,6,Рис,1.8,кг,90,162.0
2025-06-22,6,Мука,1.0,кг,50,50.0
2025-06-22,6,Кофе в зернах,0.3,кг,800,240.0
2025-06-22,6,Чай листовой,0.1,кг,500,50.0
2025-06-22,6,Соки,1.7,л,120,204.0
2025-06-22,6,Пиво,2.4,л,150,360.0
2025-06-22,7,Куриное филе,2.7,кг,250,675.0
2025-06-22,7,Свинина,1.1,кг,400,440.0
2025-06-22,7,Рыба (филе),1.0,кг,600,600.0
2025-06-22,7,Помидоры,2.5,кг,120,300.0
2025-06-22,7,Огурцы,1.4,кг,100,140.0
2025-06-22,7,Картофель,3.9,кг,40,156.0
2025-06-22,7,Сыр твердый,1.0,кг,450,450.0
2025-06-22,7,Сыр пармезан,0.4,кг,800,320.0
2025-06-22,7,Сливки,1.3,л,200,260.0
2025-06-22,7,Молоко,2.7,л,70,189.0
2025-06-22,7,Макароны,2.2,кг,80,176.0
2025-06-22,7,Рис,1.4,кг,90,126.0
2025-06-22,7,Мука,1.1,кг,50,55.0
2025-06-22,7,Сахар,0.6,кг,60,36.0
2025-06-22,7,Кофе в зернах,0.2,кг,800,160.0
2025-06-22,7,Пиво,2.3,л,150,345.0
2025-06-22,8,Куриное филе,2.5,кг,250,625.0
2025-06-22,8,Свинина,1.2,кг,400,480.0
2025-06-22,8,Рыба (филе),0.8,кг,600,480.0
2025-06-22,8,Креветки,0.5,кг,800,400.0
2025-06-22,8,Помидоры,2.0,кг,120,240.0
2025-06-22,8,Огурцы,1.3,кг,100,130.0
2025-06-22,8,Сыр твердый,1.1,кг,450,495.0
2025-06-22,8,Сыр пармезан,0.5,кг,800,400.0
2025-06-22,8,Молоко,2.1,л,70,147.0
2025-06-22,8,Мука,0.9,кг,50,45.0
2025-06-22,8,Чай листовой,0.2,кг,500,100.0
2025-06-22,8,Соки,2.1,л,120,252.0
2025-06-22,10,Куриное филе,2.6,кг,250,650.0
2025-06-22,10,Говядина,1.5,кг,500,750.0
2025-06-22,10,Свинина,1.2,кг,400,480.0
2025-06-22,10,Креветки,0.5,кг,800,400.0
2025-06-22,10,Помидоры,1.9,кг,120,228.0
2025-06-22,10,Салат айсберг,1.2,кг,150,180.0
2025-06-22,10,Сыр пармезан,0.6,кг,800,480.0
2025-06-22,10,Сливки,1.4,л,200,280.0
2025-06-22,10,Молоко,2.3,л,70,161.0
2025-06-22,10,Макароны,2.0,кг,80,160.0
2025-06-22,10,Сахар,0.5,кг,60,30.0
2025-06-22,10,Чай листовой,0.2,кг,500,100.0
2025-06-22,10,Соки,1.7,л,120,204.0
2025-06-23,1,Куриное филе,2.3,кг,250,575.0
2025-06-23,1,Говядина,1.3,кг,500,650.0
2025-06-23,1,Свинина,1.1,кг,400,440.0
2025-06-23,1,Рыба (филе),1.2,кг,600,720.0
2025-06-23,1,Креветки,0.5,кг,800,400.0
2025-06-23,1,Огурцы,1.5,кг,100,150.0
2025-06-23,1,Картофель,4.7,кг,40,188.0
2025-06-23,1,Сыр твердый,1.1,кг,450,495.0
2025-06-23,1,Сыр пармезан,0.5,кг,800,400.0
2025-06-23,1,Сливки,1.6,л,200,320.0
2025-06-23,1,Молоко,2.7,л,70,189.0
2025-06-23,1,Сахар,0.6,кг,60,36.0
2025-06-23,1,Кофе в зернах,0.2,кг,800,160.0
2025-06-23,1,Соки,2.2,л,120,264.0
2025-06-23,1,Пиво,2.7,л,150,405.0
2025-06-23,2,Говядина,1.6,кг,500,800.0
2025-06-23,2,Рыба (филе),1.0,кг,600,600.0
2025-06-23,2,Помидоры,2.0,кг,120,240.0
2025-06-23,2,Салат айсберг,1.0,кг,150,150.0
2025-06-23,2,Картофель,4.6,кг,40,184.0
2025-06-23,2,Молоко,2.5,л,70,175.0
2025-06-23,2,Макароны,1.9,кг,80,152.0
2025-06-23,2,Рис,1.5,кг,90,135.0
2025-06-23,2,Сахар,0.5,кг,60,30.0
2025-06-23,2,Кофе в зернах,0.3,кг,800,240.0
2025-06-23,2,Соки,1.9,л,120,228.0
2025-06-23,2,Пиво,2.4,л,150,360.0
2025-06-23,3,Рыба (филе),1.1,кг,600,660.0
2025-06-23,3,Креветки,0.6,кг,800,480.0
2025-06-23,3,Помидоры,2.1,кг,120,252.0
2025-06-23,3,Огурцы,1.7,кг,100,170.0
2025-06-23,3,Салат айсберг,0.9,кг,150,135.0
2025-06-23,3,Сыр твердый,1.0,кг,450,450.0
2025-06-23,3,Сыр пармезан,0.5,кг,800,400.0
2025-06-23,3,Сливки,1.7,л,200,340.0
2025-06-23,3,Молоко,2.3,л,70,161.0
2025-06-23,3,Макароны,2.3,кг,80,184.0
2025-06-23,3,Мука,1.0,кг,50,50.0
2025-06-23,3,Сахар,0.5,кг,60,30.0
2025-06-23,3,Чай листовой,0.1,кг,500,50.0
2025-06-23,3,Пиво,3.0,л,150,450.0
2025-06-23,4,Куриное филе,2.6,кг,250,650.0
2025-06-23,4,Свинина,0.8,кг,400,320.0
2025-06-23,4,Рыба (филе),1.1,кг,600,660.0
2025-06-23,4,Креветки,0.5,кг,800,400.0
2025-06-23,4,Огурцы,1.6,кг,100,160.0
2025-06-23,4,Салат айсберг,1.0,кг,150,150.0
2025-06-23,4,Картофель,4.1,кг,40,164.0
2025-06-23,4,Сыр твердый,1.1,кг,450,495.0
2025-06-23,4,Сливки,1.5,л,200,300.0
2025-06-23,4,Макароны,2.2,кг,80,176.0
2025-06-23,4,Рис,1.5,кг,90,135.0
2025-06-23,4,Сахар,0.4,кг,60,24.0
2025-06-23,4,Кофе в зернах,0.3,кг,800,240.0
2025-06-23,4,Соки,2.3,л,120,276.0
2025-06-23,5,Куриное филе,2.5,кг,250,625.0
2025-06-23,5,Рыба (филе),0.9,кг,600,540.0
2025-06-23,5,Креветки,0.5,кг,800,400.0
2025-06-23,5,Помидоры,2.1,кг,120,252.0
2025-06-23,5,Огурцы,1.5,кг,100,150.0
2025-06-23,5,Картофель,4.4,кг,40,176.0
2025-06-23,5,Сливки,1.5,л,200,300.0
2025-06-23,5,Молоко,3.1,л,70,217.0
2025-06-23,5,Макароны,1.5,кг,80,120.0
2025-06-23,5,Рис,1.6,кг,90,144.0
2025-06-23,5,Мука,0.9,кг,50,45.0
2025-06-23,5,Сахар,0.5,кг,60,30.0
2025-06-23,5,Чай листовой,0.1,кг,500,50.0
2025-06-23,5,Пиво,2.3,л,150,345.0
2025-06-23,10,Куриное филе,2.3,кг,250,575.0
2025-06-23,10,Говядина,1.3,кг,500,650.0
2025-06-23,10,Свинина,1.1,кг,400,440.0
2025-06-23,10,Рыба (филе),1.2,кг,600,720.0
2025-06-23,10,Креветки,0.5,кг,800,400.0
2025-06-23,10,Огурцы,1.5,кг,100,150.0
2025-06-23,10,Сыр пармезан,0.5,кг,800,400.0
2025-06-23,10,Сливки,1.5,л,200,300.0
2025-06-23,10,Рис,1.5,кг,90,135.0
2025-06-23,10,Мука,0.9,кг,50,45.0
2025-06-23,10,Сахар,0.4,кг,60,24.0
2025-06-23,10,Чай листовой,0.2,кг,500,100.0
2025-06-23,10,Пиво,2.3,л,150,345.0
2025-06-24,2,Куриное филе,2.5,кг,250,625.0
2025-06-24,2,Креветки,0.5,кг,800,400.0
2025-06-24,2,Помидоры,2.1,кг,120,252.0
2025-06-24,2,Огурцы,1.5,кг,100,150.0
2025-06-24,2,Салат айсберг,1.2,кг,150,180.0
2025-06-24,2,Картофель,3.8,кг,40,152.0
2025-06-24,2,Сыр пармезан,0.5,кг,800,400.0
2025-06-24,2,Молоко,2.5,л,70,175.0
2025-06-24,2,Макароны,1.8,кг,80,144.0
2025-06-24,2,Рис,1.7,кг,90,153.0
2025-06-24,2,Мука,1.1,кг,50,55.0
2025-06-24,2,Чай листовой,0.2,кг,500,100.0
2025-06-24,2,Пиво,2.6,л,150,390.0
2025-06-24,5,Говядина,1.8,кг,500,900.0
2025-06-24,5,Свинина,1.0,кг,400,400.0
2025-06-24,5,Рыба (филе),0.8,кг,600,480.0
2025-06-24,5,Помидоры,2.5,кг,120,300.0
2025-06-24,5,Огурцы,1.2,кг,100,120.0
2025-06-24,5,Салат айсберг,1.2,кг,150,180.0
2025-06-24,5,Картофель,3.6,кг,40,144.0
2025-06-24,5,Сыр пармезан,0.5,кг,800,400.0
2025-06-24,5,Сливки,1.4,л,200,280.0
2025-06-24,5,Молоко,2.7,л,70,189.0
2025-06-24,5,Макароны,2.1,кг,80,168.0
2025-06-24,5,Рис,1.5,кг,90,135.0
2025-06-24,5,Мука,1.0,кг,50,50.0
2025-06-24,5,Сахар,0.5,кг,60,30.0
2025-06-24,5,Кофе в зернах,0.3,кг,800,240.0
2025-06-24,5,Пиво,2.3,л,150,345.0
2025-06-24,7,Куриное филе,2.8,кг,250,700.0
2025-06-24,7,Говядина,1.5,кг,500,750.0
2025-06-24,7,Свинина,1.2,кг,400,480.0
2025-06-24,7,Креветки,0.6,кг,800,480.0
2025-06-24,7,Огурцы,1.5,кг,100,150.0
2025-06-24,7,Салат айсберг,0.8,кг,150,120.0
2025-06-24,7,Сыр пармезан,0.5,кг,800,400.0
2025-06-24,7,Сливки,1.6,л,200,320.0
2025-06-24,7,Молоко,2.7,л,70,189.0
2025-06-24,7,Макароны,2.1,кг,80,168.0
2025-06-24,7,Рис,1.9,кг,90,171.0
2025-06-24,7,Мука,0.9,кг,50,45.0
2025-06-24,7,Сахар,0.5,кг,60,30.0
2025-06-24,7,Кофе в зернах,0.3,кг,800,240.0
2025-06-24,7,Чай листовой,0.1,кг,500,50.0
2025-06-24,7,Пиво,3.0,л,150,450.0
2025-06-24,8,Куриное филе,2.6,кг,250,650.0
2025-06-24,8,Говядина,1.4,кг,500,700.0
2025-06-24,8,Свинина,0.9,кг,400,360.0
2025-06-24,8,Рыба (филе),1.2,кг,600,720.0
2025-06-24,8,Креветки,0.5,кг,800,400.0
2025-06-24,8,Помидоры,2.3,кг,120,276.0
2025-06-24,8,Салат айсберг,1.0,кг,150,150.0
2025-06-24,8,Сыр твердый,1.2,кг,450,540.0
2025-06-24,8,Сыр пармезан,0.5,кг,800,400.0
2025-06-24,8,Молоко,2.2,л,70,154.0
2025-06-24,8,Макароны,2.1,кг,80,168.0
2025-06-24,8,Рис,1.3,кг,90,117.0
2025-06-24,8,Пиво,2.1,л,150,315.0
2025-06-24,9,Куриное филе,2.6,кг,250,650.0
2025-06-24,9,Свинина,0.8,кг,400,320.0
2025-06-24,9,Помидоры,1.7,кг,120,204.0
2025-06-24,9,Огурцы,1.4,кг,100,140.0
2025-06-24,9,Салат айсберг,0.8,кг,150,120.0
2025-06-24,9,Сыр твердый,1.0,кг,450,450.0
2025-06-24,9,Сыр пармезан,0.5,кг,800,400.0
2025-06-24,9,Сливки,1.3,л,200,260.0
2025-06-24,9,Макароны,2.1,кг,80,168.0
2025-06-24,9,Рис,1.3,кг,90,117.0
2025-06-24,9,Мука,0.9,кг,50,45.0
2025-06-24,9,Сахар,0.5,кг,60,30.0
2025-06-24,9,Чай листовой,0.2,кг,500,100.0
2025-06-24,9,Соки,2.1,л,120,252.0
2025-06-25,7,Говядина,1.7,кг,500,850.0
2025-06-25,7,Свинина,0.9,кг,400,360.0
2025-06-25,7,Рыба (филе),0.9,кг,600,540.0
2025-06-25,7,Помидоры,2.1,кг,120,252.0
2025-06-25,7,Огурцы,1.7,кг,100,170.0
2025-06-25,7,Салат айсберг,0.8,кг,150,120.0
2025-06-25,7,Сыр твердый,0.9,кг,450,405.0
2025-06-25,7,Сыр пармезан,0.6,кг,800,480.0
2025-06-25,7,Сливки,1.8,л,200,360.0
2025-06-25,7,Молоко,2.2,л,70,154.0
2025-06-25,7,Макароны,1.8,кг,80,144.0
2025-06-25,7,Мука,1.0,кг,50,50.0
2025-06-25,7,Сахар,0.5,кг,60,30.0
2025-06-25,7,Пиво,2.1,л,150,315.0
2025-06-25,10,Куриное филе,2.2,кг,250,550.0
2025-06-25,10,Свинина,0.9,кг,400,360.0
2025-06-25,10,Рыба (филе),1.1,кг,600,660.0
2025-06-25,10,Креветки,0.6,кг,800,480.0
2025-06-25,10,Помидоры,2.4,кг,120,288.0
2025-06-25,10,Огурцы,1.7,кг,100,170.0
2025-06-25,10,Салат айсберг,1.1,кг,150,165.0
2025-06-25,10,Молоко,2.3,л,70,161.0
2025-06-25,10,Рис,1.7,кг,90,153.0
2025-06-25,10,Мука,1.1,кг,50,55.0
2025-06-25,10,Сахар,0.5,кг,60,30.0
2025-06-25,10,Кофе в зернах,0.2,кг,800,160.0
2025-06-25,10,Соки,2.1,л,120,252.0
2025-06-26,7,Говядина,1.2,кг,500,600.0
2025-06-26,7,Свинина,0.9,кг,400,360.0
2025-06-26,7,Рыба (филе),1.1,кг,600,660.0
2025-06-26,7,Креветки,0.5,кг,800,400.0
2025-06-26,7,Помидоры,2.2,кг,120,264.0
2025-06-26,7,Салат айсберг,1.1,кг,150,165.0
2025-06-26,7,Картофель,3.9,кг,40,156.0
2025-06-26,7,Сыр пармезан,0.5,кг,800,400.0
2025-06-26,7,Сливки,1.9,л,200,380.0
2025-06-26,7,Молоко,2.4,л,70,168.0
2025-06-26,7,Рис,1.2,кг,90,108.0
2025-06-26,7,Мука,1.2,кг,50,60.0
2025-06-26,7,Сахар,0.5,кг,60,30.0
2025-06-26,7,Кофе в зернах,0.3,кг,800,240.0
2025-06-26,10,Куриное филе,2.6,кг,250,650.0
2025-06-26,10,Говядина,1.4,кг,500,700.0
2025-06-26,10,Свинина,1.0,кг,400,400.0
2025-06-26,10,Креветки,0.5,кг,800,400.0
2025-06-26,10,Огурцы,1.4,кг,100,140.0
2025-06-26,10,Картофель,4.1,кг,40,164.0
2025-06-26,10,Сыр твердый,0.9,кг,450,405.0
2025-06-26,10,Молоко,2.1,л,70,147.0
2025-06-26,10,Рис,1.4,кг,90,126.0
2025-06-26,10,Чай листовой,0.2,кг,500,100.0
2025-06-26,10,Соки,1.8,л,120,216.0
2025-06-26,10,Пиво,2.7,л,150,405.0
2025-06-27,2,Куриное филе,2.3,кг,250,575.0
2025-06-27,2,Говядина,1.6,кг,500,800.0
2025-06-27,2,Свинина,1.0,кг,400,400.0
2025-06-27,2,Рыба (филе),1.1,кг,600,660.0
2025-06-27,2,Креветки,0.5,кг,800,400.0
2025-06-27,2,Помидоры,2.0,кг,120,240.0
2025-06-27,2,Огурцы,1.2,кг,100,120.0
2025-06-27,2,Салат айсберг,1.1,кг,150,165.0
2025-06-27,2,Сыр твердый,1.2,кг,450,540.0
2025-06-27,2,Сыр пармезан,0.6,кг,800,480.0
2025-06-27,2,Сливки,1.6,л,200,320.0
2025-06-27,2,Макароны,1.9,кг,80,152.0
2025-06-27,2,Рис,1.4,кг,90,126.0
2025-06-27,2,Мука,0.8,кг,50,40.0
2025-06-27,2,Сахар,0.6,кг,60,36.0
2025-06-27,2,Кофе в зернах,0.3,кг,800,240.0
2025-06-27,2,Чай листовой,0.2,кг,500,100.0
2025-06-27,2,Соки,2.1,л,120,252.0
2025-06-27,2,Пиво,2.6,л,150,390.0
2025-06-27,4,Говядина,1.8,кг,500,900.0
2025-06-27,4,Свинина,1.1,кг,400,440.0
2025-06-27,4,Креветки,0.4,кг,800,320.0
2025-06-27,4,Помидоры,2.2,кг,120,264.0
2025-06-27,4,Огурцы,1.7,кг,100,170.0
2025-06-27,4,Сыр пармезан,0.5,кг,800,400.0
2025-06-27,4,Сливки,1.6,л,200,320.0
2025-06-27,4,Молоко,2.5,л,70,175.0
2025-06-27,4,Макароны,1.8,кг,80,144.0
2025-06-27,4,Рис,1.8,кг,90,162.0
2025-06-27,4,Мука,0.8,кг,50,40.0
2025-06-27,4,Чай листовой,0.2,кг,500,100.0
2025-06-27,4,Соки,2.4,л,120,288.0
2025-06-27,4,Пиво,2.7,л,150,405.0
2025-06-27,5,Говядина,1.5,кг,500,750.0
2025-06-27,5,Свинина,0.9,кг,400,360.0
2025-06-27,5,Рыба (филе),1.1,кг,600,660.0
2025-06-27,5,Помидоры,1.9,кг,120,228.0
2025-06-27,5,Огурцы,1.4,кг,100,140.0
2025-06-27,5,Картофель,3.2,кг,40,128.0
2025-06-27,5,Сыр твердый,1.0,кг,450,450.0
2025-06-27,5,Сыр пармезан,0.4,кг,800,320.0
2025-06-27,5,Сливки,1.4,л,200,280.0
2025-06-27,5,Молоко,3.0,л,70,210.0
2025-06-27,5,Мука,1.0,кг,50,50.0
2025-06-27,5,Сахар,0.4,кг,60,24.0
2025-06-27,5,Чай листовой,0.2,кг,500,100.0
2025-06-27,5,Соки,2.5,л,120,300.0
2025-06-27,6,Говядина,1.4,кг,500,700.0
2025-06-27,6,Рыба (филе),1.0,кг,600,600.0
2025-06-27,6,Помидоры,2.1,кг,120,252.0
2025-06-27,6,Огурцы,1.7,кг,100,170.0
2025-06-27,6,Салат айсберг,0.9,кг,150,135.0
2025-06-27,6,Картофель,3.4,кг,40,136.0
2025-06-27,6,Сыр пармезан,0.5,кг,800,400.0
2025-06-27,6,Сливки,1.6,л,200,320.0
2025-06-27,6,Молоко,3.0,л,70,210.0
2025-06-27,6,Макароны,2.2,кг,80,176.0
2025-06-27,6,Рис,1.6,кг,90,144.0
2025-06-27,6,Мука,0.9,кг,50,45.0
2025-06-27,6,Соки,2.5,л,120,300.0
2025-06-27,6,Пиво,2.9,л,150,435.0
2025-06-27,7,Куриное филе,3.0,кг,250,750.0
2025-06-27,7,Говядина,1.5,кг,500,750.0
2025-06-27,7,Свинина,1.0,кг,400,400.0
2025-06-27,7,Креветки,0.5,кг,800,400.0
2025-06-27,7,Помидоры,1.8,кг,120,216.0
2025-06-27,7,Огурцы,1.9,кг,100,190.0
2025-06-27,7,Картофель,4.2,кг,40,168.0
2025-06-27,7,Сыр твердый,1.1,кг,450,495.0
2025-06-27,7,Сыр пармезан,0.5,кг,800,400.0
2025-06-27,7,Молоко,2.9,л,70,203.0
2025-06-27,7,Макароны,2.2,кг,80,176.0
2025-06-27,7,Мука,1.0,кг,50,50.0
2025-06-27,7,Кофе в зернах,0.2,кг,800,160.0
2025-06-27,7,Чай листовой,0.1,кг,500,50.0
2025-06-27,7,Соки,2.4,л,120,288.0
2025-06-27,9,Куриное филе,2.6,кг,250,650.0
2025-06-27,9,Говядина,1.5,кг,500,750.0
2025-06-27,9,Свинина,0.8,кг,400,320.0
2025-06-27,9,Креветки,0.6,кг,800,480.0
2025-06-27,9,Помидоры,1.9,кг,120,228.0
2025-06-27,9,Огурцы,1.4,кг,100,140.0
2025-06-27,9,Картофель,4.6,кг,40,184.0
2025-06-27,9,Сыр твердый,0.9,кг,450,405.0
2025-06-27,9,Макароны,1.8,кг,80,144.0
2025-06-27,9,Рис,1.7,кг,90,153.0
2025-06-27,9,Мука,1.1,кг,50,55.0
2025-06-27,9,Чай листовой,0.1,кг,500,50.0
2025-06-27,9,Соки,1.8,л,120,216.0
2025-06-27,10,Говядина,1.5,кг,500,750.0
2025-06-27,10,Свинина,0.9,кг,400,360.0
2025-06-27,10,Рыба (филе),1.0,кг,600,600.0
2025-06-27,10,Креветки,0.4,кг,800,320.0
2025-06-27,10,Помидоры,2.0,кг,120,240.0
2025-06-27,10,Огурцы,1.4,кг,100,140.0
2025-06-27,10,Салат айсберг,1.0,кг,150,150.0
2025-06-27,10,Картофель,3.7,кг,40,148.0
2025-06-27,10,Сыр твердый,1.1,кг,450,495.0
2025-06-27,10,Сыр пармезан,0.5,кг,800,400.0
2025-06-27,10,Молоко,2.3,л,70,161.0
2025-06-27,10,Сахар,0.6,кг,60,36.0
2025-06-27,10,Кофе в зернах,0.3,кг,800,240.0
2025-06-28,2,Свинина,1.2,кг,400,480.0
2025-06-28,2,Рыба (филе),1.3,кг,600,780.0
2025-06-28,2,Креветки,0.6,кг,800,480.0
2025-06-28,2,Салат айсберг,1.0,кг,150,150.0
2025-06-28,2,Картофель,4.5,кг,40,180.0
2025-06-28,2,Сливки,1.3,л,200,260.0
2025-06-28,2,Макароны,2.3,кг,80,184.0
2025-06-28,2,Рис,1.3,кг,90,117.0
2025-06-28,2,Мука,1.2,кг,50,60.0
2025-06-28,2,Сахар,0.5,кг,60,30.0
2025-06-28,2,Кофе в зернах,0.2,кг,800,160.0
2025-06-28,2,Чай листовой,0.1,кг,500,50.0
2025-06-28,2,Пиво,2.1,л,150,315.0
2025-06-28,3,Говядина,1.4,кг,500,700.0
2025-06-28,3,Свинина,1.1,кг,400,440.0
2025-06-28,3,Креветки,0.6,кг,800,480.0
2025-06-28,3,Помидоры,2.0,кг,120,240.0
2025-06-28,3,Огурцы,1.6,кг,100,160.0
2025-06-28,3,Салат айсберг,1.0,кг,150,150.0
2025-06-28,3,Картофель,3.4,кг,40,136.0
2025-06-28,3,Сыр твердый,1.3,кг,450,585.0
2025-06-28,3,Сыр пармезан,0.4,кг,800,320.0
2025-06-28,3,Сливки,1.3,л,200,260.0
2025-06-28,3,Макароны,2.2,кг,80,176.0
2025-06-28,3,Рис,1.7,кг,90,153.0
2025-06-28,3,Мука,1.0,кг,50,50.0
2025-06-28,3,Кофе в зернах,0.3,кг,800,240.0
2025-06-28,3,Чай листовой,0.2,кг,500,100.0
2025-06-28,3,Соки,1.7,л,120,204.0
2025-06-28,3,Пиво,3.0,л,150,450.0
2025-06-28,5,Куриное филе,2.1,кг,250,525.0
2025-06-28,5,Говядина,1.6,кг,500,800.0
2025-06-28,5,Рыба (филе),1.0,кг,600,600.0
2025-06-28,5,Креветки,0.5,кг,800,400.0
2025-06-28,5,Помидоры,2.3,кг,120,276.0
2025-06-28,5,Огурцы,1.3,кг,100,130.0
2025-06-28,5,Салат айсберг,1.2,кг,150,180.0
2025-06-28,5,Сливки,1.6,л,200,320.0
2025-06-28,5,Молоко,2.7,л,70,189.0
2025-06-28,5,Макароны,1.6,кг,80,128.0
2025-06-28,5,Мука,1.0,кг,50,50.0
2025-06-28,5,Кофе в зернах,0.3,кг,800,240.0
2025-06-28,5,Чай листовой,0.2,кг,500,100.0
2025-06-28,5,Пиво,2.8,л,150,420.0
2025-06-28,6,Куриное филе,2.6,кг,250,650.0
2025-06-28,6,Говядина,1.5,кг,500,750.0
2025-06-28,6,Свинина,1.0,кг,400,400.0
2025-06-28,6,Помидоры,2.1,кг,120,252.0
2025-06-28,6,Салат айсберг,1.0,кг,150,150.0
2025-06-28,6,Картофель,4.6,кг,40,184.0
2025-06-28,6,Сыр твердый,1.0,кг,450,450.0
2025-06-28,6,Сыр пармезан,0.4,кг,800,320.0
2025-06-28,6,Молоко,2.3,л,70,161.0
2025-06-28,6,Рис,1.4,кг,90,126.0
2025-06-28,6,Сахар,0.5,кг,60,30.0
2025-06-28,6,Кофе в зернах,0.2,кг,800,160.0
2025-06-28,6,Чай листовой,0.1,кг,500,50.0
2025-06-28,6,Соки,1.8,л,120,216.0
2025-06-28,8,Говядина,1.3,кг,500,650.0
2025-06-28,8,Рыба (филе),1.1,кг,600,660.0
2025-06-28,8,Креветки,0.6,кг,800,480.0
2025-06-28,8,Помидоры,2.3,кг,120,276.0
2025-06-28,8,Огурцы,1.8,кг,100,180.0
2025-06-28,8,Салат айсберг,0.9,кг,150,135.0
2025-06-28,8,Сыр твердый,1.1,кг,450,495.0
2025-06-28,8,Сыр пармезан,0.6,кг,800,480.0
2025-06-28,8,Сливки,1.4,л,200,280.0
2025-06-28,8,Макароны,1.8,кг,80,144.0
2025-06-28,8,Сахар,0.5,кг,60,30.0
2025-06-28,8,Кофе в зернах,0.2,кг,800,160.0
2025-06-28,8,Чай листовой,0.2,кг,500,100.0
2025-06-28,8,Соки,2.1,л,120,252.0
2025-06-28,8,Пиво,2.2,л,150,330.0
2025-06-29,2,Говядина,1.5,кг,500,750.0
2025-06-29,2,Свинина,1.0,кг,400,400.0
2025-06-29,2,Рыба (филе),0.9,кг,600,540.0
2025-06-29,2,Креветки,0.5,кг,800,400.0
2025-06-29,2,Помидоры,2.1,кг,120,252.0
2025-06-29,2,Огурцы,1.7,кг,100,170.0
2025-06-29,2,Салат айсберг,1.1,кг,150,165.0
2025-06-29,2,Картофель,4.9,кг,40,196.0
2025-06-29,2,Сыр твердый,1.1,кг,450,495.0
2025-06-29,2,Молоко,2.6,л,70,182.0
2025-06-29,2,Макароны,2.3,кг,80,184.0
2025-06-29,2,Рис,1.2,кг,90,108.0
2025-06-29,2,Мука,0.9,кг,50,45.0
2025-06-29,2,Сахар,0.5,кг,60,30.0
2025-06-29,2,Чай листовой,0.2,кг,500,100.0
2025-06-29,2,Соки,2.4,л,120,288.0
2025-06-29,2,Пиво,2.0,л,150,300.0
2025-06-29,4,Куриное филе,3.0,кг,250,750.0
2025-06-29,4,Говядина,1.4,кг,500,700.0
2025-06-29,4,Свинина,1.0,кг,400,400.0
2025-06-29,4,Помидоры,2.0,кг,120,240.0
2025-06-29,4,Огурцы,1.2,кг,100,120.0
2025-06-29,4,Картофель,4.6,кг,40,184.0
2025-06-29,4,Сыр твердый,1.2,кг,450,540.0
2025-06-29,4,Макароны,1.9,кг,80,152.0
2025-06-29,4,Кофе в зернах,0.3,кг,800,240.0
2025-06-29,4,Чай листовой,0.2,кг,500,100.0
2025-06-29,4,Соки,2.0,л,120,240.0
2025-06-29,5,Куриное филе,2.4,кг,250,600.0
2025-06-29,5,Говядина,1.6,кг,500,800.0
2025-06-29,5,Свинина,0.8,кг,400,320.0
2025-06-29,5,Помидоры,2.4,кг,120,288.0
2025-06-29,5,Салат айсберг,1.0,кг,150,150.0
2025-06-29,5,Сыр твердый,1.1,кг,450,495.0
2025-06-29,5,Сыр пармезан,0.4,кг,800,320.0
2025-06-29,5,Молоко,2.7,л,70,189.0
2025-06-29,5,Макароны,2.0,кг,80,160.0
2025-06-29,5,Рис,1.4,кг,90,126.0
2025-06-29,5,Мука,1.0,кг,50,50.0
2025-06-29,5,Сахар,0.5,кг,60,30.0
2025-06-29,5,Чай листовой,0.1,кг,500,50.0
2025-06-29,5,Соки,1.6,л,120,192.0
2025-06-29,5,Пиво,2.4,л,150,360.0
2025-06-30,2,Куриное филе,2.3,кг,250,575.0
2025-06-30,2,Говядина,1.6,кг,500,800.0
2025-06-30,2,Рыба (филе),0.9,кг,600,540.0
2025-06-30,2,Креветки,0.5,кг,800,400.0
2025-06-30,2,Помидоры,1.8,кг,120,216.0
2025-06-30,2,Огурцы,1.8,кг,100,180.0
2025-06-30,2,Салат айсберг,1.2,кг,150,180.0
2025-06-30,2,Картофель,4.5,кг,40,180.0
2025-06-30,2,Сливки,1.7,л,200,340.0
2025-06-30,2,Молоко,2.6,л,70,182.0
2025-06-30,2,Макароны,2.3,кг,80,184.0
2025-06-30,2,Рис,1.4,кг,90,126.0
2025-06-30,2,Сахар,0.6,кг,60,36.0
2025-06-30,2,Чай листовой,0.2,кг,500,100.0
2025-06-30,2,Пиво,2.1,л,150,315.0
2025-06-30,7,Куриное филе,2.6,кг,250,650.0
2025-06-30,7,Говядина,1.8,кг,500,900.0
2025-06-30,7,Рыба (филе),0.8,кг,600,480.0
2025-06-30,7,Креветки,0.4,кг,800,320.0
2025-06-30,7,Помидоры,2.1,кг,120,252.0
2025-06-30,7,Салат айсберг,0.8,кг,150,120.0
2025-06-30,7,Картофель,4.3,кг,40,172.0
2025-06-30,7,Сливки,1.3,л,200,260.0
2025-06-30,7,Молоко,2.4,л,70,168.0
2025-06-30,7,Макароны,2.6,кг,80,208.0
2025-06-30,7,Мука,1.1,кг,50,55.0
2025-06-30,7,Чай листовой,0.2,кг,500,100.0
2025-06-30,7,Соки,1.6,л,120,192.0
2025-06-30,7,Пиво,2.7,л,150,405.0
2025-07-01,3,Куриное филе,2.3,кг,250,575.0
2025-07-01,3,Говядина,1.6,кг,500,800.0
2025-07-01,3,Рыба (филе),1.0,кг,600,600.0
2025-07-01,3,Креветки,0.4,кг,800,320.0
2025-07-01,3,Огурцы,1.4,кг,100,140.0
2025-07-01,3,Салат айсберг,0.8,кг,150,120.0
2025-07-01,3,Картофель,3.1,кг,40,124.0
2025-07-01,3,Сыр твердый,0.8,кг,450,360.0
2025-07-01,3,Сыр пармезан,0.5,кг,800,400.0
2025-07-01,3,Сливки,1.6,л,200,320.0
2025-07-01,3,Макароны,1.9,кг,80,152.0
2025-07-01,3,Рис,1.5,кг,90,135.0
2025-07-01,3,Мука,1.1,кг,50,55.0
2025-07-01,3,Кофе в зернах,0.2,кг,800,160.0
2025-07-01,3,Пиво,3.2,л,150,480.0
2025-07-01,4,Куриное филе,2.6,кг,250,650.0
2025-07-01,4,Говядина,1.4,кг,500,700.0
2025-07-01,4,Свинина,1.0,кг,400,400.0
2025-07-01,4,Рыба (филе),1.0,кг,600,600.0
2025-07-01,4,Креветки,0.5,кг,800,400.0
2025-07-01,4,Огурцы,1.7,кг,100,170.0
2025-07-01,4,Салат айсберг,1.2,кг,150,180.0
2025-07-01,4,Картофель,4.6,кг,40,184.0
2025-07-01,4,Сыр твердый,0.9,кг,450,405.0
2025-07-01,4,Сыр пармезан,0.5,кг,800,400.0
2025-07-01,4,Сливки,1.6,л,200,320.0
2025-07-01,4,Молоко,2.5,л,70,175.0
2025-07-01,4,Рис,1.2,кг,90,108.0
2025-07-01,4,Сахар,0.6,кг,60,36.0
2025-07-01,4,Чай листовой,0.2,кг,500,100.0
2025-07-01,4,Соки,2.4,л,120,288.0
2025-07-01,4,Пиво,2.8,л,150,420.0
2025-07-01,6,Куриное филе,2.7,кг,250,675.0
2025-07-01,6,Говядина,1.8,кг,500,900.0
2025-07-01,6,Свинина,0.9,кг,400,360.0
2025-07-01,6,Рыба (филе),0.9,кг,600,540.0
2025-07-01,6,Помидоры,2.0,кг,120,240.0
2025-07-01,6,Огурцы,1.3,кг,100,130.0
2025-07-01,6,Салат айсберг,0.9,кг,150,135.0
2025-07-01,6,Картофель,4.4,кг,40,176.0
2025-07-01,6,Сыр твердый,1.1,кг,450,495.0
2025-07-01,6,Сливки,1.5,л,200,300.0
2025-07-01,6,Молоко,2.5,л,70,175.0
2025-07-01,6,Макароны,1.6,кг,80,128.0
2025-07-01,6,Рис,1.8,кг,90,162.0
2025-07-01,6,Мука,1.1,кг,50,55.0
2025-07-01,6,Сахар,0.5,кг,60,30.0
2025-07-01,6,Кофе в зернах,0.3,кг,800,240.0
2025-07-01,6,Чай листовой,0.1,кг,500,50.0
2025-07-01,6,Соки,2.0,л,120,240.0
2025-07-01,6,Пиво,2.2,л,150,330.0
2025-07-02,2,Говядина,1.5,кг,500,750.0
2025-07-02,2,Свинина,0.9,кг,400,360.0
2025-07-02,2,Рыба (филе),0.9,кг,600,540.0
2025-07-02,2,Креветки,0.6,кг,800,480.0
2025-07-02,2,Помидоры,1.6,кг,120,192.0
2025-07-02,2,Огурцы,1.5,кг,100,150.0
2025-07-02,2,Салат айсберг,1.3,кг,150,195.0
2025-07-02,2,Картофель,4.9,кг,40,196.0
2025-07-02,2,Сыр пармезан,0.5,кг,800,400.0
2025-07-02,2,Сливки,1.3,л,200,260.0
2025-07-02,2,Молоко,2.1,л,70,147.0
2025-07-02,2,Макароны,2.3,кг,80,184.0
2025-07-02,2,Рис,1.6,кг,90,144.0
2025-07-02,2,Сахар,0.5,кг,60,30.0
2025-07-02,2,Кофе в зернах,0.2,кг,800,160.0
2025-07-02,2,Чай листовой,0.2,кг,500,100.0
2025-07-02,2,Пиво,2.6,л,150,390.0
2025-07-02,6,Куриное филе,2.6,кг,250,650.0
2025-07-02,6,Свинина,1.0,кг,400,400.0
2025-07-02,6,Рыба (филе),1.0,кг,600,600.0
2025-07-02,6,Креветки,0.6,кг,800,480.0
2025-07-02,6,Помидоры,2.0,кг,120,240.0
2025-07-02,6,Салат айсберг,1.2,кг,150,180.0
2025-07-02,6,Картофель,4.3,кг,40,172.0
2025-07-02,6,Сыр твердый,1.0,кг,450,450.0
2025-07-02,6,Сыр пармезан,0.5,кг,800,400.0
2025-07-02,6,Молоко,2.1,л,70,147.0
2025-07-02,6,Макароны,2.2,кг,80,176.0
2025-07-02,6,Рис,1.6,кг,90,144.0
2025-07-02,6,Пиво,2.3,л,150,345.0
2025-07-02,7,Куриное филе,2.4,кг,250,600.0
2025-07-02,7,Говядина,1.5,кг,500,750.0
2025-07-02,7,Свинина,1.2,кг,400,480.0
2025-07-02,7,Помидоры,2.3,кг,120,276.0
2025-07-02,7,Огурцы,1.8,кг,100,180.0
2025-07-02,7,Салат айсберг,0.8,кг,150,120.0
2025-07-02,7,Молоко,2.7,л,70,189.0
2025-07-02,7,Макароны,1.7,кг,80,136.0
2025-07-02,7,Рис,1.4,кг,90,126.0
2025-07-02,7,Мука,1.1,кг,50,55.0
2025-07-02,7,Чай листовой,0.2,кг,500,100.0
2025-07-02,7,Соки,2.4,л,120,288.0
2025-07-02,7,Пиво,2.2,л,150,330.0
2025-07-02,9,Куриное филе,2.3,кг,250,575.0
2025-07-02,9,Говядина,1.2,кг,500,600.0
2025-07-02,9,Рыба (филе),0.9,кг,600,540.0
2025-07-02,9,Креветки,0.5,кг,800,400.0
2025-07-02,9,Огурцы,1.5,кг,100,150.0
2025-07-02,9,Салат айсберг,1.2,кг,150,180.0
2025-07-02,9,Сыр твердый,0.9,кг,450,405.0
2025-07-02,9,Сливки,1.5,л,200,300.0
2025-07-02,9,Молоко,2.6,л,70,182.0
2025-07-02,9,Макароны,2.4,кг,80,192.0
2025-07-02,9,Рис,1.5,кг,90,135.0
2025-07-02,9,Мука,1.2,кг,50,60.0
2025-07-02,9,Чай листовой,0.1,кг,500,50.0
2025-07-02,9,Соки,2.2,л,120,264.0
2025-07-02,9,Пиво,2.3,л,150,345.0
2025-07-03,4,Куриное филе,2.4,кг,250,600.0
2025-07-03,4,Говядина,1.2,кг,500,600.0
2025-07-03,4,Салат айсберг,1.1,кг,150,165.0
2025-07-03,4,Картофель,4.3,кг,40,172.0
2025-07-03,4,Сыр твердый,1.2,кг,450,540.0
2025-07-03,4,Сыр пармезан,0.5,кг,800,400.0
2025-07-03,4,Сливки,1.6,л,200,320.0
2025-07-03,4,Молоко,2.1,л,70,147.0
2025-07-03,4,Макароны,1.7,кг,80,136.0
2025-07-03,4,Рис,1.5,кг,90,135.0
2025-07-03,4,Мука,1.2,кг,50,60.0
2025-07-03,4,Чай листовой,0.2,кг,500,100.0
2025-07-03,4,Соки,1.8,л,120,216.0
2025-07-03,8,Говядина,1.6,кг,500,800.0
2025-07-03,8,Рыба (филе),1.0,кг,600,600.0
2025-07-03,8,Креветки,0.5,кг,800,400.0
2025-07-03,8,Помидоры,1.7,кг,120,204.0
2025-07-03,8,Огурцы,1.5,кг,100,150.0
2025-07-03,8,Салат айсберг,1.0,кг,150,150.0
2025-07-03,8,Картофель,4.2,кг,40,168.0
2025-07-03,8,Сыр твердый,1.2,кг,450,540.0
2025-07-03,8,Макароны,1.7,кг,80,136.0
2025-07-03,8,Рис,1.7,кг,90,153.0
2025-07-03,8,Мука,1.0,кг,50,50.0
2025-07-03,8,Сахар,0.5,кг,60,30.0
2025-07-03,8,Соки,2.0,л,120,240.0
2025-07-04,5,Куриное филе,2.3,кг,250,575.0
2025-07-04,5,Говядина,1.7,кг,500,850.0
2025-07-04,5,Свинина,1.0,кг,400,400.0
2025-07-04,5,Креветки,0.6,кг,800,480.0
2025-07-04,5,Картофель,4.1,кг,40,164.0
2025-07-04,5,Сыр твердый,0.9,кг,450,405.0
2025-07-04,5,Сливки,1.6,л,200,320.0
2025-07-04,5,Макароны,1.9,кг,80,152.0
2025-07-04,5,Рис,1.4,кг,90,126.0
2025-07-04,5,Сахар,0.6,кг,60,36.0
2025-07-04,5,Кофе в зернах,0.3,кг,800,240.0
2025-07-04,5,Чай листовой,0.1,кг,500,50.0
2025-07-04,5,Соки,2.2,л,120,264.0
2025-07-04,5,Пиво,2.1,л,150,315.0
2025-07-04,10,Говядина,1.6,кг,500,800.0
2025-07-04,10,Свинина,1.1,кг,400,440.0
2025-07-04,10,Рыба (филе),1.0,кг,600,600.0
2025-07-04,10,Помидоры,2.0,кг,120,240.0
2025-07-04,10,Огурцы,1.5,кг,100,150.0
2025-07-04,10,Картофель,4.4,кг,40,176.0
2025-07-04,10,Сыр пармезан,0.5,кг,800,400.0
2025-07-04,10,Сливки,1.4,л,200,280.0
2025-07-04,10,Макароны,1.9,кг,80,152.0
2025-07-04,10,Рис,1.8,кг,90,162.0
2025-07-04,10,Мука,1.2,кг,50,60.0
2025-07-04,10,Кофе в зернах,0.2,кг,800,160.0
2025-07-04,10,Соки,1.7,л,120,204.0
2025-07-05,1,Куриное филе,3.0,кг,250,750.0
2025-07-05,1,Говядина,1.5,кг,500,750.0
2025-07-05,1,Рыба (филе),0.9,кг,600,540.0
2025-07-05,1,Креветки,0.5,кг,800,400.0
2025-07-05,1,Огурцы,1.4,кг,100,140.0
2025-07-05,1,Салат айсберг,1.0,кг,150,150.0
2025-07-05,1,Картофель,3.7,кг,40,148.0
2025-07-05,1,Сыр твердый,1.0,кг,450,450.0
2025-07-05,1,Сливки,1.6,л,200,320.0
2025-07-05,1,Макароны,2.1,кг,80,168.0
2025-07-05,1,Сахар,0.5,кг,60,30.0
2025-07-05,1,Кофе в зернах,0.3,кг,800,240.0
2025-07-05,1,Соки,2.2,л,120,264.0
2025-07-05,1,Пиво,2.2,л,150,330.0
2025-07-05,2,Свинина,1.1,кг,400,440.0
2025-07-05,2,Рыба (филе),0.9,кг,600,540.0
2025-07-05,2,Креветки,0.6,кг,800,480.0
2025-07-05,2,Помидоры,2.3,кг,120,276.0
2025-07-05,2,Огурцы,1.3,кг,100,130.0
2025-07-05,2,Салат айсберг,1.0,кг,150,150.0
2025-07-05,2,Картофель,3.9,кг,40,156.0
2025-07-05,2,Сыр твердый,1.1,кг,450,495.0
2025-07-05,2,Сыр пармезан,0.4,кг,800,320.0
2025-07-05,2,Сливки,1.4,л,200,280.0
2025-07-05,2,Молоко,2.9,л,70,203.0
2025-07-05,2,Макароны,2.0,кг,80,160.0
2025-07-05,2,Рис,1.7,кг,90,153.0
2025-07-05,2,Кофе в зернах,0.2,кг,800,160.0
2025-07-05,2,Чай листовой,0.2,кг,500,100.0
2025-07-05,4,Куриное филе,2.6,кг,250,650.0
2025-07-05,4,Рыба (филе),0.8,кг,600,480.0
2025-07-05,4,Помидоры,2.3,кг,120,276.0
2025-07-05,4,Огурцы,1.5,кг,100,150.0
2025-07-05,4,Сыр твердый,1.1,кг,450,495.0
2025-07-05,4,Сыр пармезан,0.6,кг,800,480.0
2025-07-05,4,Молоко,2.6,л,70,182.0
2025-07-05,4,Макароны,2.0,кг,80,160.0
2025-07-05,4,Мука,1.0,кг,50,50.0
2025-07-05,4,Сахар,0.4,кг,60,24.0
2025-07-05,4,Соки,1.8,л,120,216.0
2025-07-05,4,Пиво,2.3,л,150,345.0
2025-07-05,6,Куриное филе,2.4,кг,250,600.0
2025-07-05,6,Говядина,1.2,кг,500,600.0
2025-07-05,6,Свинина,0.9,кг,400,360.0
2025-07-05,6,Креветки,0.5,кг,800,400.0
2025-07-05,6,Огурцы,1.6,кг,100,160.0
2025-07-05,6,Сыр твердый,1.0,кг,450,450.0
2025-07-05,6,Сыр пармезан,0.5,кг,800,400.0
2025-07-05,6,Сливки,1.5,л,200,300.0
2025-07-05,6,Молоко,2.3,л,70,161.0
2025-07-05,6,Макароны,1.9,кг,80,152.0
2025-07-05,6,Рис,1.5,кг,90,135.0
2025-07-05,6,Мука,1.0,кг,50,50.0
2025-07-05,6,Кофе в зернах,0.2,кг,800,160.0
2025-07-05,6,Чай листовой,0.1,кг,500,50.0
2025-07-05,8,Куриное филе,2.9,кг,250,725.0
2025-07-05,8,Говядина,1.5,кг,500,750.0
2025-07-05,8,Свинина,0.8,кг,400,320.0
2025-07-05,8,Рыба (филе),1.1,кг,600,660.0
2025-07-05,8,Помидоры,1.9,кг,120,228.0
2025-07-05,8,Огурцы,1.9,кг,100,190.0
2025-07-05,8,Салат айсберг,1.1,кг,150,165.0
2025-07-05,8,Картофель,4.8,кг,40,192.0
2025-07-05,8,Сыр твердый,0.9,кг,450,405.0
2025-07-05,8,Сыр пармезан,0.4,кг,800,320.0
2025-07-05,8,Сливки,1.7,л,200,340.0
2025-07-05,8,Молоко,2.5,л,70,175.0
2025-07-05,8,Макароны,1.7,кг,80,136.0
2025-07-05,8,Рис,1.5,кг,90,135.0
2025-07-05,8,Мука,1.0,кг,50,50.0
2025-07-05,8,Сахар,0.4,кг,60,24.0
2025-07-05,8,Соки,1.9,л,120,228.0
2025-07-06,3,Куриное филе,2.5,кг,250,625.0
2025-07-06,3,Креветки,0.4,кг,800,320.0
2025-07-06,3,Огурцы,1.2,кг,100,120.0
2025-07-06,3,Салат айсберг,1.1,кг,150,165.0
2025-07-06,3,Картофель,3.2,кг,40,128.0
2025-07-06,3,Сыр твердый,0.9,кг,450,405.0
2025-07-06,3,Молоко,2.7,л,70,189.0
2025-07-06,3,Макароны,1.9,кг,80,152.0
2025-07-06,3,Мука,1.0,кг,50,50.0
2025-07-06,3,Сахар,0.5,кг,60,30.0
2025-07-06,3,Соки,2.3,л,120,276.0
2025-07-07,1,Куриное филе,2.8,кг,250,700.0
2025-07-07,1,Свинина,1.2,кг,400,480.0
2025-07-07,1,Рыба (филе),1.0,кг,600,600.0
2025-07-07,1,Помидоры,2.0,кг,120,240.0
2025-07-07,1,Огурцы,1.6,кг,100,160.0
2025-07-07,1,Салат айсберг,1.1,кг,150,165.0
2025-07-07,1,Сыр твердый,1.1,кг,450,495.0
2025-07-07,1,Сыр пармезан,0.6,кг,800,480.0
2025-07-07,1,Сливки,1.5,л,200,300.0
2025-07-07,1,Молоко,2.9,л,70,203.0
2025-07-07,1,Макароны,2.2,кг,80,176.0
2025-07-07,1,Сахар,0.5,кг,60,30.0
2025-07-07,1,Кофе в зернах,0.2,кг,800,160.0
2025-07-07,1,Чай листовой,0.1,кг,500,50.0
2025-07-07,1,Соки,2.2,л,120,264.0
2025-07-07,1,Пиво,2.6,л,150,390.0
2025-07-07,5,Куриное филе,2.7,кг,250,675.0
2025-07-07,5,Говядина,1.7,кг,500,850.0
2025-07-07,5,Свинина,1.0,кг,400,400.0
2025-07-07,5,Рыба (филе),0.8,кг,600,480.0
2025-07-07,5,Помидоры,2.0,кг,120,240.0
2025-07-07,5,Огурцы,1.6,кг,100,160.0
2025-07-07,5,Салат айсберг,0.9,кг,150,135.0
2025-07-07,5,Картофель,4.5,кг,40,180.0
2025-07-07,5,Сыр твердый,1.0,кг,450,450.0
2025-07-07,5,Сыр пармезан,0.5,кг,800,400.0
2025-07-07,5,Сливки,1.6,л,200,320.0
2025-07-07,5,Макароны,2.1,кг,80,168.0
2025-07-07,5,Рис,1.5,кг,90,135.0
2025-07-07,5,Мука,1.0,кг,50,50.0
2025-07-07,5,Сахар,0.4,кг,60,24.0
2025-07-07,5,Кофе в зернах,0.2,кг,800,160.0
2025-07-07,5,Чай листовой,0.2,кг,500,100.0
2025-07-07,5,Соки,1.6,л,120,192.0
2025-07-07,8,Куриное филе,2.6,кг,250,650.0
2025-07-07,8,Говядина,1.7,кг,500,850.0
2025-07-07,8,Креветки,0.6,кг,800,480.0
2025-07-07,8,Помидоры,2.2,кг,120,264.0
2025-07-07,8,Салат айсберг,0.8,кг,150,120.0
2025-07-07,8,Картофель,4.5,кг,40,180.0
2025-07-07,8,Молоко,2.7,л,70,189.0
2025-07-07,8,Кофе в зернах,0.3,кг,800,240.0
2025-07-07,8,Чай листовой,0.1,кг,500,50.0
2025-07-07,8,Соки,1.7,л,120,204.0
2025-07-07,8,Пиво,2.6,л,150,390.0
2025-07-07,10,Куриное филе,2.6,кг,250,650.0
2025-07-07,10,Свинина,1.0,кг,400,400.0
2025-07-07,10,Рыба (филе),1.2,кг,600,720.0
2025-07-07,10,Креветки,0.5,кг,800,400.0
2025-07-07,10,Помидоры,2.1,кг,120,252.0
2025-07-07,10,Огурцы,1.8,кг,100,180.0
2025-07-07,10,Салат айсберг,1.0,кг,150,150.0
2025-07-07,10,Картофель,3.9,кг,40,156.0
2025-07-07,10,Сыр твердый,1.0,кг,450,450.0
2025-07-07,10,Сыр пармезан,0.5,кг,800,400.0
2025-07-07,10,Сахар,0.5,кг,60,30.0
2025-07-07,10,Кофе в зернах,0.2,кг,800,160.0
2025-07-07,10,Чай листовой,0.2,кг,500,100.0
2025-07-07,10,Соки,1.8,л,120,216.0
2025-07-08,4,Говядина,1.3,кг,500,650.0
2025-07-08,4,Свинина,1.0,кг,400,400.0
2025-07-08,4,Рыба (филе),1.0,кг,600,600.0
2025-07-08,4,Креветки,0.5,кг,800,400.0
2025-07-08,4,Помидоры,2.0,кг,120,240.0
2025-07-08,4,Огурцы,1.4,кг,100,140.0
2025-07-08,4,Салат айсберг,1.0,кг,150,150.0
2025-07-08,4,Картофель,3.2,кг,40,128.0
2025-07-08,4,Сыр твердый,0.9,кг,450,405.0
2025-07-08,4,Сыр пармезан,0.6,кг,800,480.0
2025-07-08,4,Сливки,1.2,л,200,240.0
2025-07-08,4,Молоко,2.0,л,70,140.0
2025-07-08,4,Макароны,2.3,кг,80,184.0
2025-07-08,4,Соки,2.5,л,120,300.0
2025-07-08,4,Пиво,3.1,л,150,465.0
2025-07-08,10,Куриное филе,2.2,кг,250,550.0
2025-07-08,10,Говядина,1.4,кг,500,700.0
2025-07-08,10,Рыба (филе),1.1,кг,600,660.0
2025-07-08,10,Креветки,0.4,кг,800,320.0
2025-07-08,10,Помидоры,2.2,кг,120,264.0
2025-07-08,10,Огурцы,1.4,кг,100,140.0
2025-07-08,10,Салат айсберг,1.1,кг,150,165.0
2025-07-08,10,Картофель,3.9,кг,40,156.0
2025-07-08,10,Сыр твердый,0.8,кг,450,360.0
2025-07-08,10,Сыр пармезан,0.4,кг,800,320.0
2025-07-08,10,Макароны,2.2,кг,80,176.0
2025-07-08,10,Мука,1.1,кг,50,55.0
2025-07-08,10,Сахар,0.5,кг,60,30.0
2025-07-08,10,Кофе в зернах,0.3,кг,800,240.0
2025-07-08,10,Чай листовой,0.2,кг,500,100.0
2025-07-08,10,Соки,2.1,л,120,252.0
2025-07-08,10,Пиво,2.8,л,150,420.0
2025-07-09,4,Куриное филе,2.3,кг,250,575.0
2025-07-09,4,Говядина,1.4,кг,500,700.0
2025-07-09,4,Рыба (филе),1.1,кг,600,660.0
2025-07-09,4,Креветки,0.4,кг,800,320.0
2025-07-09,4,Огурцы,1.4,кг,100,140.0
2025-07-09,4,Салат айсберг,0.8,кг,150,120.0
2025-07-09,4,Картофель,4.7,кг,40,188.0
2025-07-09,4,Сыр пармезан,0.5,кг,800,400.0
2025-07-09,4,Сливки,1.4,л,200,280.0
2025-07-09,4,Молоко,2.9,л,70,203.0
2025-07-09,4,Рис,1.5,кг,90,135.0
2025-07-09,4,Мука,0.9,кг,50,45.0
2025-07-09,4,Соки,2.4,л,120,288.0
2025-07-09,4,Пиво,2.8,л,150,420.0
2025-07-09,5,Куриное филе,2.1,кг,250,525.0
2025-07-09,5,Говядина,1.5,кг,500,750.0
2025-07-09,5,Свинина,0.9,кг,400,360.0
2025-07-09,5,Рыба (филе),0.9,кг,600,540.0
2025-07-09,5,Креветки,0.5,кг,800,400.0
2025-07-09,5,Помидоры,2.0,кг,120,240.0
2025-07-09,5,Салат айсберг,1.1,кг,150,165.0
2025-07-09,5,Картофель,4.1,кг,40,164.0
2025-07-09,5,Сыр твердый,1.2,кг,450,540.0
2025-07-09,5,Сливки,1.4,л,200,280.0
2025-07-09,5,Молоко,2.1,л,70,147.0
2025-07-09,5,Макароны,2.2,кг,80,176.0
2025-07-09,5,Рис,1.5,кг,90,135.0
2025-07-09,5,Кофе в зернах,0.2,кг,800,160.0
2025-07-09,5,Чай листовой,0.2,кг,500,100.0
2025-07-09,5,Соки,2.4,л,120,288.0
2025-07-09,8,Говядина,1.7,кг,500,850.0
2025-07-09,8,Рыба (филе),0.9,кг,600,540.0
2025-07-09,8,Креветки,0.4,кг,800,320.0
2025-07-09,8,Помидоры,1.7,кг,120,204.0
2025-07-09,8,Огурцы,1.4,кг,100,140.0
2025-07-09,8,Салат айсберг,0.9,кг,150,135.0
2025-07-09,8,Картофель,3.9,кг,40,156.0
2025-07-09,8,Сыр твердый,1.2,кг,450,540.0
2025-07-09,8,Сыр пармезан,0.6,кг,800,480.0
2025-07-09,8,Молоко,2.8,л,70,196.0
2025-07-09,8,Макароны,2.0,кг,80,160.0
2025-07-09,8,Мука,1.0,кг,50,50.0
2025-07-09,8,Кофе в зернах,0.2,кг,800,160.0
2025-07-10,1,Куриное филе,2.0,кг,250,500.0
2025-07-10,1,Креветки,0.4,кг,800,320.0
2025-07-10,1,Помидоры,1.7,кг,120,204.0
2025-07-10,1,Огурцы,1.5,кг,100,150.0
2025-07-10,1,Салат айсберг,1.2,кг,150,180.0
2025-07-10,1,Сыр пармезан,0.5,кг,800,400.0
2025-07-10,1,Молоко,2.9,л,70,203.0
2025-07-10,1,Макароны,2.1,кг,80,168.0
2025-07-10,1,Мука,1.0,кг,50,50.0
2025-07-10,1,Сахар,0.6,кг,60,36.0
2025-07-10,1,Кофе в зернах,0.2,кг,800,160.0
2025-07-10,1,Чай листовой,0.2,кг,500,100.0
2025-07-10,3,Свинина,1.0,кг,400,400.0
2025-07-10,3,Креветки,0.5,кг,800,400.0
2025-07-10,3,Помидоры,1.8,кг,120,216.0
2025-07-10,3,Огурцы,1.4,кг,100,140.0
2025-07-10,3,Салат айсберг,0.9,кг,150,135.0
2025-07-10,3,Картофель,3.8,кг,40,152.0
2025-07-10,3,Сыр твердый,0.9,кг,450,405.0
2025-07-10,3,Сыр пармезан,0.5,кг,800,400.0
2025-07-10,3,Молоко,2.6,л,70,182.0
2025-07-10,3,Макароны,1.9,кг,80,152.0
2025-07-10,3,Рис,1.9,кг,90,171.0
2025-07-10,3,Мука,1.1,кг,50,55.0
2025-07-10,3,Сахар,0.6,кг,60,36.0
2025-07-10,3,Кофе в зернах,0.2,кг,800,160.0
2025-07-10,3,Чай листовой,0.2,кг,500,100.0
2025-07-10,3,Пиво,2.7,л,150,405.0
2025-07-10,5,Куриное филе,2.8,кг,250,700.0
2025-07-10,5,Говядина,1.3,кг,500,650.0
2025-07-10,5,Свинина,0.9,кг,400,360.0
2025-07-10,5,Рыба (филе),0.9,кг,600,540.0
2025-07-10,5,Креветки,0.6,кг,800,480.0
2025-07-10,5,Помидоры,2.0,кг,120,240.0
2025-07-10,5,Огурцы,1.6,кг,100,160.0
2025-07-10,5,Салат айсберг,1.0,кг,150,150.0
2025-07-10,5,Картофель,3.2,кг,40,128.0
2025-07-10,5,Сыр твердый,1.0,кг,450,450.0
2025-07-10,5,Сыр пармезан,0.6,кг,800,480.0
2025-07-10,5,Сливки,1.5,л,200,300.0
2025-07-10,5,Молоко,2.1,л,70,147.0
2025-07-10,5,Макароны,1.9,кг,80,152.0
2025-07-10,5,Рис,1.7,кг,90,153.0
2025-07-10,5,Мука,0.8,кг,50,40.0
2025-07-10,5,Сахар,0.4,кг,60,24.0
2025-07-10,5,Кофе в зернах,0.3,кг,800,240.0
2025-07-10,5,Соки,1.8,л,120,216.0
2025-07-10,5,Пиво,2.6,л,150,390.0
2025-07-10,9,Говядина,1.8,кг,500,900.0
2025-07-10,9,Свинина,1.1,кг,400,440.0
2025-07-10,9,Помидоры,1.9,кг,120,228.0
2025-07-10,9,Огурцы,1.2,кг,100,120.0
2025-07-10,9,Картофель,4.0,кг,40,160.0
2025-07-10,9,Сыр твердый,1.1,кг,450,495.0
2025-07-10,9,Сыр пармезан,0.5,кг,800,400.0
2025-07-10,9,Молоко,2.7,л,70,189.0
2025-07-10,9,Рис,1.8,кг,90,162.0
2025-07-10,9,Кофе в зернах,0.2,кг,800,160.0
2025-07-10,9,Чай листовой,0.1,кг,500,50.0
2025-07-10,9,Пиво,2.3,л,150,345.0
2025-07-10,10,Говядина,1.4,кг,500,700.0
2025-07-10,10,Креветки,0.5,кг,800,400.0
2025-07-10,10,Помидоры,2.3,кг,120,276.0
2025-07-10,10,Огурцы,1.7,кг,100,170.0
2025-07-10,10,Салат айсберг,1.2,кг,150,180.0
2025-07-10,10,Картофель,3.7,кг,40,148.0
2025-07-10,10,Сыр твердый,0.9,кг,450,405.0
2025-07-10,10,Сыр пармезан,0.6,кг,800,480.0
2025-07-10,10,Сливки,1.4,л,200,280.0
2025-07-10,10,Молоко,2.1,л,70,147.0
2025-07-10,10,Макароны,2.3,кг,80,184.0
2025-07-10,10,Рис,1.4,кг,90,126.0
2025-07-10,10,Мука,0.9,кг,50,45.0
2025-07-10,10,Кофе в зернах,0.3,кг,800,240.0
2025-07-10,10,Чай листовой,0.1,кг,500,50.0
2025-07-10,10,Соки,1.8,л,120,216.0
2025-07-10,10,Пиво,2.4,л,150,360.0
2025-07-11,1,Говядина,1.7,кг,500,850.0
2025-07-11,1,Свинина,0.9,кг,400,360.0
2025-07-11,1,Рыба (филе),1.2,кг,600,720.0
2025-07-11,1,Помидоры,2.1,кг,120,252.0
2025-07-11,1,Огурцы,1.6,кг,100,160.0
2025-07-11,1,Сыр твердый,1.0,кг,450,450.0
2025-07-11,1,Сливки,1.6,л,200,320.0
2025-07-11,1,Молоко,2.9,л,70,203.0
2025-07-11,1,Макароны,1.8,кг,80,144.0
2025-07-11,1,Мука,1.1,кг,50,55.0
2025-07-11,1,Сахар,0.5,кг,60,30.0
2025-07-11,5,Куриное филе,2.2,кг,250,550.0
2025-07-11,5,Говядина,1.5,кг,500,750.0
2025-07-11,5,Свинина,1.1,кг,400,440.0
2025-07-11,5,Креветки,0.4,кг,800,320.0
2025-07-11,5,Помидоры,1.8,кг,120,216.0
2025-07-11,5,Салат айсберг,0.8,кг,150,120.0
2025-07-11,5,Картофель,4.3,кг,40,172.0
2025-07-11,5,Сыр твердый,1.0,кг,450,450.0
2025-07-11,5,Сыр пармезан,0.5,кг,800,400.0
2025-07-11,5,Сливки,1.6,л,200,320.0
2025-07-11,5,Молоко,2.8,л,70,196.0
2025-07-11,5,Макароны,2.0,кг,80,160.0
2025-07-11,5,Рис,1.5,кг,90,135.0
2025-07-11,5,Сахар,0.4,кг,60,24.0
2025-07-11,5,Кофе в зернах,0.2,кг,800,160.0
2025-07-11,6,Куриное филе,2.5,кг,250,625.0
2025-07-11,6,Говядина,1.6,кг,500,800.0
2025-07-11,6,Рыба (филе),1.2,кг,600,720.0
2025-07-11,6,Креветки,0.5,кг,800,400.0
2025-07-11,6,Помидоры,1.8,кг,120,216.0
2025-07-11,6,Огурцы,1.4,кг,100,140.0
2025-07-11,6,Салат айсберг,0.9,кг,150,135.0
2025-07-11,6,Картофель,3.8,кг,40,152.0
2025-07-11,6,Сыр твердый,1.0,кг,450,450.0
2025-07-11,6,Сыр пармезан,0.5,кг,800,400.0
2025-07-11,6,Сливки,1.6,л,200,320.0
2025-07-11,6,Мука,1.1,кг,50,55.0
2025-07-11,6,Сахар,0.6,кг,60,36.0
2025-07-11,6,Кофе в зернах,0.3,кг,800,240.0
2025-07-11,7,Говядина,1.8,кг,500,900.0
2025-07-11,7,Рыба (филе),1.1,кг,600,660.0
2025-07-11,7,Креветки,0.5,кг,800,400.0
2025-07-11,7,Помидоры,1.8,кг,120,216.0
2025-07-11,7,Огурцы,1.6,кг,100,160.0
2025-07-11,7,Салат айсберг,1.0,кг,150,150.0
2025-07-11,7,Картофель,4.8,кг,40,192.0
2025-07-11,7,Сыр пармезан,0.4,кг,800,320.0
2025-07-11,7,Молоко,2.6,л,70,182.0
2025-07-11,7,Макароны,2.4,кг,80,192.0
2025-07-11,7,Рис,1.5,кг,90,135.0
2025-07-11,7,Сахар,0.5,кг,60,30.0
2025-07-11,7,Кофе в зернах,0.3,кг,800,240.0
2025-07-11,7,Чай листовой,0.2,кг,500,100.0
2025-07-11,7,Пиво,2.3,л,150,345.0
2025-07-11,8,Рыба (филе),1.1,кг,600,660.0
2025-07-11,8,Помидоры,2.2,кг,120,264.0
2025-07-11,8,Салат айсберг,1.3,кг,150,195.0
2025-07-11,8,Картофель,4.2,кг,40,168.0
2025-07-11,8,Сыр твердый,1.1,кг,450,495.0
2025-07-11,8,Сыр пармезан,0.5,кг,800,400.0
2025-07-11,8,Сливки,1.5,л,200,300.0
2025-07-11,8,Молоко,2.3,л,70,161.0
2025-07-11,8,Макароны,2.1,кг,80,168.0
2025-07-11,8,Рис,1.4,кг,90,126.0
2025-07-11,8,Мука,1.1,кг,50,55.0
2025-07-11,8,Сахар,0.5,кг,60,30.0
2025-07-11,8,Кофе в зернах,0.3,кг,800,240.0
2025-07-11,8,Чай листовой,0.2,кг,500,100.0
2025-07-11,8,Соки,2.5,л,120,300.0
2025-07-11,9,Куриное филе,2.6,кг,250,650.0
2025-07-11,9,Говядина,1.3,кг,500,650.0
2025-07-11,9,Свинина,0.9,кг,400,360.0
2025-07-11,9,Рыба (филе),0.9,кг,600,540.0
2025-07-11,9,Креветки,0.6,кг,800,480.0
2025-07-11,9,Помидоры,2.2,кг,120,264.0
2025-07-11,9,Картофель,3.7,кг,40,148.0
2025-07-11,9,Сыр твердый,0.9,кг,450,405.0
2025-07-11,9,Сыр пармезан,0.5,кг,800,400.0
2025-07-11,9,Сливки,1.3,л,200,260.0
2025-07-11,9,Макароны,2.2,кг,80,176.0
2025-07-11,9,Рис,1.6,кг,90,144.0
2025-07-11,9,Мука,1.1,кг,50,55.0
2025-07-11,9,Сахар,0.5,кг,60,30.0
2025-07-11,9,Кофе в зернах,0.3,кг,800,240.0
2025-07-11,9,Чай листовой,0.2,кг,500,100.0
2025-07-11,9,Соки,2.1,л,120,252.0
2025-07-11,9,Пиво,2.8,л,150,420.0
2025-07-11,10,Куриное филе,2.2,кг,250,550.0
2025-07-11,10,Говядина,1.3,кг,500,650.0
2025-07-11,10,Креветки,0.5,кг,800,400.0
2025-07-11,10,Помидоры,1.8,кг,120,216.0
2025-07-11,10,Огурцы,1.5,кг,100,150.0
2025-07-11,10,Салат айсберг,1.0,кг,150,150.0
2025-07-11,10,Сливки,1.8,л,200,360.0
2025-07-11,10,Молоко,2.6,л,70,182.0
2025-07-11,10,Макароны,1.6,кг,80,128.0
2025-07-11,10,Рис,1.7,кг,90,153.0
2025-07-11,10,Мука,1.0,кг,50,50.0
2025-07-11,10,Сахар,0.6,кг,60,36.0
2025-07-11,10,Кофе в зернах,0.3,кг,800,240.0
2025-07-11,10,Чай листовой,0.2,кг,500,100.0
2025-07-11,10,Соки,2.1,л,120,252.0
2025-07-12,5,Куриное филе,2.4,кг,250,600.0
2025-07-12,5,Говядина,1.6,кг,500,800.0
2025-07-12,5,Помидоры,2.0,кг,120,240.0
2025-07-12,5,Огурцы,1.7,кг,100,170.0
2025-07-12,5,Салат айсберг,0.9,кг,150,135.0
2025-07-12,5,Картофель,4.2,кг,40,168.0
2025-07-12,5,Сыр пармезан,0.4,кг,800,320.0
2025-07-12,5,Сливки,1.3,л,200,260.0
2025-07-12,5,Молоко,2.8,л,70,196.0
2025-07-12,5,Макароны,1.8,кг,80,144.0
2025-07-12,5,Мука,0.8,кг,50,40.0
2025-07-12,5,Сахар,0.4,кг,60,24.0
2025-07-12,5,Кофе в зернах,0.3,кг,800,240.0
2025-07-12,5,Пиво,2.3,л,150,345.0
2025-07-12,7,Говядина,1.6,кг,500,800.0
2025-07-12,7,Свинина,1.1,кг,400,440.0
2025-07-12,7,Рыба (филе),0.9,кг,600,540.0
2025-07-12,7,Креветки,0.5,кг,800,400.0
2025-07-12,7,Помидоры,1.7,кг,120,204.0
2025-07-12,7,Огурцы,1.5,кг,100,150.0
2025-07-12,7,Картофель,3.5,кг,40,140.0
2025-07-12,7,Сыр твердый,0.8,кг,450,360.0
2025-07-12,7,Сыр пармезан,0.5,кг,800,400.0
2025-07-12,7,Сливки,1.8,л,200,360.0
2025-07-12,7,Молоко,2.7,л,70,189.0
2025-07-12,7,Макароны,2.0,кг,80,160.0
2025-07-12,7,Рис,1.4,кг,90,126.0
2025-07-12,7,Кофе в зернах,0.3,кг,800,240.0
2025-07-12,7,Чай листовой,0.2,кг,500,100.0
2025-07-12,7,Соки,2.2,л,120,264.0
2025-07-12,9,Куриное филе,2.7,кг,250,675.0
2025-07-12,9,Говядина,1.7,кг,500,850.0
2025-07-12,9,Рыба (филе),1.1,кг,600,660.0
2025-07-12,9,Креветки,0.5,кг,800,400.0
2025-07-12,9,Помидоры,2.1,кг,120,252.0
2025-07-12,9,Огурцы,1.7,кг,100,170.0
2025-07-12,9,Салат айсберг,1.0,кг,150,150.0
2025-07-12,9,Сыр твердый,0.9,кг,450,405.0
2025-07-12,9,Сыр пармезан,0.5,кг,800,400.0
2025-07-12,9,Сливки,1.3,л,200,260.0
2025-07-12,9,Молоко,2.5,л,70,175.0
2025-07-12,9,Макароны,1.7,кг,80,136.0
2025-07-12,9,Рис,1.4,кг,90,126.0
2025-07-12,9,Мука,1.0,кг,50,50.0
2025-07-12,9,Сахар,0.4,кг,60,24.0
2025-07-12,9,Соки,2.2,л,120,264.0
2025-07-12,9,Пиво,2.6,л,150,390.0
2025-07-12,10,Куриное филе,2.2,кг,250,550.0
2025-07-12,10,Свинина,1.3,кг,400,520.0
2025-07-12,10,Рыба (филе),1.2,кг,600,720.0
2025-07-12,10,Помидоры,2.0,кг,120,240.0
2025-07-12,10,Огурцы,1.5,кг,100,150.0
2025-07-12,10,Картофель,4.3,кг,40,172.0
2025-07-12,10,Сыр пармезан,0.4,кг,800,320.0
2025-07-12,10,Сливки,1.8,л,200,360.0
2025-07-12,10,Молоко,2.2,л,70,154.0
2025-07-12,10,Макароны,1.9,кг,80,152.0
2025-07-12,10,Рис,1.5,кг,90,135.0
2025-07-12,10,Сахар,0.4,кг,60,24.0
2025-07-12,10,Кофе в зернах,0.3,кг,800,240.0
2025-07-12,10,Чай листовой,0.2,кг,500,100.0
2025-07-12,10,Соки,2.2,л,120,264.0
2025-07-13,2,Говядина,1.4,кг,500,700.0
2025-07-13,2,Свинина,1.1,кг,400,440.0
2025-07-13,2,Рыба (филе),0.9,кг,600,540.0
2025-07-13,2,Помидоры,1.8,кг,120,216.0
2025-07-13,2,Огурцы,1.4,кг,100,140.0
2025-07-13,2,Салат айсберг,1.0,кг,150,150.0
2025-07-13,2,Картофель,4.1,кг,40,164.0
2025-07-13,2,Сыр пармезан,0.4,кг,800,320.0
2025-07-13,2,Сливки,1.4,л,200,280.0
2025-07-13,2,Молоко,2.8,л,70,196.0
2025-07-13,2,Макароны,1.9,кг,80,152.0
2025-07-13,2,Мука,1.0,кг,50,50.0
2025-07-13,2,Сахар,0.5,кг,60,30.0
2025-07-13,2,Кофе в зернах,0.3,кг,800,240.0
2025-07-13,2,Чай листовой,0.2,кг,500,100.0
2025-07-13,2,Пиво,2.4,л,150,360.0
2025-07-13,9,Куриное филе,3.0,кг,250,750.0
2025-07-13,9,Говядина,1.4,кг,500,700.0
2025-07-13,9,Свинина,0.9,кг,400,360.0
2025-07-13,9,Креветки,0.5,кг,800,400.0
2025-07-13,9,Помидоры,2.0,кг,120,240.0
2025-07-13,9,Огурцы,1.3,кг,100,130.0
2025-07-13,9,Сыр твердый,1.1,кг,450,495.0
2025-07-13,9,Сыр пармезан,0.4,кг,800,320.0
2025-07-13,9,Мука,0.9,кг,50,45.0
2025-07-13,9,Сахар,0.6,кг,60,36.0
2025-07-13,9,Чай листовой,0.1,кг,500,50.0
2025-07-13,9,Соки,2.0,л,120,240.0
2025-07-14,3,Куриное филе,2.9,кг,250,725.0
2025-07-14,3,Свинина,0.9,кг,400,360.0
2025-07-14,3,Рыба (филе),1.0,кг,600,600.0
2025-07-14,3,Креветки,0.5,кг,800,400.0
2025-07-14,3,Помидоры,2.3,кг,120,276.0
2025-07-14,3,Огурцы,1.4,кг,100,140.0
2025-07-14,3,Сыр твердый,0.9,кг,450,405.0
2025-07-14,3,Сыр пармезан,0.5,кг,800,400.0
2025-07-14,3,Молоко,2.1,л,70,147.0
2025-07-14,3,Мука,1.3,кг,50,65.0
2025-07-14,3,Сахар,0.5,кг,60,30.0
2025-07-14,3,Кофе в зернах,0.3,кг,800,240.0
2025-07-14,3,Соки,1.9,л,120,228.0
2025-07-14,3,Пиво,2.6,л,150,390.0
2025-07-14,5,Куриное филе,2.9,кг,250,725.0
2025-07-14,5,Свинина,1.1,кг,400,440.0
2025-07-14,5,Креветки,0.4,кг,800,320.0
2025-07-14,5,Помидоры,2.2,кг,120,264.0
2025-07-14,5,Огурцы,1.3,кг,100,130.0
2025-07-14,5,Салат айсберг,1.0,кг,150,150.0
2025-07-14,5,Сыр твердый,0.9,кг,450,405.0
2025-07-14,5,Молоко,2.3,л,70,161.0
2025-07-14,5,Рис,1.2,кг,90,108.0
2025-07-14,5,Мука,0.8,кг,50,40.0
2025-07-14,5,Кофе в зернах,0.3,кг,800,240.0
2025-07-14,5,Чай листовой,0.1,кг,500,50.0
2025-07-14,5,Пиво,2.4,л,150,360.0
2025-07-14,7,Куриное филе,2.9,кг,250,725.0
2025-07-14,7,Рыба (филе),0.8,кг,600,480.0
2025-07-14,7,Креветки,0.4,кг,800,320.0
2025-07-14,7,Огурцы,1.3,кг,100,130.0
2025-07-14,7,Картофель,4.3,кг,40,172.0
2025-07-14,7,Сыр твердый,0.9,кг,450,405.0
2025-07-14,7,Сыр пармезан,0.5,кг,800,400.0
2025-07-14,7,Сливки,1.6,л,200,320.0
2025-07-14,7,Молоко,2.5,л,70,175.0
2025-07-14,7,Рис,1.6,кг,90,144.0
2025-07-14,7,Кофе в зернах,0.2,кг,800,160.0
2025-07-14,7,Чай листовой,0.2,кг,500,100.0
2025-07-14,7,Соки,1.9,л,120,228.0
2025-07-14,7,Пиво,2.2,л,150,330.0
2025-07-14,9,Куриное филе,2.8,кг,250,700.0
2025-07-14,9,Рыба (филе),0.9,кг,600,540.0
2025-07-14,9,Креветки,0.5,кг,800,400.0
2025-07-14,9,Помидоры,1.8,кг,120,216.0
2025-07-14,9,Огурцы,1.7,кг,100,170.0
2025-07-14,9,Картофель,3.6,кг,40,144.0
2025-07-14,9,Сыр твердый,1.1,кг,450,495.0
2025-07-14,9,Сыр пармезан,0.5,кг,800,400.0
2025-07-14,9,Сливки,1.7,л,200,340.0
2025-07-14,9,Молоко,2.1,л,70,147.0
2025-07-14,9,Рис,1.5,кг,90,135.0
2025-07-14,9,Сахар,0.5,кг,60,30.0
2025-07-14,9,Чай листовой,0.2,кг,500,100.0
2025-07-14,9,Соки,2.3,л,120,276.0
2025-07-14,9,Пиво,2.5,л,150,375.0
2025-07-14,10,Свинина,1.0,кг,400,400.0
2025-07-14,10,Рыба (филе),1.0,кг,600,600.0
2025-07-14,10,Креветки,0.5,кг,800,400.0
2025-07-14,10,Помидоры,2.4,кг,120,288.0
2025-07-14,10,Картофель,4.2,кг,40,168.0
2025-07-14,10,Сыр твердый,1.2,кг,450,540.0
2025-07-14,10,Сыр пармезан,0.4,кг,800,320.0
2025-07-14,10,Сливки,1.5,л,200,300.0
2025-07-14,10,Молоко,2.1,л,70,147.0
2025-07-14,10,Макароны,2.2,кг,80,176.0
2025-07-14,10,Рис,1.4,кг,90,126.0
2025-07-14,10,Кофе в зернах,0.2,кг,800,160.0
2025-07-14,10,Чай листовой,0.2,кг,500,100.0
2025-07-14,10,Пиво,2.4,л,150,360.0
2025-07-15,3,Куриное филе,2.5,кг,250,625.0
2025-07-15,3,Говядина,1.3,кг,500,650.0
2025-07-15,3,Свинина,1.0,кг,400,400.0
2025-07-15,3,Рыба (филе),0.8,кг,600,480.0
2025-07-15,3,Помидоры,2.0,кг,120,240.0
2025-07-15,3,Огурцы,1.6,кг,100,160.0
2025-07-15,3,Салат айсберг,0.9,кг,150,135.0
2025-07-15,3,Сыр пармезан,0.5,кг,800,400.0
2025-07-15,3,Сливки,1.4,л,200,280.0
2025-07-15,3,Молоко,2.6,л,70,182.0
2025-07-15,3,Макароны,2.0,кг,80,160.0
2025-07-15,3,Рис,1.8,кг,90,162.0
2025-07-15,3,Кофе в зернах,0.2,кг,800,160.0
2025-07-15,3,Чай листовой,0.1,кг,500,50.0
2025-07-15,3,Соки,1.7,л,120,204.0
2025-07-15,3,Пиво,2.4,л,150,360.0
2025-07-15,8,Куриное филе,2.7,кг,250,675.0
2025-07-15,8,Свинина,1.0,кг,400,400.0
2025-07-15,8,Рыба (филе),1.2,кг,600,720.0
2025-07-15,8,Креветки,0.4,кг,800,320.0
2025-07-15,8,Помидоры,2.3,кг,120,276.0
2025-07-15,8,Картофель,3.5,кг,40,140.0
2025-07-15,8,Сыр твердый,1.1,кг,450,495.0
2025-07-15,8,Макароны,2.3,кг,80,184.0
2025-07-15,8,Сахар,0.6,кг,60,36.0
2025-07-15,8,Кофе в зернах,0.3,кг,800,240.0
2025-07-15,8,Соки,1.6,л,120,192.0
2025-07-15,8,Пиво,2.5,л,150,375.0
2025-07-16,4,Говядина,1.7,кг,500,850.0
2025-07-16,4,Свинина,1.2,кг,400,480.0
2025-07-16,4,Креветки,0.5,кг,800,400.0
2025-07-16,4,Помидоры,2.2,кг,120,264.0
2025-07-16,4,Огурцы,1.3,кг,100,130.0
2025-07-16,4,Картофель,5.1,кг,40,204.0
2025-07-16,4,Сыр твердый,0.9,кг,450,405.0
2025-07-16,4,Сыр пармезан,0.5,кг,800,400.0
2025-07-16,4,Сливки,1.5,л,200,300.0
2025-07-16,4,Макароны,1.7,кг,80,136.0
2025-07-16,4,Рис,1.7,кг,90,153.0
2025-07-16,4,Мука,0.8,кг,50,40.0
2025-07-16,4,Сахар,0.5,кг,60,30.0
2025-07-16,4,Кофе в зернах,0.3,кг,800,240.0
2025-07-16,4,Пиво,3.1,л,150,465.0
2025-07-16,7,Куриное филе,3.1,кг,250,775.0
2025-07-16,7,Свинина,0.8,кг,400,320.0
2025-07-16,7,Рыба (филе),1.2,кг,600,720.0
2025-07-16,7,Креветки,0.5,кг,800,400.0
2025-07-16,7,Огурцы,1.8,кг,100,180.0
2025-07-16,7,Салат айсберг,0.8,кг,150,120.0
2025-07-16,7,Картофель,3.7,кг,40,148.0
2025-07-16,7,Сыр твердый,1.0,кг,450,450.0
2025-07-16,7,Сыр пармезан,0.4,кг,800,320.0
2025-07-16,7,Сливки,1.5,л,200,300.0
2025-07-16,7,Молоко,2.8,л,70,196.0
2025-07-16,7,Рис,1.6,кг,90,144.0
2025-07-16,7,Сахар,0.6,кг,60,36.0
2025-07-16,7,Кофе в зернах,0.2,кг,800,160.0
2025-07-16,7,Чай листовой,0.1,кг,500,50.0
2025-07-16,7,Соки,1.9,л,120,228.0
2025-07-16,10,Говядина,1.4,кг,500,700.0
2025-07-16,10,Свинина,1.0,кг,400,400.0
2025-07-16,10,Рыба (филе),0.8,кг,600,480.0
2025-07-16,10,Креветки,0.5,кг,800,400.0
2025-07-16,10,Салат айсберг,0.8,кг,150,120.0
2025-07-16,10,Сыр твердый,1.1,кг,450,495.0
2025-07-16,10,Сыр пармезан,0.5,кг,800,400.0
2025-07-16,10,Сливки,1.7,л,200,340.0
2025-07-16,10,Молоко,2.6,л,70,182.0
2025-07-16,10,Макароны,1.7,кг,80,136.0
2025-07-16,10,Рис,1.7,кг,90,153.0
2025-07-16,10,Мука,1.0,кг,50,50.0
2025-07-16,10,Сахар,0.6,кг,60,36.0
2025-07-16,10,Кофе в зернах,0.3,кг,800,240.0
2025-07-16,10,Соки,1.8,л,120,216.0
2025-07-16,10,Пиво,2.2,л,150,330.0
2025-07-17,2,Куриное филе,2.8,кг,250,700.0
2025-07-17,2,Говядина,1.4,кг,500,700.0
2025-07-17,2,Свинина,1.2,кг,400,480.0
2025-07-17,2,Креветки,0.5,кг,800,400.0
2025-07-17,2,Помидоры,1.6,кг,120,192.0
2025-07-17,2,Салат айсберг,1.1,кг,150,165.0
2025-07-17,2,Картофель,4.0,кг,40,160.0
2025-07-17,2,Сыр твердый,1.0,кг,450,450.0
2025-07-17,2,Сливки,1.4,л,200,280.0
2025-07-17,2,Молоко,2.7,л,70,189.0
2025-07-17,2,Рис,1.9,кг,90,171.0
2025-07-17,2,Мука,1.0,кг,50,50.0
2025-07-17,2,Сахар,0.4,кг,60,24.0
2025-07-17,2,Кофе в зернах,0.2,кг,800,160.0
2025-07-17,3,Куриное филе,2.4,кг,250,600.0
2025-07-17,3,Говядина,1.4,кг,500,700.0
2025-07-17,3,Свинина,1.0,кг,400,400.0
2025-07-17,3,Рыба (филе),1.0,кг,600,600.0
2025-07-17,3,Огурцы,1.7,кг,100,170.0
2025-07-17,3,Салат айсберг,1.1,кг,150,165.0
2025-07-17,3,Картофель,3.7,кг,40,148.0
2025-07-17,3,Сливки,1.2,л,200,240.0
2025-07-17,3,Макароны,1.7,кг,80,136.0
2025-07-17,3,Мука,1.1,кг,50,55.0
2025-07-17,3,Сахар,0.5,кг,60,30.0
2025-07-17,3,Кофе в зернах,0.3,кг,800,240.0
2025-07-17,3,Чай листовой,0.1,кг,500,50.0
2025-07-17,3,Пиво,2.7,л,150,405.0
2025-07-17,4,Говядина,1.2,кг,500,600.0
2025-07-17,4,Свинина,0.9,кг,400,360.0
2025-07-17,4,Рыба (филе),0.9,кг,600,540.0
2025-07-17,4,Помидоры,2.2,кг,120,264.0
2025-07-17,4,Салат айсберг,1.0,кг,150,150.0
2025-07-17,4,Картофель,3.7,кг,40,148.0
2025-07-17,4,Сыр твердый,0.9,кг,450,405.0
2025-07-17,4,Сыр пармезан,0.5,кг,800,400.0
2025-07-17,4,Сливки,1.7,л,200,340.0
2025-07-17,4,Рис,1.4,кг,90,126.0
2025-07-17,4,Мука,0.9,кг,50,45.0
2025-07-17,4,Сахар,0.6,кг,60,36.0
2025-07-17,4,Кофе в зернах,0.2,кг,800,160.0
2025-07-17,4,Чай листовой,0.1,кг,500,50.0
2025-07-17,4,Соки,1.9,л,120,228.0
2025-07-17,4,Пиво,3.1,л,150,465.0
2025-07-17,7,Говядина,1.5,кг,500,750.0
2025-07-17,7,Свинина,1.2,кг,400,480.0
2025-07-17,7,Рыба (филе),1.2,кг,600,720.0
2025-07-17,7,Помидоры,1.8,кг,120,216.0
2025-07-17,7,Салат айсберг,0.9,кг,150,135.0
2025-07-17,7,Картофель,3.7,кг,40,148.0
2025-07-17,7,Сыр пармезан,0.6,кг,800,480.0
2025-07-17,7,Сливки,1.9,л,200,380.0
2025-07-17,7,Молоко,2.4,л,70,168.0
2025-07-17,7,Макароны,1.9,кг,80,152.0
2025-07-17,7,Рис,1.8,кг,90,162.0
2025-07-17,7,Мука,1.0,кг,50,50.0
2025-07-17,7,Чай листовой,0.2,кг,500,100.0
2025-07-17,7,Пиво,2.6,л,150,390.0
2025-07-17,8,Куриное филе,2.3,кг,250,575.0
2025-07-17,8,Говядина,1.8,кг,500,900.0
2025-07-17,8,Свинина,1.0,кг,400,400.0
2025-07-17,8,Рыба (филе),1.2,кг,600,720.0
2025-07-17,8,Креветки,0.5,кг,800,400.0
2025-07-17,8,Помидоры,1.9,кг,120,228.0
2025-07-17,8,Огурцы,1.5,кг,100,150.0
2025-07-17,8,Картофель,3.8,кг,40,152.0
2025-07-17,8,Сыр твердый,0.9,кг,450,405.0
2025-07-17,8,Сыр пармезан,0.6,кг,800,480.0
2025-07-17,8,Сливки,1.7,л,200,340.0
2025-07-17,8,Молоко,2.5,л,70,175.0
2025-07-17,8,Макароны,2.3,кг,80,184.0
2025-07-17,8,Сахар,0.6,кг,60,36.0
2025-07-17,8,Кофе в зернах,0.3,кг,800,240.0
2025-07-17,8,Соки,1.7,л,120,204.0
2025-07-17,8,Пиво,2.7,л,150,405.0
2025-07-17,9,Куриное филе,2.3,кг,250,575.0
2025-07-17,9,Свинина,0.9,кг,400,360.0
2025-07-17,9,Креветки,0.5,кг,800,400.0
2025-07-17,9,Помидоры,1.8,кг,120,216.0
2025-07-17,9,Сыр пармезан,0.5,кг,800,400.0
2025-07-17,9,Сливки,1.6,л,200,320.0
2025-07-17,9,Макароны,2.0,кг,80,160.0
2025-07-17,9,Рис,1.6,кг,90,144.0
2025-07-17,9,Мука,0.9,кг,50,45.0
2025-07-17,9,Кофе в зернах,0.3,кг,800,240.0
2025-07-17,9,Соки,1.9,л,120,228.0
2025-07-17,9,Пиво,2.3,л,150,345.0
2025-07-18,4,Свинина,1.1,кг,400,440.0
2025-07-18,4,Рыба (филе),1.0,кг,600,600.0
2025-07-18,4,Креветки,0.4,кг,800,320.0
2025-07-18,4,Помидоры,2.0,кг,120,240.0
2025-07-18,4,Картофель,3.6,кг,40,144.0
2025-07-18,4,Сливки,1.7,л,200,340.0
2025-07-18,4,Макароны,1.9,кг,80,152.0
2025-07-18,4,Мука,1.1,кг,50,55.0
2025-07-18,4,Чай листовой,0.2,кг,500,100.0
2025-07-18,4,Соки,1.9,л,120,228.0
2025-07-18,4,Пиво,2.7,л,150,405.0
2025-07-18,5,Куриное филе,2.8,кг,250,700.0
2025-07-18,5,Говядина,1.4,кг,500,700.0
2025-07-18,5,Рыба (филе),1.2,кг,600,720.0
2025-07-18,5,Креветки,0.4,кг,800,320.0
2025-07-18,5,Огурцы,1.4,кг,100,140.0
2025-07-18,5,Картофель,3.1,кг,40,124.0
2025-07-18,5,Сыр твердый,1.1,кг,450,495.0
2025-07-18,5,Сыр пармезан,0.5,кг,800,400.0
2025-07-18,5,Сливки,1.4,л,200,280.0
2025-07-18,5,Молоко,2.6,л,70,182.0
2025-07-18,5,Макароны,1.9,кг,80,152.0
2025-07-18,5,Рис,1.6,кг,90,144.0
2025-07-18,5,Мука,1.1,кг,50,55.0
2025-07-18,5,Кофе в зернах,0.3,кг,800,240.0
2025-07-18,5,Чай листовой,0.1,кг,500,50.0
2025-07-18,5,Соки,1.9,л,120,228.0
2025-07-18,7,Говядина,1.6,кг,500,800.0
2025-07-18,7,Рыба (филе),0.8,кг,600,480.0
2025-07-18,7,Огурцы,1.5,кг,100,150.0
2025-07-18,7,Сыр твердый,0.9,кг,450,405.0
2025-07-18,7,Сыр пармезан,0.5,кг,800,400.0
2025-07-18,7,Сливки,1.6,л,200,320.0
2025-07-18,7,Молоко,2.1,л,70,147.0
2025-07-18,7,Макароны,2.0,кг,80,160.0
2025-07-18,7,Рис,1.2,кг,90,108.0
2025-07-18,7,Мука,0.9,кг,50,45.0
2025-07-18,7,Сахар,0.6,кг,60,36.0
2025-07-18,7,Кофе в зернах,0.3,кг,800,240.0
2025-07-18,7,Соки,2.0,л,120,240.0
2025-07-18,8,Куриное филе,3.0,кг,250,750.0
2025-07-18,8,Говядина,1.6,кг,500,800.0
2025-07-18,8,Свинина,0.9,кг,400,360.0
2025-07-18,8,Рыба (филе),1.1,кг,600,660.0
2025-07-18,8,Креветки,0.6,кг,800,480.0
2025-07-18,8,Помидоры,1.9,кг,120,228.0
2025-07-18,8,Огурцы,1.7,кг,100,170.0
2025-07-18,8,Картофель,3.2,кг,40,128.0
2025-07-18,8,Сыр пармезан,0.5,кг,800,400.0
2025-07-18,8,Сливки,1.8,л,200,360.0
2025-07-18,8,Молоко,2.4,л,70,168.0
2025-07-18,8,Макароны,2.1,кг,80,168.0
2025-07-18,8,Мука,1.0,кг,50,50.0
2025-07-18,8,Сахар,0.4,кг,60,24.0
2025-07-18,8,Чай листовой,0.1,кг,500,50.0
2025-07-18,8,Соки,1.9,л,120,228.0
2025-07-19,2,Куриное филе,2.2,кг,250,550.0
2025-07-19,2,Говядина,1.4,кг,500,700.0
2025-07-19,2,Свинина,0.8,кг,400,320.0
2025-07-19,2,Креветки,0.5,кг,800,400.0
2025-07-19,2,Огурцы,1.3,кг,100,130.0
2025-07-19,2,Салат айсберг,1.0,кг,150,150.0
2025-07-19,2,Картофель,3.4,кг,40,136.0
2025-07-19,2,Сыр твердый,1.0,кг,450,450.0
2025-07-19,2,Сыр пармезан,0.4,кг,800,320.0
2025-07-19,2,Сливки,1.6,л,200,320.0
2025-07-19,2,Молоко,2.3,л,70,161.0
2025-07-19,2,Макароны,2.1,кг,80,168.0
2025-07-19,2,Мука,1.1,кг,50,55.0
2025-07-19,2,Кофе в зернах,0.3,кг,800,240.0
2025-07-19,2,Соки,2.4,л,120,288.0
2025-07-19,2,Пиво,2.3,л,150,345.0
2025-07-19,3,Говядина,1.4,кг,500,700.0
2025-07-19,3,Свинина,1.0,кг,400,400.0
2025-07-19,3,Рыба (филе),1.2,кг,600,720.0
2025-07-19,3,Креветки,0.5,кг,800,400.0
2025-07-19,3,Помидоры,1.8,кг,120,216.0
2025-07-19,3,Огурцы,1.8,кг,100,180.0
2025-07-19,3,Салат айсберг,0.9,кг,150,135.0
2025-07-19,3,Картофель,3.6,кг,40,144.0
2025-07-19,3,Сыр твердый,1.1,кг,450,495.0
2025-07-19,3,Молоко,2.0,л,70,140.0
2025-07-19,3,Макароны,2.2,кг,80,176.0
2025-07-19,3,Рис,1.5,кг,90,135.0
2025-07-19,3,Мука,1.0,кг,50,50.0
2025-07-19,3,Сахар,0.5,кг,60,30.0
2025-07-19,3,Кофе в зернах,0.2,кг,800,160.0
2025-07-19,5,Куриное филе,2.4,кг,250,600.0
2025-07-19,5,Свинина,1.0,кг,400,400.0
2025-07-19,5,Рыба (филе),1.0,кг,600,600.0
2025-07-19,5,Креветки,0.4,кг,800,320.0
2025-07-19,5,Помидоры,1.8,кг,120,216.0
2025-07-19,5,Салат айсберг,1.0,кг,150,150.0
2025-07-19,5,Картофель,5.0,кг,40,200.0
2025-07-19,5,Сыр пармезан,0.6,кг,800,480.0
2025-07-19,5,Молоко,3.1,л,70,217.0
2025-07-19,5,Макароны,1.8,кг,80,144.0
2025-07-19,5,Мука,1.1,кг,50,55.0
2025-07-19,5,Чай листовой,0.1,кг,500,50.0
2025-07-19,5,Соки,2.2,л,120,264.0
2025-07-19,5,Пиво,2.3,л,150,345.0
2025-07-19,6,Куриное филе,3.0,кг,250,750.0
2025-07-19,6,Говядина,1.3,кг,500,650.0
2025-07-19,6,Свинина,1.1,кг,400,440.0
2025-07-19,6,Креветки,0.6,кг,800,480.0
2025-07-19,6,Помидоры,1.6,кг,120,192.0
2025-07-19,6,Огурцы,1.4,кг,100,140.0
2025-07-19,6,Салат айсберг,1.0,кг,150,150.0
2025-07-19,6,Картофель,4.1,кг,40,164.0
2025-07-19,6,Сыр твердый,1.1,кг,450,495.0
2025-07-19,6,Сыр пармезан,0.4,кг,800,320.0
2025-07-19,6,Сливки,1.5,л,200,300.0
2025-07-19,6,Молоко,2.7,л,70,189.0
2025-07-19,6,Макароны,1.9,кг,80,152.0
2025-07-19,6,Рис,1.5,кг,90,135.0
2025-07-19,6,Сахар,0.5,кг,60,30.0
2025-07-19,6,Кофе в зернах,0.3,кг,800,240.0
2025-07-19,6,Чай листовой,0.1,кг,500,50.0
2025-07-20,1,Куриное филе,2.5,кг,250,625.0
2025-07-20,1,Говядина,1.4,кг,500,700.0
2025-07-20,1,Свинина,1.2,кг,400,480.0
2025-07-20,1,Рыба (филе),1.1,кг,600,660.0
2025-07-20,1,Помидоры,1.9,кг,120,228.0
2025-07-20,1,Салат айсберг,1.2,кг,150,180.0
2025-07-20,1,Картофель,4.1,кг,40,164.0
2025-07-20,1,Сыр твердый,1.1,кг,450,495.0
2025-07-20,1,Сыр пармезан,0.6,кг,800,480.0
2025-07-20,1,Сливки,1.3,л,200,260.0
2025-07-20,1,Молоко,2.5,л,70,175.0
2025-07-20,1,Мука,1.1,кг,50,55.0
2025-07-20,1,Кофе в зернах,0.2,кг,800,160.0
2025-07-20,1,Чай листовой,0.1,кг,500,50.0
2025-07-20,1,Соки,2.3,л,120,276.0
2025-07-20,1,Пиво,2.9,л,150,435.0
2025-07-20,7,Куриное филе,2.9,кг,250,725.0
2025-07-20,7,Говядина,1.3,кг,500,650.0
2025-07-20,7,Рыба (филе),1.1,кг,600,660.0
2025-07-20,7,Помидоры,1.7,кг,120,204.0
2025-07-20,7,Огурцы,1.3,кг,100,130.0
2025-07-20,7,Салат айсберг,1.0,кг,150,150.0
2025-07-20,7,Картофель,4.0,кг,40,160.0
2025-07-20,7,Сыр твердый,0.9,кг,450,405.0
2025-07-20,7,Макароны,2.1,кг,80,168.0
2025-07-20,7,Рис,1.7,кг,90,153.0
2025-07-20,7,Мука,1.2,кг,50,60.0
2025-07-20,7,Кофе в зернах,0.2,кг,800,160.0
2025-07-20,7,Чай листовой,0.1,кг,500,50.0
2025-07-20,8,Говядина,1.3,кг,500,650.0
2025-07-20,8,Рыба (филе),1.2,кг,600,720.0
2025-07-20,8,Креветки,0.6,кг,800,480.0
2025-07-20,8,Помидоры,2.1,кг,120,252.0
2025-07-20,8,Огурцы,1.5,кг,100,150.0
2025-07-20,8,Картофель,3.6,кг,40,144.0
2025-07-20,8,Сыр твердый,1.1,кг,450,495.0
2025-07-20,8,Сыр пармезан,0.6,кг,800,480.0
2025-07-20,8,Сливки,1.3,л,200,260.0
2025-07-20,8,Мука,1.1,кг,50,55.0
2025-07-20,8,Кофе в зернах,0.2,кг,800,160.0
2025-07-20,10,Куриное филе,2.5,кг,250,625.0
2025-07-20,10,Говядина,1.6,кг,500,800.0
2025-07-20,10,Свинина,1.2,кг,400,480.0
2025-07-20,10,Креветки,0.5,кг,800,400.0
2025-07-20,10,Помидоры,1.9,кг,120,228.0
2025-07-20,10,Огурцы,1.5,кг,100,150.0
2025-07-20,10,Салат айсберг,0.9,кг,150,135.0
2025-07-20,10,Картофель,4.0,кг,40,160.0
2025-07-20,10,Сыр твердый,0.9,кг,450,405.0
2025-07-20,10,Сыр пармезан,0.5,кг,800,400.0
2025-07-20,10,Сливки,1.7,л,200,340.0
2025-07-20,10,Молоко,2.5,л,70,175.0
2025-07-20,10,Макароны,1.6,кг,80,128.0
2025-07-20,10,Мука,1.1,кг,50,55.0
2025-07-20,10,Чай листовой,0.2,кг,500,100.0
2025-07-20,10,Соки,2.1,л,120,252.0
2025-07-20,10,Пиво,2.8,л,150,420.0
2025-07-21,1,Куриное филе,2.7,кг,250,675.0
2025-07-21,1,Говядина,1.6,кг,500,800.0
2025-07-21,1,Рыба (филе),1.1,кг,600,660.0
2025-07-21,1,Картофель,4.4,кг,40,176.0
2025-07-21,1,Сыр твердый,0.9,кг,450,405.0
2025-07-21,1,Молоко,2.9,л,70,203.0
2025-07-21,1,Рис,1.2,кг,90,108.0
2025-07-21,1,Мука,1.1,кг,50,55.0
2025-07-21,1,Сахар,0.5,кг,60,30.0
2025-07-21,1,Соки,1.8,л,120,216.0
2025-07-21,1,Пиво,2.6,л,150,390.0
2025-07-21,3,Куриное филе,2.9,кг,250,725.0
2025-07-21,3,Говядина,1.3,кг,500,650.0
2025-07-21,3,Рыба (филе),0.9,кг,600,540.0
2025-07-21,3,Огурцы,1.4,кг,100,140.0
2025-07-21,3,Салат айсберг,0.8,кг,150,120.0
2025-07-21,3,Сыр пармезан,0.5,кг,800,400.0
2025-07-21,3,Сливки,1.6,л,200,320.0
2025-07-21,3,Рис,1.3,кг,90,117.0
2025-07-21,3,Мука,1.1,кг,50,55.0
2025-07-21,3,Сахар,0.6,кг,60,36.0
2025-07-21,3,Кофе в зернах,0.2,кг,800,160.0
2025-07-21,3,Чай листовой,0.2,кг,500,100.0
2025-07-21,3,Соки,2.0,л,120,240.0
2025-07-21,3,Пиво,2.4,л,150,360.0
2025-07-21,6,Куриное филе,2.3,кг,250,575.0
2025-07-21,6,Говядина,1.4,кг,500,700.0
2025-07-21,6,Свинина,0.9,кг,400,360.0
2025-07-21,6,Помидоры,1.8,кг,120,216.0
2025-07-21,6,Огурцы,1.5,кг,100,150.0
2025-07-21,6,Сыр твердый,1.2,кг,450,540.0
2025-07-21,6,Сыр пармезан,0.5,кг,800,400.0
2025-07-21,6,Сливки,1.7,л,200,340.0
2025-07-21,6,Молоко,2.8,л,70,196.0
2025-07-21,6,Макароны,1.9,кг,80,152.0
2025-07-21,6,Рис,1.5,кг,90,135.0
2025-07-21,6,Чай листовой,0.2,кг,500,100.0
2025-07-21,6,Соки,2.1,л,120,252.0
2025-07-21,10,Куриное филе,2.4,кг,250,600.0
2025-07-21,10,Говядина,1.7,кг,500,850.0
2025-07-21,10,Свинина,1.2,кг,400,480.0
2025-07-21,10,Рыба (филе),1.0,кг,600,600.0
2025-07-21,10,Огурцы,1.5,кг,100,150.0
2025-07-21,10,Картофель,3.4,кг,40,136.0
2025-07-21,10,Сыр твердый,0.9,кг,450,405.0
2025-07-21,10,Сыр пармезан,0.5,кг,800,400.0
2025-07-21,10,Сливки,1.5,л,200,300.0
2025-07-21,10,Молоко,2.8,л,70,196.0
2025-07-21,10,Макароны,1.9,кг,80,152.0
2025-07-21,10,Рис,1.8,кг,90,162.0
2025-07-21,10,Мука,1.1,кг,50,55.0
2025-07-21,10,Сахар,0.5,кг,60,30.0
2025-07-21,10,Чай листовой,0.2,кг,500,100.0
2025-07-22,1,Куриное филе,2.7,кг,250,675.0
2025-07-22,1,Свинина,1.1,кг,400,440.0
2025-07-22,1,Рыба (филе),0.9,кг,600,540.0
2025-07-22,1,Креветки,0.5,кг,800,400.0
2025-07-22,1,Помидоры,2.0,кг,120,240.0
2025-07-22,1,Огурцы,1.3,кг,100,130.0
2025-07-22,1,Салат айсберг,0.9,кг,150,135.0
2025-07-22,1,Картофель,4.5,кг,40,180.0
2025-07-22,1,Молоко,2.7,л,70,189.0
2025-07-22,1,Макароны,1.8,кг,80,144.0
2025-07-22,1,Рис,1.7,кг,90,153.0
2025-07-22,1,Сахар,0.5,кг,60,30.0
2025-07-22,1,Чай листовой,0.1,кг,500,50.0
2025-07-22,1,Соки,1.9,л,120,228.0
2025-07-22,1,Пиво,2.3,л,150,345.0
2025-07-22,2,Куриное филе,2.8,кг,250,700.0
2025-07-22,2,Говядина,1.6,кг,500,800.0
2025-07-22,2,Свинина,0.9,кг,400,360.0
2025-07-22,2,Креветки,0.6,кг,800,480.0
2025-07-22,2,Огурцы,1.5,кг,100,150.0
2025-07-22,2,Салат айсберг,1.1,кг,150,165.0
2025-07-22,2,Картофель,4.5,кг,40,180.0
2025-07-22,2,Сыр пармезан,0.5,кг,800,400.0
2025-07-22,2,Сливки,1.6,л,200,320.0
2025-07-22,2,Рис,1.7,кг,90,153.0
2025-07-22,2,Мука,0.9,кг,50,45.0
2025-07-22,2,Кофе в зернах,0.3,кг,800,240.0
2025-07-22,2,Чай листовой,0.1,кг,500,50.0
2025-07-22,2,Соки,1.7,л,120,204.0
2025-07-22,2,Пиво,3.1,л,150,465.0
2025-07-22,9,Куриное филе,2.9,кг,250,725.0
2025-07-22,9,Креветки,0.5,кг,800,400.0
2025-07-22,9,Помидоры,2.1,кг,120,252.0
2025-07-22,9,Огурцы,1.6,кг,100,160.0
2025-07-22,9,Салат айсберг,0.9,кг,150,135.0
2025-07-22,9,Сыр твердый,1.2,кг,450,540.0
2025-07-22,9,Сливки,1.4,л,200,280.0
2025-07-22,9,Макароны,2.0,кг,80,160.0
2025-07-22,9,Рис,1.7,кг,90,153.0
2025-07-22,9,Кофе в зернах,0.2,кг,800,160.0
2025-07-22,9,Соки,1.9,л,120,228.0
2025-07-22,9,Пиво,2.0,л,150,300.0
2025-07-22,10,Говядина,1.7,кг,500,850.0
2025-07-22,10,Свинина,0.9,кг,400,360.0
2025-07-22,10,Рыба (филе),0.9,кг,600,540.0
2025-07-22,10,Креветки,0.6,кг,800,480.0
2025-07-22,10,Огурцы,1.7,кг,100,170.0
2025-07-22,10,Картофель,4.0,кг,40,160.0
2025-07-22,10,Сливки,1.8,л,200,360.0
2025-07-22,10,Рис,1.2,кг,90,108.0
2025-07-22,10,Мука,1.1,кг,50,55.0
2025-07-22,10,Сахар,0.6,кг,60,36.0
2025-07-22,10,Кофе в зернах,0.3,кг,800,240.0
2025-07-22,10,Чай листовой,0.1,кг,500,50.0
2025-07-22,10,Соки,1.9,л,120,228.0
2025-07-23,7,Куриное филе,2.1,кг,250,525.0
2025-07-23,7,Говядина,1.5,кг,500,750.0
2025-07-23,7,Креветки,0.6,кг,800,480.0
2025-07-23,7,Помидоры,2.1,кг,120,252.0
2025-07-23,7,Огурцы,1.2,кг,100,120.0
2025-07-23,7,Картофель,3.7,кг,40,148.0
2025-07-23,7,Сыр твердый,0.8,кг,450,360.0
2025-07-23,7,Молоко,2.8,л,70,196.0
2025-07-23,7,Макароны,1.8,кг,80,144.0
2025-07-23,7,Рис,1.5,кг,90,135.0
2025-07-23,7,Мука,1.1,кг,50,55.0
2025-07-23,7,Сахар,0.5,кг,60,30.0
2025-07-23,7,Чай листовой,0.1,кг,500,50.0
2025-07-23,7,Пиво,2.7,л,150,405.0
2025-07-23,10,Говядина,1.5,кг,500,750.0
2025-07-23,10,Свинина,1.1,кг,400,440.0
2025-07-23,10,Рыба (филе),1.1,кг,600,660.0
2025-07-23,10,Помидоры,1.9,кг,120,228.0
2025-07-23,10,Огурцы,1.6,кг,100,160.0
2025-07-23,10,Салат айсберг,0.9,кг,150,135.0
2025-07-23,10,Картофель,4.3,кг,40,172.0
2025-07-23,10,Сыр пармезан,0.5,кг,800,400.0
2025-07-23,10,Сливки,1.5,л,200,300.0
2025-07-23,10,Макароны,2.3,кг,80,184.0
2025-07-23,10,Рис,1.8,кг,90,162.0
2025-07-23,10,Мука,1.0,кг,50,50.0
2025-07-23,10,Сахар,0.5,кг,60,30.0
2025-07-23,10,Чай листовой,0.1,кг,500,50.0
2025-07-23,10,Соки,2.3,л,120,276.0
2025-07-23,10,Пиво,2.6,л,150,390.0
2025-07-24,2,Куриное филе,2.5,кг,250,625.0
2025-07-24,2,Говядина,1.6,кг,500,800.0
2025-07-24,2,Рыба (филе),1.0,кг,600,600.0
2025-07-24,2,Креветки,0.5,кг,800,400.0
2025-07-24,2,Помидоры,2.2,кг,120,264.0
2025-07-24,2,Огурцы,1.6,кг,100,160.0
2025-07-24,2,Картофель,4.5,кг,40,180.0
2025-07-24,2,Сыр твердый,1.1,кг,450,495.0
2025-07-24,2,Сыр пармезан,0.5,кг,800,400.0
2025-07-24,2,Макароны,1.7,кг,80,136.0
2025-07-24,2,Рис,1.5,кг,90,135.0
2025-07-24,2,Мука,1.2,кг,50,60.0
2025-07-24,2,Сахар,0.6,кг,60,36.0
2025-07-24,2,Соки,2.1,л,120,252.0
2025-07-24,2,Пиво,2.9,л,150,435.0
2025-07-24,4,Куриное филе,2.6,кг,250,650.0
2025-07-24,4,Говядина,1.2,кг,500,600.0
2025-07-24,4,Свинина,1.0,кг,400,400.0
2025-07-24,4,Помидоры,2.1,кг,120,252.0
2025-07-24,4,Огурцы,1.4,кг,100,140.0
2025-07-24,4,Салат айсберг,1.1,кг,150,165.0
2025-07-24,4,Картофель,3.9,кг,40,156.0
2025-07-24,4,Сыр твердый,1.0,кг,450,450.0
2025-07-24,4,Сыр пармезан,0.4,кг,800,320.0
2025-07-24,4,Сливки,1.3,л,200,260.0
2025-07-24,4,Молоко,2.8,л,70,196.0
2025-07-24,4,Макароны,1.8,кг,80,144.0
2025-07-24,4,Рис,1.4,кг,90,126.0
2025-07-24,4,Мука,1.2,кг,50,60.0
2025-07-24,4,Сахар,0.5,кг,60,30.0
2025-07-24,5,Говядина,1.7,кг,500,850.0
2025-07-24,5,Свинина,1.2,кг,400,480.0
2025-07-24,5,Рыба (филе),1.1,кг,600,660.0
2025-07-24,5,Креветки,0.4,кг,800,320.0
2025-07-24,5,Огурцы,1.3,кг,100,130.0
2025-07-24,5,Сыр твердый,0.9,кг,450,405.0
2025-07-24,5,Сливки,1.3,л,200,260.0
2025-07-24,5,Макароны,1.9,кг,80,152.0
2025-07-24,5,Рис,1.4,кг,90,126.0
2025-07-24,5,Кофе в зернах,0.3,кг,800,240.0
2025-07-24,5,Пиво,2.9,л,150,435.0
2025-07-24,6,Говядина,1.4,кг,500,700.0
2025-07-24,6,Свинина,1.0,кг,400,400.0
2025-07-24,6,Рыба (филе),0.9,кг,600,540.0
2025-07-24,6,Креветки,0.6,кг,800,480.0
2025-07-24,6,Помидоры,2.2,кг,120,264.0
2025-07-24,6,Огурцы,1.4,кг,100,140.0
2025-07-24,6,Салат айсберг,0.9,кг,150,135.0
2025-07-24,6,Картофель,4.1,кг,40,164.0
2025-07-24,6,Сыр твердый,1.1,кг,450,495.0
2025-07-24,6,Макароны,2.1,кг,80,168.0
2025-07-24,6,Рис,1.6,кг,90,144.0
2025-07-24,6,Сахар,0.4,кг,60,24.0
2025-07-24,6,Кофе в зернах,0.3,кг,800,240.0
2025-07-24,6,Чай листовой,0.1,кг,500,50.0
2025-07-24,6,Соки,1.9,л,120,228.0
2025-07-24,6,Пиво,2.7,л,150,405.0
2025-07-24,8,Говядина,1.5,кг,500,750.0
2025-07-24,8,Рыба (филе),1.1,кг,600,660.0
2025-07-24,8,Помидоры,2.4,кг,120,288.0
2025-07-24,8,Салат айсберг,1.0,кг,150,150.0
2025-07-24,8,Картофель,4.2,кг,40,168.0
2025-07-24,8,Сыр твердый,1.1,кг,450,495.0
2025-07-24,8,Сливки,1.4,л,200,280.0
2025-07-24,8,Макароны,1.9,кг,80,152.0
2025-07-24,8,Рис,1.6,кг,90,144.0
2025-07-24,8,Кофе в зернах,0.3,кг,800,240.0
2025-07-24,8,Соки,1.9,л,120,228.0
2025-07-24,9,Свинина,1.0,кг,400,400.0
2025-07-24,9,Помидоры,1.8,кг,120,216.0
2025-07-24,9,Огурцы,1.9,кг,100,190.0
2025-07-24,9,Картофель,4.2,кг,40,168.0
2025-07-24,9,Сыр твердый,1.1,кг,450,495.0
2025-07-24,9,Сыр пармезан,0.6,кг,800,480.0
2025-07-24,9,Сливки,1.4,л,200,280.0
2025-07-24,9,Молоко,2.2,л,70,154.0
2025-07-24,9,Мука,1.2,кг,50,60.0
2025-07-24,9,Сахар,0.4,кг,60,24.0
2025-07-24,9,Кофе в зернах,0.2,кг,800,160.0
2025-07-24,9,Соки,1.6,л,120,192.0
2025-07-24,9,Пиво,2.8,л,150,420.0
2025-07-25,2,Куриное филе,2.7,кг,250,675.0
2025-07-25,2,Говядина,1.4,кг,500,700.0
2025-07-25,2,Рыба (филе),1.0,кг,600,600.0
2025-07-25,2,Креветки,0.4,кг,800,320.0
2025-07-25,2,Помидоры,2.2,кг,120,264.0
2025-07-25,2,Огурцы,1.5,кг,100,150.0
2025-07-25,2,Салат айсберг,0.9,кг,150,135.0
2025-07-25,2,Картофель,4.2,кг,40,168.0
2025-07-25,2,Сыр твердый,1.0,кг,450,450.0
2025-07-25,2,Сыр пармезан,0.5,кг,800,400.0
2025-07-25,2,Сливки,1.4,л,200,280.0
2025-07-25,2,Молоко,2.6,л,70,182.0
2025-07-25,2,Макароны,1.8,кг,80,144.0
2025-07-25,2,Рис,1.6,кг,90,144.0
2025-07-25,2,Сахар,0.4,кг,60,24.0
2025-07-25,2,Чай листовой,0.2,кг,500,100.0
2025-07-25,2,Пиво,2.6,л,150,390.0
2025-07-25,3,Куриное филе,2.8,кг,250,700.0
2025-07-25,3,Говядина,1.3,кг,500,650.0
2025-07-25,3,Свинина,0.8,кг,400,320.0
2025-07-25,3,Креветки,0.5,кг,800,400.0
2025-07-25,3,Помидоры,2.1,кг,120,252.0
2025-07-25,3,Огурцы,1.5,кг,100,150.0
2025-07-25,3,Салат айсберг,1.1,кг,150,165.0
2025-07-25,3,Картофель,4.2,кг,40,168.0
2025-07-25,3,Сливки,1.6,л,200,320.0
2025-07-25,3,Макароны,1.9,кг,80,152.0
2025-07-25,3,Рис,1.4,кг,90,126.0
2025-07-25,3,Мука,1.1,кг,50,55.0
2025-07-25,3,Сахар,0.6,кг,60,36.0
2025-07-25,3,Кофе в зернах,0.3,кг,800,240.0
2025-07-25,3,Соки,2.0,л,120,240.0
2025-07-25,3,Пиво,2.1,л,150,315.0
2025-07-25,4,Куриное филе,2.4,кг,250,600.0
2025-07-25,4,Говядина,1.6,кг,500,800.0
2025-07-25,4,Свинина,1.1,кг,400,440.0
2025-07-25,4,Рыба (филе),0.9,кг,600,540.0
2025-07-25,4,Помидоры,2.1,кг,120,252.0
2025-07-25,4,Салат айсберг,1.0,кг,150,150.0
2025-07-25,4,Картофель,3.8,кг,40,152.0
2025-07-25,4,Сыр пармезан,0.5,кг,800,400.0
2025-07-25,4,Молоко,2.4,л,70,168.0
2025-07-25,4,Макароны,2.1,кг,80,168.0
2025-07-25,4,Рис,1.3,кг,90,117.0
2025-07-25,4,Мука,1.0,кг,50,50.0
2025-07-25,4,Сахар,0.5,кг,60,30.0
2025-07-25,4,Кофе в зернах,0.2,кг,800,160.0
2025-07-25,4,Чай листовой,0.2,кг,500,100.0
2025-07-25,4,Соки,2.1,л,120,252.0
2025-07-25,4,Пиво,2.2,л,150,330.0
2025-07-25,5,Рыба (филе),1.0,кг,600,600.0
2025-07-25,5,Помидоры,2.3,кг,120,276.0
2025-07-25,5,Огурцы,1.6,кг,100,160.0
2025-07-25,5,Салат айсберг,1.0,кг,150,150.0
2025-07-25,5,Картофель,3.8,кг,40,152.0
2025-07-25,5,Сыр твердый,1.0,кг,450,450.0
2025-07-25,5,Сыр пармезан,0.5,кг,800,400.0
2025-07-25,5,Сливки,1.2,л,200,240.0
2025-07-25,5,Молоко,2.7,л,70,189.0
2025-07-25,5,Рис,1.5,кг,90,135.0
2025-07-25,5,Сахар,0.5,кг,60,30.0
2025-07-25,5,Кофе в зернах,0.2,кг,800,160.0
2025-07-25,5,Чай листовой,0.2,кг,500,100.0
2025-07-25,8,Рыба (филе),1.1,кг,600,660.0
2025-07-25,8,Креветки,0.6,кг,800,480.0
2025-07-25,8,Помидоры,2.3,кг,120,276.0
2025-07-25,8,Салат айсберг,0.9,кг,150,135.0
2025-07-25,8,Картофель,3.7,кг,40,148.0
2025-07-25,8,Сливки,1.5,л,200,300.0
2025-07-25,8,Молоко,2.7,л,70,189.0
2025-07-25,8,Макароны,2.1,кг,80,168.0
2025-07-25,8,Мука,1.2,кг,50,60.0
2025-07-25,8,Сахар,0.4,кг,60,24.0
2025-07-25,8,Кофе в зернах,0.3,кг,800,240.0
2025-07-25,8,Чай листовой,0.1,кг,500,50.0
2025-07-26,3,Куриное филе,3.0,кг,250,750.0
2025-07-26,3,Говядина,1.5,кг,500,750.0
2025-07-26,3,Свинина,1.2,кг,400,480.0
2025-07-26,3,Рыба (филе),1.0,кг,600,600.0
2025-07-26,3,Креветки,0.5,кг,800,400.0
2025-07-26,3,Помидоры,2.0,кг,120,240.0
2025-07-26,3,Салат айсберг,0.9,кг,150,135.0
2025-07-26,3,Картофель,4.6,кг,40,184.0
2025-07-26,3,Сыр твердый,1.0,кг,450,450.0
2025-07-26,3,Сыр пармезан,0.6,кг,800,480.0
2025-07-26,3,Молоко,2.9,л,70,203.0
2025-07-26,3,Макароны,2.2,кг,80,176.0
2025-07-26,3,Мука,1.1,кг,50,55.0
2025-07-26,3,Кофе в зернах,0.2,кг,800,160.0
2025-07-26,3,Пиво,2.2,л,150,330.0
2025-07-26,6,Свинина,1.0,кг,400,400.0
2025-07-26,6,Рыба (филе),1.0,кг,600,600.0
2025-07-26,6,Креветки,0.5,кг,800,400.0
2025-07-26,6,Помидоры,1.7,кг,120,204.0
2025-07-26,6,Огурцы,1.8,кг,100,180.0
2025-07-26,6,Салат айсберг,0.9,кг,150,135.0
2025-07-26,6,Сыр твердый,0.9,кг,450,405.0
2025-07-26,6,Сыр пармезан,0.6,кг,800,480.0
2025-07-26,6,Сливки,1.3,л,200,260.0
2025-07-26,6,Молоко,2.6,л,70,182.0
2025-07-26,6,Макароны,1.9,кг,80,152.0
2025-07-26,6,Сахар,0.5,кг,60,30.0
2025-07-26,6,Кофе в зернах,0.3,кг,800,240.0
2025-07-26,6,Соки,2.5,л,120,300.0
2025-07-26,9,Куриное филе,2.4,кг,250,600.0
2025-07-26,9,Рыба (филе),0.8,кг,600,480.0
2025-07-26,9,Креветки,0.5,кг,800,400.0
2025-07-26,9,Сыр твердый,1.1,кг,450,495.0
2025-07-26,9,Сыр пармезан,0.5,кг,800,400.0
2025-07-26,9,Сливки,1.4,л,200,280.0
2025-07-26,9,Молоко,2.8,л,70,196.0
2025-07-26,9,Макароны,1.7,кг,80,136.0
2025-07-26,9,Мука,1.2,кг,50,60.0
2025-07-26,9,Кофе в зернах,0.3,кг,800,240.0
2025-07-26,9,Чай листовой,0.1,кг,500,50.0
2025-07-27,1,Говядина,1.3,кг,500,650.0
2025-07-27,1,Свинина,1.2,кг,400,480.0
2025-07-27,1,Помидоры,1.9,кг,120,228.0
2025-07-27,1,Салат айсберг,1.1,кг,150,165.0
2025-07-27,1,Сыр пармезан,0.5,кг,800,400.0
2025-07-27,1,Сливки,1.3,л,200,260.0
2025-07-27,1,Макароны,1.8,кг,80,144.0
2025-07-27,1,Рис,1.5,кг,90,135.0
2025-07-27,1,Мука,1.0,кг,50,50.0
2025-07-27,1,Сахар,0.4,кг,60,24.0
2025-07-27,1,Чай листовой,0.1,кг,500,50.0
2025-07-27,3,Куриное филе,3.0,кг,250,750.0
2025-07-27,3,Свинина,0.8,кг,400,320.0
2025-07-27,3,Рыба (филе),0.9,кг,600,540.0
2025-07-27,3,Креветки,0.5,кг,800,400.0
2025-07-27,3,Помидоры,2.4,кг,120,288.0
2025-07-27,3,Огурцы,1.5,кг,100,150.0
2025-07-27,3,Картофель,4.1,кг,40,164.0
2025-07-27,3,Сыр твердый,1.0,кг,450,450.0
2025-07-27,3,Сыр пармезан,0.5,кг,800,400.0
2025-07-27,3,Сливки,1.4,л,200,280.0
2025-07-27,3,Молоко,2.5,л,70,175.0
2025-07-27,3,Макароны,2.4,кг,80,192.0
2025-07-27,3,Рис,1.2,кг,90,108.0
2025-07-27,3,Чай листовой,0.1,кг,500,50.0
2025-07-27,3,Соки,2.1,л,120,252.0
2025-07-27,3,Пиво,2.4,л,150,360.0
2025-07-28,2,Куриное филе,2.6,кг,250,650.0
2025-07-28,2,Говядина,1.3,кг,500,650.0
2025-07-28,2,Свинина,0.8,кг,400,320.0
2025-07-28,2,Рыба (филе),1.0,кг,600,600.0
2025-07-28,2,Помидоры,1.9,кг,120,228.0
2025-07-28,2,Салат айсберг,1.0,кг,150,150.0
2025-07-28,2,Картофель,4.0,кг,40,160.0
2025-07-28,2,Сыр пармезан,0.5,кг,800,400.0
2025-07-28,2,Молоко,2.0,л,70,140.0
2025-07-28,2,Рис,1.6,кг,90,144.0
2025-07-28,2,Мука,1.1,кг,50,55.0
2025-07-28,2,Сахар,0.6,кг,60,36.0
2025-07-28,2,Кофе в зернах,0.3,кг,800,240.0
2025-07-28,2,Чай листовой,0.2,кг,500,100.0
2025-07-28,2,Соки,1.6,л,120,192.0
2025-07-28,2,Пиво,2.3,л,150,345.0
2025-07-28,6,Говядина,1.8,кг,500,900.0
2025-07-28,6,Свинина,0.9,кг,400,360.0
2025-07-28,6,Рыба (филе),1.0,кг,600,600.0
2025-07-28,6,Креветки,0.5,кг,800,400.0
2025-07-28,6,Огурцы,1.8,кг,100,180.0
2025-07-28,6,Салат айсберг,1.2,кг,150,180.0
2025-07-28,6,Картофель,3.6,кг,40,144.0
2025-07-28,6,Сыр твердый,0.8,кг,450,360.0
2025-07-28,6,Сыр пармезан,0.4,кг,800,320.0
2025-07-28,6,Сливки,1.7,л,200,340.0
2025-07-28,6,Молоко,2.2,л,70,154.0
2025-07-28,6,Сахар,0.6,кг,60,36.0
2025-07-28,6,Кофе в зернах,0.3,кг,800,240.0
2025-07-28,6,Чай листовой,0.1,кг,500,50.0
2025-07-28,6,Пиво,2.9,л,150,435.0
2025-07-28,7,Куриное филе,2.1,кг,250,525.0
2025-07-28,7,Рыба (филе),0.9,кг,600,540.0
2025-07-28,7,Креветки,0.6,кг,800,480.0
2025-07-28,7,Салат айсберг,1.1,кг,150,165.0
2025-07-28,7,Картофель,3.1,кг,40,124.0
2025-07-28,7,Сыр пармезан,0.5,кг,800,400.0
2025-07-28,7,Сливки,1.3,л,200,260.0
2025-07-28,7,Молоко,2.6,л,70,182.0
2025-07-28,7,Макароны,2.0,кг,80,160.0
2025-07-28,7,Рис,1.7,кг,90,153.0
2025-07-28,7,Чай листовой,0.2,кг,500,100.0
2025-07-28,7,Соки,1.9,л,120,228.0
2025-07-28,7,Пиво,2.7,л,150,405.0
2025-07-28,9,Свинина,1.0,кг,400,400.0
2025-07-28,9,Рыба (филе),0.9,кг,600,540.0
2025-07-28,9,Помидоры,2.3,кг,120,276.0
2025-07-28,9,Салат айсберг,0.9,кг,150,135.0
2025-07-28,9,Картофель,3.6,кг,40,144.0
2025-07-28,9,Сыр пармезан,0.5,кг,800,400.0
2025-07-28,9,Молоко,2.1,л,70,147.0
2025-07-28,9,Макароны,1.7,кг,80,136.0
2025-07-28,9,Рис,1.4,кг,90,126.0
2025-07-28,9,Мука,1.0,кг,50,50.0
2025-07-28,9,Чай листовой,0.1,кг,500,50.0
2025-07-28,9,Соки,2.0,л,120,240.0
2025-07-29,3,Свинина,1.1,кг,400,440.0
2025-07-29,3,Рыба (филе),1.1,кг,600,660.0
2025-07-29,3,Огурцы,1.3,кг,100,130.0
2025-07-29,3,Картофель,4.0,кг,40,160.0
2025-07-29,3,Сыр твердый,0.9,кг,450,405.0
2025-07-29,3,Сыр пармезан,0.4,кг,800,320.0
2025-07-29,3,Молоко,2.6,л,70,182.0
2025-07-29,3,Макароны,1.8,кг,80,144.0
2025-07-29,3,Рис,1.4,кг,90,126.0
2025-07-29,3,Мука,1.1,кг,50,55.0
2025-07-29,3,Сахар,0.6,кг,60,36.0
2025-07-29,3,Кофе в зернах,0.3,кг,800,240.0
2025-07-29,3,Чай листовой,0.1,кг,500,50.0
2025-07-29,4,Рыба (филе),1.0,кг,600,600.0
2025-07-29,4,Креветки,0.5,кг,800,400.0
2025-07-29,4,Помидоры,2.3,кг,120,276.0
2025-07-29,4,Огурцы,1.3,кг,100,130.0
2025-07-29,4,Салат айсберг,1.3,кг,150,195.0
2025-07-29,4,Картофель,4.8,кг,40,192.0
2025-07-29,4,Сыр твердый,1.0,кг,450,450.0
2025-07-29,4,Сыр пармезан,0.5,кг,800,400.0
2025-07-29,4,Сливки,1.6,л,200,320.0
2025-07-29,4,Молоко,2.3,л,70,161.0
2025-07-29,4,Макароны,1.9,кг,80,152.0
2025-07-29,4,Рис,1.4,кг,90,126.0
2025-07-29,4,Мука,1.0,кг,50,50.0
2025-07-29,4,Сахар,0.6,кг,60,36.0
2025-07-29,4,Чай листовой,0.1,кг,500,50.0
2025-07-29,4,Соки,2.5,л,120,300.0
2025-07-29,4,Пиво,2.3,л,150,345.0
2025-07-30,1,Куриное филе,2.2,кг,250,550.0
2025-07-30,1,Говядина,1.5,кг,500,750.0
2025-07-30,1,Рыба (филе),0.9,кг,600,540.0
2025-07-30,1,Креветки,0.5,кг,800,400.0
2025-07-30,1,Салат айсберг,1.2,кг,150,180.0
2025-07-30,1,Картофель,3.6,кг,40,144.0
2025-07-30,1,Сыр твердый,1.0,кг,450,450.0
2025-07-30,1,Сливки,1.3,л,200,260.0
2025-07-30,1,Мука,1.2,кг,50,60.0
2025-07-30,1,Сахар,0.6,кг,60,36.0
2025-07-30,1,Кофе в зернах,0.2,кг,800,160.0
2025-07-30,1,Чай листовой,0.1,кг,500,50.0
2025-07-30,1,Соки,2.0,л,120,240.0
2025-07-30,1,Пиво,2.0,л,150,300.0
2025-07-30,2,Куриное филе,2.9,кг,250,725.0
2025-07-30,2,Говядина,1.6,кг,500,800.0
2025-07-30,2,Свинина,0.9,кг,400,360.0
2025-07-30,2,Креветки,0.5,кг,800,400.0
2025-07-30,2,Помидоры,1.9,кг,120,228.0
2025-07-30,2,Огурцы,1.5,кг,100,150.0
2025-07-30,2,Салат айсберг,1.2,кг,150,180.0
2025-07-30,2,Картофель,4.4,кг,40,176.0
2025-07-30,2,Сыр твердый,0.9,кг,450,405.0
2025-07-30,2,Сыр пармезан,0.5,кг,800,400.0
2025-07-30,2,Сливки,1.4,л,200,280.0
2025-07-30,2,Молоко,2.8,л,70,196.0
2025-07-30,2,Рис,1.7,кг,90,153.0
2025-07-30,2,Чай листовой,0.1,кг,500,50.0
2025-07-30,2,Соки,2.1,л,120,252.0
2025-07-30,9,Куриное филе,2.7,кг,250,675.0
2025-07-30,9,Говядина,1.4,кг,500,700.0
2025-07-30,9,Свинина,1.0,кг,400,400.0
2025-07-30,9,Рыба (филе),1.2,кг,600,720.0
2025-07-30,9,Креветки,0.5,кг,800,400.0
2025-07-30,9,Огурцы,1.5,кг,100,150.0
2025-07-30,9,Салат айсберг,0.9,кг,150,135.0
2025-07-30,9,Картофель,3.2,кг,40,128.0
2025-07-30,9,Сыр твердый,0.9,кг,450,405.0
2025-07-30,9,Сыр пармезан,0.5,кг,800,400.0
2025-07-30,9,Сливки,1.4,л,200,280.0
2025-07-30,9,Молоко,2.5,л,70,175.0
2025-07-30,9,Макароны,1.8,кг,80,144.0
2025-07-30,9,Рис,1.8,кг,90,162.0
2025-07-30,9,Мука,0.9,кг,50,45.0
2025-07-30,9,Кофе в зернах,0.2,кг,800,160.0
2025-07-30,9,Чай листовой,0.1,кг,500,50.0
2025-07-30,9,Соки,1.6,л,120,192.0
2025-07-30,9,Пиво,3.0,л,150,450.0
2025-07-30,10,Куриное филе,2.7,кг,250,675.0
2025-07-30,10,Свинина,0.8,кг,400,320.0
2025-07-30,10,Рыба (филе),0.9,кг,600,540.0
2025-07-30,10,Креветки,0.5,кг,800,400.0
2025-07-30,10,Помидоры,2.0,кг,120,240.0
2025-07-30,10,Огурцы,1.8,кг,100,180.0
2025-07-30,10,Салат айсберг,1.0,кг,150,150.0
2025-07-30,10,Картофель,3.8,кг,40,152.0
2025-07-30,10,Сыр пармезан,0.6,кг,800,480.0
2025-07-30,10,Сливки,1.4,л,200,280.0
2025-07-30,10,Макароны,2.0,кг,80,160.0
2025-07-30,10,Рис,1.7,кг,90,153.0
2025-07-30,10,Мука,1.3,кг,50,65.0
2025-07-30,10,Кофе в зернах,0.3,кг,800,240.0
2025-07-30,10,Чай листовой,0.2,кг,500,100.0
2025-07-30,10,Соки,2.0,л,120,240.0
2025-07-31,3,Говядина,1.6,кг,500,800.0
2025-07-31,3,Свинина,0.9,кг,400,360.0
2025-07-31,3,Рыба (филе),0.9,кг,600,540.0
2025-07-31,3,Креветки,0.5,кг,800,400.0
2025-07-31,3,Огурцы,1.6,кг,100,160.0
2025-07-31,3,Картофель,4.2,кг,40,168.0
2025-07-31,3,Сыр твердый,1.0,кг,450,450.0
2025-07-31,3,Сливки,1.3,л,200,260.0
2025-07-31,3,Молоко,2.3,л,70,161.0
2025-07-31,3,Макароны,2.2,кг,80,176.0
2025-07-31,3,Рис,1.5,кг,90,135.0
2025-07-31,3,Мука,0.9,кг,50,45.0
2025-07-31,3,Сахар,0.4,кг,60,24.0
2025-07-31,3,Соки,2.0,л,120,240.0
2025-07-31,4,Куриное филе,2.6,кг,250,650.0
2025-07-31,4,Свинина,0.8,кг,400,320.0
2025-07-31,4,Рыба (филе),1.1,кг,600,660.0
2025-07-31,4,Креветки,0.4,кг,800,320.0
2025-07-31,4,Помидоры,1.9,кг,120,228.0
2025-07-31,4,Огурцы,1.5,кг,100,150.0
2025-07-31,4,Салат айсберг,0.9,кг,150,135.0
2025-07-31,4,Картофель,4.1,кг,40,164.0
2025-07-31,4,Сыр твердый,1.1,кг,450,495.0
2025-07-31,4,Сыр пармезан,0.5,кг,800,400.0
2025-07-31,4,Сливки,1.4,л,200,280.0
2025-07-31,4,Молоко,2.3,л,70,161.0
2025-07-31,4,Макароны,2.2,кг,80,176.0
2025-07-31,4,Сахар,0.5,кг,60,30.0
2025-07-31,4,Чай листовой,0.1,кг,500,50.0
2025-07-31,4,Пиво,2.2,л,150,330.0
2025-07-31,5,Куриное филе,2.7,кг,250,675.0
2025-07-31,5,Свинина,1.2,кг,400,480.0
2025-07-31,5,Помидоры,2.2,кг,120,264.0
2025-07-31,5,Огурцы,1.6,кг,100,160.0
2025-07-31,5,Картофель,3.7,кг,40,148.0
2025-07-31,5,Сыр твердый,0.9,кг,450,405.0
2025-07-31,5,Сыр пармезан,0.5,кг,800,400.0
2025-07-31,5,Молоко,2.9,л,70,203.0
2025-07-31,5,Макароны,2.1,кг,80,168.0
2025-07-31,5,Рис,1.9,кг,90,171.0
2025-07-31,5,Мука,1.1,кг,50,55.0
2025-07-31,5,Кофе в зернах,0.3,кг,800,240.0
2025-07-31,5,Чай листовой,0.2,кг,500,100.0
2025-07-31,5,Соки,2.4,л,120,288.0
2025-07-31,5,Пиво,2.4,л,150,360.0
2025-07-31,10,Куриное филе,2.4,кг,250,600.0
2025-07-31,10,Говядина,1.4,кг,500,700.0
2025-07-31,10,Свинина,1.1,кг,400,440.0
2025-07-31,10,Рыба (филе),1.1,кг,600,660.0
2025-07-31,10,Креветки,0.4,кг,800,320.0
2025-07-31,10,Картофель,4.4,кг,40,176.0
2025-07-31,10,Сыр твердый,1.0,кг,450,450.0
2025-07-31,10,Сыр пармезан,0.4,кг,800,320.0
2025-07-31,10,Молоко,2.5,л,70,175.0
2025-07-31,10,Макароны,2.0,кг,80,160.0
2025-07-31,10,Рис,1.3,кг,90,117.0
2025-07-31,10,Мука,0.9,кг,50,45.0
2025-07-31,10,Кофе в зернах,0.2,кг,800,160.0
2025-07-31,10,Соки,1.9,л,120,228.0
2025-07-31,10,Пиво,2.0,л,150,300.0
2025-08-01,6,Свинина,0.9,кг,400,360.0
2025-08-01,6,Помидоры,1.7,кг,120,204.0
2025-08-01,6,Огурцы,1.4,кг,100,140.0
2025-08-01,6,Салат айсберг,1.0,кг,150,150.0
2025-08-01,6,Картофель,4.0,кг,40,160.0
2025-08-01,6,Сыр твердый,1.0,кг,450,450.0
2025-08-01,6,Сливки,1.4,л,200,280.0
2025-08-01,6,Мука,1.1,кг,50,55.0
2025-08-01,6,Кофе в зернах,0.3,кг,800,240.0
2025-08-01,6,Чай листовой,0.2,кг,500,100.0
2025-08-01,6,Соки,2.3,л,120,276.0
2025-08-01,6,Пиво,3.0,л,150,450.0
2025-08-01,7,Куриное филе,3.1,кг,250,775.0
2025-08-01,7,Говядина,1.6,кг,500,800.0
2025-08-01,7,Креветки,0.4,кг,800,320.0
2025-08-01,7,Огурцы,1.4,кг,100,140.0
2025-08-01,7,Салат айсберг,1.0,кг,150,150.0
2025-08-01,7,Картофель,4.1,кг,40,164.0
2025-08-01,7,Сыр пармезан,0.5,кг,800,400.0
2025-08-01,7,Сливки,1.2,л,200,240.0
2025-08-01,7,Рис,1.4,кг,90,126.0
2025-08-01,7,Кофе в зернах,0.2,кг,800,160.0
2025-08-01,7,Пиво,2.7,л,150,405.0
2025-08-01,8,Куриное филе,2.2,кг,250,550.0
2025-08-01,8,Свинина,0.8,кг,400,320.0
2025-08-01,8,Рыба (филе),0.9,кг,600,540.0
2025-08-01,8,Креветки,0.5,кг,800,400.0
2025-08-01,8,Помидоры,2.1,кг,120,252.0
2025-08-01,8,Салат айсберг,1.1,кг,150,165.0
2025-08-01,8,Картофель,3.3,кг,40,132.0
2025-08-01,8,Сыр пармезан,0.5,кг,800,400.0
2025-08-01,8,Сливки,1.7,л,200,340.0
2025-08-01,8,Молоко,2.0,л,70,140.0
2025-08-01,8,Макароны,2.1,кг,80,168.0
2025-08-01,8,Мука,0.9,кг,50,45.0
2025-08-01,8,Сахар,0.4,кг,60,24.0
2025-08-01,8,Кофе в зернах,0.3,кг,800,240.0
2025-08-01,8,Чай листовой,0.2,кг,500,100.0
2025-08-01,8,Соки,1.6,л,120,192.0
2025-08-01,8,Пиво,2.3,л,150,345.0
2025-08-01,9,Говядина,1.8,кг,500,900.0
2025-08-01,9,Свинина,1.1,кг,400,440.0
2025-08-01,9,Креветки,0.5,кг,800,400.0
2025-08-01,9,Салат айсберг,1.1,кг,150,165.0
2025-08-01,9,Картофель,4.4,кг,40,176.0
2025-08-01,9,Сыр твердый,1.1,кг,450,495.0
2025-08-01,9,Сыр пармезан,0.5,кг,800,400.0
2025-08-01,9,Молоко,3.0,л,70,210.0
2025-08-01,9,Макароны,1.8,кг,80,144.0
2025-08-01,9,Рис,1.4,кг,90,126.0
2025-08-01,9,Сахар,0.4,кг,60,24.0
2025-08-01,9,Кофе в зернах,0.2,кг,800,160.0
2025-08-01,9,Чай листовой,0.1,кг,500,50.0
2025-08-01,9,Соки,1.7,л,120,204.0
2025-08-01,9,Пиво,2.5,л,150,375.0
2025-08-02,2,Говядина,1.8,кг,500,900.0
2025-08-02,2,Свинина,1.2,кг,400,480.0
2025-08-02,2,Креветки,0.4,кг,800,320.0
2025-08-02,2,Помидоры,2.2,кг,120,264.0
2025-08-02,2,Салат айсберг,1.1,кг,150,165.0
2025-08-02,2,Сыр твердый,0.8,кг,450,360.0
2025-08-02,2,Сыр пармезан,0.5,кг,800,400.0
2025-08-02,2,Сливки,1.5,л,200,300.0
2025-08-02,2,Молоко,2.1,л,70,147.0
2025-08-02,2,Макароны,1.9,кг,80,152.0
2025-08-02,2,Рис,1.4,кг,90,126.0
2025-08-02,2,Мука,0.9,кг,50,45.0
2025-08-02,2,Сахар,0.5,кг,60,30.0
2025-08-02,2,Кофе в зернах,0.2,кг,800,160.0
2025-08-02,2,Чай листовой,0.1,кг,500,50.0
2025-08-02,2,Соки,1.8,л,120,216.0
2025-08-02,3,Куриное филе,2.9,кг,250,725.0
2025-08-02,3,Свинина,1.0,кг,400,400.0
2025-08-02,3,Креветки,0.5,кг,800,400.0
2025-08-02,3,Огурцы,1.4,кг,100,140.0
2025-08-02,3,Салат айсберг,1.1,кг,150,165.0
2025-08-02,3,Картофель,3.1,кг,40,124.0
2025-08-02,3,Сыр твердый,1.0,кг,450,450.0
2025-08-02,3,Сыр пармезан,0.5,кг,800,400.0
2025-08-02,3,Сливки,1.2,л,200,240.0
2025-08-02,3,Молоко,2.5,л,70,175.0
2025-08-02,3,Макароны,2.0,кг,80,160.0
2025-08-02,3,Рис,1.5,кг,90,135.0
2025-08-02,3,Мука,1.1,кг,50,55.0
2025-08-02,3,Сахар,0.6,кг,60,36.0
2025-08-02,3,Кофе в зернах,0.3,кг,800,240.0
2025-08-02,3,Чай листовой,0.2,кг,500,100.0
2025-08-02,3,Соки,2.3,л,120,276.0
2025-08-02,4,Куриное филе,2.3,кг,250,575.0
2025-08-02,4,Свинина,0.9,кг,400,360.0
2025-08-02,4,Помидоры,2.3,кг,120,276.0
2025-08-02,4,Салат айсберг,0.9,кг,150,135.0
2025-08-02,4,Картофель,4.3,кг,40,172.0
2025-08-02,4,Сыр твердый,1.1,кг,450,495.0
2025-08-02,4,Сыр пармезан,0.4,кг,800,320.0
2025-08-02,4,Сливки,1.5,л,200,300.0
2025-08-02,4,Молоко,2.7,л,70,189.0
2025-08-02,4,Макароны,2.3,кг,80,184.0
2025-08-02,4,Рис,1.6,кг,90,144.0
2025-08-02,4,Мука,0.9,кг,50,45.0
2025-08-02,4,Кофе в зернах,0.3,кг,800,240.0
2025-08-02,4,Чай листовой,0.2,кг,500,100.0
2025-08-02,4,Соки,2.1,л,120,252.0
2025-08-02,4,Пиво,2.2,л,150,330.0
2025-08-02,5,Куриное филе,2.6,кг,250,650.0
2025-08-02,5,Говядина,1.4,кг,500,700.0
2025-08-02,5,Свинина,1.0,кг,400,400.0
2025-08-02,5,Помидоры,2.0,кг,120,240.0
2025-08-02,5,Огурцы,1.7,кг,100,170.0
2025-08-02,5,Картофель,4.0,кг,40,160.0
2025-08-02,5,Сыр твердый,0.8,кг,450,360.0
2025-08-02,5,Сыр пармезан,0.6,кг,800,480.0
2025-08-02,5,Молоко,2.7,л,70,189.0
2025-08-02,5,Макароны,1.7,кг,80,136.0
2025-08-02,5,Рис,1.6,кг,90,144.0
2025-08-02,5,Мука,1.1,кг,50,55.0
2025-08-02,5,Кофе в зернах,0.3,кг,800,240.0
2025-08-02,5,Чай листовой,0.1,кг,500,50.0
2025-08-02,5,Пиво,2.6,л,150,390.0
2025-08-02,7,Куриное филе,2.7,кг,250,675.0
2025-08-02,7,Свинина,1.1,кг,400,440.0
2025-08-02,7,Рыба (филе),1.2,кг,600,720.0
2025-08-02,7,Креветки,0.5,кг,800,400.0
2025-08-02,7,Огурцы,1.4,кг,100,140.0
2025-08-02,7,Салат айсберг,1.0,кг,150,150.0
2025-08-02,7,Сыр твердый,1.0,кг,450,450.0
2025-08-02,7,Сыр пармезан,0.5,кг,800,400.0
2025-08-02,7,Сливки,1.3,л,200,260.0
2025-08-02,7,Молоко,2.5,л,70,175.0
2025-08-02,7,Макароны,1.9,кг,80,152.0
2025-08-02,7,Мука,1.0,кг,50,50.0
2025-08-02,7,Сахар,0.5,кг,60,30.0
2025-08-02,7,Чай листовой,0.2,кг,500,100.0
2025-08-02,7,Пиво,2.2,л,150,330.0
2025-08-02,10,Куриное филе,2.8,кг,250,700.0
2025-08-02,10,Говядина,1.2,кг,500,600.0
2025-08-02,10,Рыба (филе),1.1,кг,600,660.0
2025-08-02,10,Салат айсберг,1.1,кг,150,165.0
2025-08-02,10,Картофель,4.0,кг,40,160.0
2025-08-02,10,Сыр пармезан,0.6,кг,800,480.0
2025-08-02,10,Макароны,2.2,кг,80,176.0
2025-08-02,10,Рис,1.6,кг,90,144.0
2025-08-02,10,Мука,1.2,кг,50,60.0
2025-08-02,10,Сахар,0.5,кг,60,30.0
2025-08-02,10,Кофе в зернах,0.2,кг,800,160.0
2025-08-02,10,Чай листовой,0.1,кг,500,50.0
2025-08-02,10,Соки,2.1,л,120,252.0
2025-08-03,1,Говядина,1.3,кг,500,650.0
2025-08-03,1,Свинина,1.0,кг,400,400.0
2025-08-03,1,Рыба (филе),1.0,кг,600,600.0
2025-08-03,1,Помидоры,1.9,кг,120,228.0
2025-08-03,1,Огурцы,1.8,кг,100,180.0
2025-08-03,1,Салат айсберг,0.9,кг,150,135.0
2025-08-03,1,Картофель,3.4,кг,40,136.0
2025-08-03,1,Сыр твердый,1.1,кг,450,495.0
2025-08-03,1,Сыр пармезан,0.5,кг,800,400.0
2025-08-03,1,Макароны,2.1,кг,80,168.0
2025-08-03,1,Рис,1.4,кг,90,126.0
2025-08-03,1,Мука,0.9,кг,50,45.0
2025-08-03,1,Сахар,0.5,кг,60,30.0
2025-08-03,1,Пиво,2.9,л,150,435.0
2025-08-03,2,Куриное филе,2.2,кг,250,550.0
2025-08-03,2,Говядина,1.4,кг,500,700.0
2025-08-03,2,Свинина,0.8,кг,400,320.0
2025-08-03,2,Рыба (филе),0.8,кг,600,480.0
2025-08-03,2,Креветки,0.6,кг,800,480.0
2025-08-03,2,Помидоры,2.1,кг,120,252.0
2025-08-03,2,Огурцы,1.9,кг,100,190.0
2025-08-03,2,Картофель,3.7,кг,40,148.0
2025-08-03,2,Сыр твердый,1.2,кг,450,540.0
2025-08-03,2,Макароны,1.9,кг,80,152.0
2025-08-03,2,Мука,1.0,кг,50,50.0
2025-08-03,2,Кофе в зернах,0.3,кг,800,240.0
2025-08-03,2,Соки,1.7,л,120,204.0
2025-08-03,2,Пиво,2.6,л,150,390.0
2025-08-03,3,Свинина,1.1,кг,400,440.0
2025-08-03,3,Креветки,0.5,кг,800,400.0
2025-08-03,3,Помидоры,2.0,кг,120,240.0
2025-08-03,3,Огурцы,1.2,кг,100,120.0
2025-08-03,3,Картофель,4.9,кг,40,196.0
2025-08-03,3,Сыр твердый,0.9,кг,450,405.0
2025-08-03,3,Сливки,1.2,л,200,240.0
2025-08-03,3,Молоко,2.6,л,70,182.0
2025-08-03,3,Макароны,1.7,кг,80,136.0
2025-08-03,3,Рис,1.5,кг,90,135.0
2025-08-03,3,Мука,1.0,кг,50,50.0
2025-08-03,3,Кофе в зернах,0.3,кг,800,240.0
2025-08-03,3,Пиво,2.3,л,150,345.0
2025-08-03,9,Куриное филе,2.0,кг,250,500.0
2025-08-03,9,Говядина,1.5,кг,500,750.0
2025-08-03,9,Рыба (филе),0.8,кг,600,480.0
2025-08-03,9,Помидоры,1.7,кг,120,204.0
2025-08-03,9,Огурцы,1.8,кг,100,180.0
2025-08-03,9,Салат айсберг,1.1,кг,150,165.0
2025-08-03,9,Картофель,3.6,кг,40,144.0
2025-08-03,9,Сыр твердый,1.1,кг,450,495.0
2025-08-03,9,Сливки,1.7,л,200,340.0
2025-08-03,9,Молоко,2.6,л,70,182.0
2025-08-03,9,Макароны,2.4,кг,80,192.0
2025-08-03,9,Сахар,0.5,кг,60,30.0
2025-08-03,9,Кофе в зернах,0.3,кг,800,240.0
2025-08-03,10,Куриное филе,2.6,кг,250,650.0
2025-08-03,10,Говядина,1.4,кг,500,700.0
2025-08-03,10,Свинина,1.0,кг,400,400.0
2025-08-03,10,Рыба (филе),1.2,кг,600,720.0
2025-08-03,10,Креветки,0.5,кг,800,400.0
2025-08-03,10,Помидоры,2.1,кг,120,252.0
2025-08-03,10,Салат айсберг,1.2,кг,150,180.0
2025-08-03,10,Сыр твердый,0.9,кг,450,405.0
2025-08-03,10,Сыр пармезан,0.5,кг,800,400.0
2025-08-03,10,Молоко,2.3,л,70,161.0
2025-08-03,10,Макароны,2.1,кг,80,168.0
2025-08-03,10,Рис,1.6,кг,90,144.0
2025-08-03,10,Мука,1.0,кг,50,50.0
2025-08-03,10,Сахар,0.4,кг,60,24.0
2025-08-03,10,Кофе в зернах,0.2,кг,800,160.0
2025-08-03,10,Соки,2.3,л,120,276.0
2025-08-03,10,Пиво,2.5,л,150,375.0
2025-08-04,7,Куриное филе,2.7,кг,250,675.0
2025-08-04,7,Говядина,1.7,кг,500,850.0
2025-08-04,7,Креветки,0.5,кг,800,400.0
2025-08-04,7,Салат айсберг,1.0,кг,150,150.0
2025-08-04,7,Картофель,4.0,кг,40,160.0
2025-08-04,7,Сыр твердый,1.1,кг,450,495.0
2025-08-04,7,Сыр пармезан,0.5,кг,800,400.0
2025-08-04,7,Сливки,1.6,л,200,320.0
2025-08-04,7,Молоко,3.0,л,70,210.0
2025-08-04,7,Макароны,2.0,кг,80,160.0
2025-08-04,7,Рис,1.5,кг,90,135.0
2025-08-04,7,Кофе в зернах,0.3,кг,800,240.0
2025-08-04,10,Говядина,1.2,кг,500,600.0
2025-08-04,10,Свинина,1.1,кг,400,440.0
2025-08-04,10,Помидоры,1.8,кг,120,216.0
2025-08-04,10,Сыр твердый,0.9,кг,450,405.0
2025-08-04,10,Сыр пармезан,0.5,кг,800,400.0
2025-08-04,10,Молоко,2.1,л,70,147.0
2025-08-04,10,Мука,1.1,кг,50,55.0
2025-08-04,10,Сахар,0.5,кг,60,30.0
2025-08-04,10,Чай листовой,0.2,кг,500,100.0
2025-08-05,5,Куриное филе,2.3,кг,250,575.0
2025-08-05,5,Говядина,1.5,кг,500,750.0
2025-08-05,5,Рыба (филе),1.0,кг,600,600.0
2025-08-05,5,Помидоры,1.9,кг,120,228.0
2025-08-05,5,Салат айсберг,1.0,кг,150,150.0
2025-08-05,5,Картофель,4.6,кг,40,184.0
2025-08-05,5,Сыр пармезан,0.6,кг,800,480.0
2025-08-05,5,Молоко,2.8,л,70,196.0
2025-08-05,5,Рис,1.3,кг,90,117.0
2025-08-05,5,Сахар,0.5,кг,60,30.0
2025-08-05,5,Кофе в зернах,0.2,кг,800,160.0
2025-08-05,5,Соки,1.9,л,120,228.0
2025-08-05,5,Пиво,2.8,л,150,420.0
2025-08-05,10,Свинина,1.1,кг,400,440.0
2025-08-05,10,Рыба (филе),0.8,кг,600,480.0
2025-08-05,10,Креветки,0.6,кг,800,480.0
2025-08-05,10,Помидоры,2.1,кг,120,252.0
2025-08-05,10,Огурцы,1.3,кг,100,130.0
2025-08-05,10,Салат айсберг,1.0,кг,150,150.0
2025-08-05,10,Сыр твердый,0.9,кг,450,405.0
2025-08-05,10,Сыр пармезан,0.4,кг,800,320.0
2025-08-05,10,Сливки,1.4,л,200,280.0
2025-08-05,10,Макароны,2.1,кг,80,168.0
2025-08-05,10,Рис,1.2,кг,90,108.0
2025-08-05,10,Мука,1.1,кг,50,55.0
2025-08-05,10,Кофе в зернах,0.3,кг,800,240.0
2025-08-05,10,Соки,1.8,л,120,216.0
2025-08-06,1,Говядина,1.7,кг,500,850.0
2025-08-06,1,Свинина,1.0,кг,400,400.0
2025-08-06,1,Рыба (филе),1.2,кг,600,720.0
2025-08-06,1,Креветки,0.6,кг,800,480.0
2025-08-06,1,Помидоры,2.2,кг,120,264.0
2025-08-06,1,Огурцы,1.6,кг,100,160.0
2025-08-06,1,Салат айсберг,1.1,кг,150,165.0
2025-08-06,1,Сыр твердый,0.9,кг,450,405.0
2025-08-06,1,Молоко,2.7,л,70,189.0
2025-08-06,1,Макароны,2.0,кг,80,160.0
2025-08-06,1,Рис,1.7,кг,90,153.0
2025-08-06,1,Мука,1.0,кг,50,50.0
2025-08-06,1,Сахар,0.5,кг,60,30.0
2025-08-06,1,Кофе в зернах,0.2,кг,800,160.0
2025-08-06,1,Чай листовой,0.1,кг,500,50.0
2025-08-06,1,Соки,2.0,л,120,240.0
2025-08-06,1,Пиво,2.4,л,150,360.0
2025-08-06,3,Говядина,1.7,кг,500,850.0
2025-08-06,3,Рыба (филе),0.9,кг,600,540.0
2025-08-06,3,Креветки,0.6,кг,800,480.0
2025-08-06,3,Помидоры,1.8,кг,120,216.0
2025-08-06,3,Огурцы,1.3,кг,100,130.0
2025-08-06,3,Картофель,4.3,кг,40,172.0
2025-08-06,3,Сыр твердый,1.0,кг,450,450.0
2025-08-06,3,Сыр пармезан,0.6,кг,800,480.0
2025-08-06,3,Сливки,1.8,л,200,360.0
2025-08-06,3,Макароны,1.7,кг,80,136.0
2025-08-06,3,Рис,1.6,кг,90,144.0
2025-08-06,3,Мука,1.0,кг,50,50.0
2025-08-06,3,Сахар,0.6,кг,60,36.0
2025-08-06,3,Кофе в зернах,0.3,кг,800,240.0
2025-08-06,3,Чай листовой,0.1,кг,500,50.0
2025-08-06,3,Пиво,2.6,л,150,390.0
2025-08-06,4,Говядина,1.6,кг,500,800.0
2025-08-06,4,Рыба (филе),0.8,кг,600,480.0
2025-08-06,4,Креветки,0.6,кг,800,480.0
2025-08-06,4,Помидоры,1.8,кг,120,216.0
2025-08-06,4,Огурцы,1.5,кг,100,150.0
2025-08-06,4,Салат айсберг,0.9,кг,150,135.0
2025-08-06,4,Картофель,4.5,кг,40,180.0
2025-08-06,4,Сыр пармезан,0.5,кг,800,400.0
2025-08-06,4,Сливки,1.5,л,200,300.0
2025-08-06,4,Макароны,1.8,кг,80,144.0
2025-08-06,4,Рис,1.6,кг,90,144.0
2025-08-06,4,Мука,1.2,кг,50,60.0
2025-08-06,4,Сахар,0.6,кг,60,36.0
2025-08-06,4,Кофе в зернах,0.3,кг,800,240.0
2025-08-06,4,Чай листовой,0.1,кг,500,50.0
2025-08-06,4,Соки,2.1,л,120,252.0
2025-08-06,10,Куриное филе,2.8,кг,250,700.0
2025-08-06,10,Говядина,1.6,кг,500,800.0
2025-08-06,10,Рыба (филе),0.9,кг,600,540.0
2025-08-06,10,Креветки,0.4,кг,800,320.0
2025-08-06,10,Помидоры,2.1,кг,120,252.0
2025-08-06,10,Огурцы,1.4,кг,100,140.0
2025-08-06,10,Салат айсберг,0.9,кг,150,135.0
2025-08-06,10,Картофель,3.4,кг,40,136.0
2025-08-06,10,Сыр твердый,0.9,кг,450,405.0
2025-08-06,10,Сливки,1.5,л,200,300.0
2025-08-06,10,Макароны,2.4,кг,80,192.0
2025-08-06,10,Рис,1.7,кг,90,153.0
2025-08-06,10,Сахар,0.5,кг,60,30.0
2025-08-06,10,Кофе в зернах,0.2,кг,800,160.0
2025-08-06,10,Пиво,3.0,л,150,450.0
2025-08-07,2,Куриное филе,2.4,кг,250,600.0
2025-08-07,2,Говядина,1.6,кг,500,800.0
2025-08-07,2,Рыба (филе),1.0,кг,600,600.0
2025-08-07,2,Огурцы,1.4,кг,100,140.0
2025-08-07,2,Салат айсберг,1.1,кг,150,165.0
2025-08-07,2,Сыр твердый,1.0,кг,450,450.0
2025-08-07,2,Макароны,2.0,кг,80,160.0
2025-08-07,2,Рис,1.8,кг,90,162.0
2025-08-07,2,Мука,0.9,кг,50,45.0
2025-08-07,2,Сахар,0.4,кг,60,24.0
2025-08-07,2,Кофе в зернах,0.3,кг,800,240.0
2025-08-07,2,Чай листовой,0.1,кг,500,50.0
2025-08-07,2,Пиво,2.1,л,150,315.0
2025-08-07,4,Куриное филе,2.4,кг,250,600.0
2025-08-07,4,Креветки,0.6,кг,800,480.0
2025-08-07,4,Салат айсберг,1.1,кг,150,165.0
2025-08-07,4,Сыр пармезан,0.5,кг,800,400.0
2025-08-07,4,Сливки,1.4,л,200,280.0
2025-08-07,4,Рис,1.3,кг,90,117.0
2025-08-07,4,Мука,1.0,кг,50,50.0
2025-08-07,4,Сахар,0.5,кг,60,30.0
2025-08-07,4,Соки,2.2,л,120,264.0
2025-08-07,4,Пиво,2.8,л,150,420.0
2025-08-07,6,Говядина,1.3,кг,500,650.0
2025-08-07,6,Свинина,0.9,кг,400,360.0
2025-08-07,6,Рыба (филе),1.1,кг,600,660.0
2025-08-07,6,Помидоры,2.1,кг,120,252.0
2025-08-07,6,Салат айсберг,1.1,кг,150,165.0
2025-08-07,6,Картофель,4.0,кг,40,160.0
2025-08-07,6,Сыр твердый,0.9,кг,450,405.0
2025-08-07,6,Сыр пармезан,0.5,кг,800,400.0
2025-08-07,6,Сливки,1.6,л,200,320.0
2025-08-07,6,Рис,1.4,кг,90,126.0
2025-08-07,6,Сахар,0.5,кг,60,30.0
2025-08-07,6,Чай листовой,0.2,кг,500,100.0
2025-08-07,6,Соки,1.8,л,120,216.0
2025-08-07,6,Пиво,2.5,л,150,375.0
2025-08-07,7,Куриное филе,3.1,кг,250,775.0
2025-08-07,7,Говядина,1.6,кг,500,800.0
2025-08-07,7,Свинина,0.9,кг,400,360.0
2025-08-07,7,Креветки,0.5,кг,800,400.0
2025-08-07,7,Помидоры,1.7,кг,120,204.0
2025-08-07,7,Огурцы,1.5,кг,100,150.0
2025-08-07,7,Салат айсберг,1.1,кг,150,165.0
2025-08-07,7,Картофель,4.5,кг,40,180.0
2025-08-07,7,Сливки,1.4,л,200,280.0
2025-08-07,7,Макароны,2.0,кг,80,160.0
2025-08-07,7,Мука,1.0,кг,50,50.0
2025-08-07,7,Сахар,0.5,кг,60,30.0
2025-08-07,7,Кофе в зернах,0.3,кг,800,240.0
2025-08-07,8,Свинина,1.0,кг,400,400.0
2025-08-07,8,Рыба (филе),0.9,кг,600,540.0
2025-08-07,8,Креветки,0.6,кг,800,480.0
2025-08-07,8,Помидоры,2.5,кг,120,300.0
2025-08-07,8,Огурцы,1.5,кг,100,150.0
2025-08-07,8,Сыр твердый,1.0,кг,450,450.0
2025-08-07,8,Сливки,1.3,л,200,260.0
2025-08-07,8,Макароны,1.9,кг,80,152.0
2025-08-07,8,Рис,1.5,кг,90,135.0
2025-08-07,8,Мука,1.0,кг,50,50.0
2025-08-07,8,Чай листовой,0.2,кг,500,100.0
2025-08-07,8,Пиво,2.3,л,150,345.0
2025-08-08,1,Креветки,0.5,кг,800,400.0
2025-08-08,1,Помидоры,1.8,кг,120,216.0
2025-08-08,1,Огурцы,1.3,кг,100,130.0
2025-08-08,1,Салат айсберг,1.1,кг,150,165.0
2025-08-08,1,Сыр твердый,0.9,кг,450,405.0
2025-08-08,1,Сыр пармезан,0.6,кг,800,480.0
2025-08-08,1,Сливки,1.5,л,200,300.0
2025-08-08,1,Рис,1.8,кг,90,162.0
2025-08-08,1,Мука,0.9,кг,50,45.0
2025-08-08,1,Сахар,0.5,кг,60,30.0
2025-08-08,1,Кофе в зернах,0.3,кг,800,240.0
2025-08-08,1,Пиво,2.4,л,150,360.0
2025-08-08,2,Куриное филе,2.3,кг,250,575.0
2025-08-08,2,Говядина,1.5,кг,500,750.0
2025-08-08,2,Свинина,1.2,кг,400,480.0
2025-08-08,2,Рыба (филе),1.1,кг,600,660.0
2025-08-08,2,Креветки,0.5,кг,800,400.0
2025-08-08,2,Помидоры,1.9,кг,120,228.0
2025-08-08,2,Картофель,3.6,кг,40,144.0
2025-08-08,2,Сыр пармезан,0.4,кг,800,320.0
2025-08-08,2,Молоко,2.7,л,70,189.0
2025-08-08,2,Макароны,2.2,кг,80,176.0
2025-08-08,2,Рис,1.6,кг,90,144.0
2025-08-08,2,Мука,1.1,кг,50,55.0
2025-08-08,2,Сахар,0.6,кг,60,36.0
2025-08-08,2,Кофе в зернах,0.2,кг,800,160.0
2025-08-08,2,Чай листовой,0.1,кг,500,50.0
2025-08-08,2,Соки,1.9,л,120,228.0
2025-08-08,2,Пиво,2.5,л,150,375.0
2025-08-08,4,Куриное филе,2.4,кг,250,600.0
2025-08-08,4,Говядина,1.5,кг,500,750.0
2025-08-08,4,Свинина,0.9,кг,400,360.0
2025-08-08,4,Рыба (филе),1.3,кг,600,780.0
2025-08-08,4,Креветки,0.4,кг,800,320.0
2025-08-08,4,Помидоры,2.1,кг,120,252.0
2025-08-08,4,Огурцы,1.5,кг,100,150.0
2025-08-08,4,Салат айсберг,1.0,кг,150,150.0
2025-08-08,4,Сыр твердый,0.9,кг,450,405.0
2025-08-08,4,Сливки,1.5,л,200,300.0
2025-08-08,4,Макароны,2.1,кг,80,168.0
2025-08-08,4,Рис,1.6,кг,90,144.0
2025-08-08,4,Мука,1.0,кг,50,50.0
2025-08-08,4,Кофе в зернах,0.3,кг,800,240.0
2025-08-08,4,Соки,2.0,л,120,240.0
2025-08-08,5,Куриное филе,2.1,кг,250,525.0
2025-08-08,5,Свинина,1.0,кг,400,400.0
2025-08-08,5,Рыба (филе),1.0,кг,600,600.0
2025-08-08,5,Креветки,0.5,кг,800,400.0
2025-08-08,5,Помидоры,2.2,кг,120,264.0
2025-08-08,5,Картофель,4.3,кг,40,172.0
2025-08-08,5,Сыр твердый,0.9,кг,450,405.0
2025-08-08,5,Сыр пармезан,0.4,кг,800,320.0
2025-08-08,5,Сливки,1.5,л,200,300.0
2025-08-08,5,Молоко,2.7,л,70,189.0
2025-08-08,5,Макароны,2.0,кг,80,160.0
2025-08-08,5,Рис,1.4,кг,90,126.0
2025-08-08,5,Мука,1.0,кг,50,50.0
2025-08-08,5,Сахар,0.6,кг,60,36.0
2025-08-08,5,Кофе в зернах,0.3,кг,800,240.0
2025-08-08,5,Соки,2.0,л,120,240.0
2025-08-08,5,Пиво,2.1,л,150,315.0
2025-08-08,7,Говядина,1.6,кг,500,800.0
2025-08-08,7,Свинина,0.9,кг,400,360.0
2025-08-08,7,Помидоры,1.9,кг,120,228.0
2025-08-08,7,Картофель,4.1,кг,40,164.0
2025-08-08,7,Сыр твердый,1.1,кг,450,495.0
2025-08-08,7,Сыр пармезан,0.6,кг,800,480.0
2025-08-08,7,Молоко,2.1,л,70,147.0
2025-08-08,7,Макароны,1.8,кг,80,144.0
2025-08-08,7,Рис,1.5,кг,90,135.0
2025-08-08,7,Мука,1.0,кг,50,50.0
2025-08-08,7,Кофе в зернах,0.3,кг,800,240.0
2025-08-08,7,Чай листовой,0.2,кг,500,100.0
2025-08-08,7,Соки,1.9,л,120,228.0
2025-08-08,9,Куриное филе,2.4,кг,250,600.0
2025-08-08,9,Говядина,1.6,кг,500,800.0
2025-08-08,9,Свинина,0.9,кг,400,360.0
2025-08-08,9,Рыба (филе),1.2,кг,600,720.0
2025-08-08,9,Креветки,0.5,кг,800,400.0
2025-08-08,9,Огурцы,1.6,кг,100,160.0
2025-08-08,9,Салат айсберг,1.0,кг,150,150.0
2025-08-08,9,Картофель,3.2,кг,40,128.0
2025-08-08,9,Сыр твердый,1.2,кг,450,540.0
2025-08-08,9,Сыр пармезан,0.5,кг,800,400.0
2025-08-08,9,Сливки,1.5,л,200,300.0
2025-08-08,9,Молоко,2.2,л,70,154.0
2025-08-08,9,Макароны,2.1,кг,80,168.0
2025-08-08,9,Рис,1.6,кг,90,144.0
2025-08-08,9,Мука,1.1,кг,50,55.0
2025-08-08,9,Сахар,0.6,кг,60,36.0
2025-08-08,9,Чай листовой,0.2,кг,500,100.0
2025-08-08,9,Соки,2.1,л,120,252.0
2025-08-08,9,Пиво,2.5,л,150,375.0
2025-08-09,2,Куриное филе,2.6,кг,250,650.0
2025-08-09,2,Говядина,1.5,кг,500,750.0
2025-08-09,2,Рыба (филе),0.9,кг,600,540.0
2025-08-09,2,Креветки,0.6,кг,800,480.0
2025-08-09,2,Помидоры,2.4,кг,120,288.0
2025-08-09,2,Салат айсберг,1.2,кг,150,180.0
2025-08-09,2,Картофель,3.9,кг,40,156.0
2025-08-09,2,Сливки,1.7,л,200,340.0
2025-08-09,2,Молоко,2.0,л,70,140.0
2025-08-09,2,Макароны,1.9,кг,80,152.0
2025-08-09,2,Рис,1.7,кг,90,153.0
2025-08-09,2,Мука,0.9,кг,50,45.0
2025-08-09,2,Сахар,0.6,кг,60,36.0
2025-08-09,2,Пиво,2.4,л,150,360.0
2025-08-09,4,Куриное филе,2.3,кг,250,575.0
2025-08-09,4,Говядина,1.4,кг,500,700.0
2025-08-09,4,Свинина,1.0,кг,400,400.0
2025-08-09,4,Рыба (филе),1.0,кг,600,600.0
2025-08-09,4,Помидоры,2.0,кг,120,240.0
2025-08-09,4,Огурцы,1.2,кг,100,120.0
2025-08-09,4,Салат айсберг,0.9,кг,150,135.0
2025-08-09,4,Картофель,4.0,кг,40,160.0
2025-08-09,4,Сыр твердый,1.2,кг,450,540.0
2025-08-09,4,Сыр пармезан,0.5,кг,800,400.0
2025-08-09,4,Сливки,1.5,л,200,300.0
2025-08-09,4,Рис,1.6,кг,90,144.0
2025-08-09,4,Мука,1.0,кг,50,50.0
2025-08-09,4,Сахар,0.5,кг,60,30.0
2025-08-09,4,Кофе в зернах,0.3,кг,800,240.0
2025-08-09,4,Чай листовой,0.2,кг,500,100.0
2025-08-09,4,Соки,2.1,л,120,252.0
2025-08-09,4,Пиво,2.5,л,150,375.0
2025-08-10,2,Куриное филе,2.5,кг,250,625.0
2025-08-10,2,Говядина,1.8,кг,500,900.0
2025-08-10,2,Свинина,1.2,кг,400,480.0
2025-08-10,2,Рыба (филе),1.1,кг,600,660.0
2025-08-10,2,Помидоры,2.1,кг,120,252.0
2025-08-10,2,Салат айсберг,1.0,кг,150,150.0
2025-08-10,2,Картофель,4.0,кг,40,160.0
2025-08-10,2,Сыр твердый,0.8,кг,450,360.0
2025-08-10,2,Сыр пармезан,0.5,кг,800,400.0
2025-08-10,2,Сливки,1.5,л,200,300.0
2025-08-10,2,Сахар,0.6,кг,60,36.0
2025-08-10,2,Соки,2.2,л,120,264.0
2025-08-10,2,Пиво,2.1,л,150,315.0
2025-08-10,3,Свинина,1.2,кг,400,480.0
2025-08-10,3,Креветки,0.4,кг,800,320.0
2025-08-10,3,Огурцы,1.7,кг,100,170.0
2025-08-10,3,Картофель,3.7,кг,40,148.0
2025-08-10,3,Сыр пармезан,0.6,кг,800,480.0
2025-08-10,3,Сливки,1.9,л,200,380.0
2025-08-10,3,Макароны,1.8,кг,80,144.0
2025-08-10,3,Рис,1.3,кг,90,117.0
2025-08-10,3,Кофе в зернах,0.3,кг,800,240.0
2025-08-10,3,Пиво,2.4,л,150,360.0
2025-08-10,7,Куриное филе,3.0,кг,250,750.0
2025-08-10,7,Говядина,1.4,кг,500,700.0
2025-08-10,7,Свинина,0.8,кг,400,320.0
2025-08-10,7,Рыба (филе),1.0,кг,600,600.0
2025-08-10,7,Креветки,0.5,кг,800,400.0
2025-08-10,7,Помидоры,2.1,кг,120,252.0
2025-08-10,7,Салат айсберг,1.0,кг,150,150.0
2025-08-10,7,Картофель,3.2,кг,40,128.0
2025-08-10,7,Сыр твердый,1.2,кг,450,540.0
2025-08-10,7,Сливки,1.8,л,200,360.0
2025-08-10,7,Молоко,2.2,л,70,154.0
2025-08-10,7,Макароны,1.8,кг,80,144.0
2025-08-10,7,Рис,1.5,кг,90,135.0
2025-08-10,7,Чай листовой,0.2,кг,500,100.0
2025-08-10,7,Соки,2.4,л,120,288.0
2025-08-10,7,Пиво,2.2,л,150,330.0
2025-08-10,8,Куриное филе,2.8,кг,250,700.0
2025-08-10,8,Говядина,1.5,кг,500,750.0
2025-08-10,8,Свинина,1.1,кг,400,440.0
2025-08-10,8,Салат айсберг,0.9,кг,150,135.0
2025-08-10,8,Картофель,3.3,кг,40,132.0
2025-08-10,8,Сыр твердый,1.0,кг,450,450.0
2025-08-10,8,Сыр пармезан,0.6,кг,800,480.0
2025-08-10,8,Сливки,1.5,л,200,300.0
2025-08-10,8,Макароны,2.3,кг,80,184.0
2025-08-10,8,Мука,1.1,кг,50,55.0
2025-08-10,8,Кофе в зернах,0.2,кг,800,160.0
2025-08-10,8,Пиво,2.7,л,150,405.0
2025-08-10,10,Куриное филе,2.3,кг,250,575.0
2025-08-10,10,Говядина,1.4,кг,500,700.0
2025-08-10,10,Свинина,1.0,кг,400,400.0
2025-08-10,10,Рыба (филе),1.1,кг,600,660.0
2025-08-10,10,Помидоры,2.5,кг,120,300.0
2025-08-10,10,Огурцы,1.2,кг,100,120.0
2025-08-10,10,Салат айсберг,1.0,кг,150,150.0
2025-08-10,10,Сыр пармезан,0.6,кг,800,480.0
2025-08-10,10,Сливки,1.8,л,200,360.0
2025-08-10,10,Молоко,2.5,л,70,175.0
2025-08-10,10,Макароны,1.8,кг,80,144.0
2025-08-10,10,Рис,1.5,кг,90,135.0
2025-08-10,10,Мука,1.1,кг,50,55.0
2025-08-10,10,Сахар,0.5,кг,60,30.0
2025-08-10,10,Кофе в зернах,0.2,кг,800,160.0
2025-08-10,10,Чай листовой,0.1,кг,500,50.0
2025-08-10,10,Соки,2.1,л,120,252.0
2025-08-10,10,Пиво,2.7,л,150,405.0
2025-08-11,2,Говядина,1.3,кг,500,650.0
2025-08-11,2,Свинина,0.9,кг,400,360.0
2025-08-11,2,Рыба (филе),0.9,кг,600,540.0
2025-08-11,2,Креветки,0.5,кг,800,400.0
2025-08-11,2,Помидоры,1.6,кг,120,192.0
2025-08-11,2,Огурцы,1.8,кг,100,180.0
2025-08-11,2,Салат айсберг,0.9,кг,150,135.0
2025-08-11,2,Картофель,4.0,кг,40,160.0
2025-08-11,2,Молоко,2.4,л,70,168.0
2025-08-11,2,Рис,1.4,кг,90,126.0
2025-08-11,2,Мука,1.0,кг,50,50.0
2025-08-11,2,Сахар,0.5,кг,60,30.0
2025-08-11,2,Кофе в зернах,0.2,кг,800,160.0
2025-08-11,2,Чай листовой,0.1,кг,500,50.0
2025-08-11,2,Соки,2.0,л,120,240.0
2025-08-11,2,Пиво,2.3,л,150,345.0
2025-08-11,3,Куриное филе,2.9,кг,250,725.0
2025-08-11,3,Говядина,1.3,кг,500,650.0
2025-08-11,3,Свинина,1.0,кг,400,400.0
2025-08-11,3,Рыба (филе),1.1,кг,600,660.0
2025-08-11,3,Креветки,0.5,кг,800,400.0
2025-08-11,3,Помидоры,2.1,кг,120,252.0
2025-08-11,3,Огурцы,1.7,кг,100,170.0
2025-08-11,3,Картофель,3.4,кг,40,136.0
2025-08-11,3,Сыр пармезан,0.5,кг,800,400.0
2025-08-11,3,Сливки,1.4,л,200,280.0
2025-08-11,3,Молоко,2.5,л,70,175.0
2025-08-11,3,Макароны,1.9,кг,80,152.0
2025-08-11,3,Рис,1.5,кг,90,135.0
2025-08-11,3,Сахар,0.5,кг,60,30.0
2025-08-11,3,Чай листовой,0.1,кг,500,50.0
2025-08-11,3,Соки,1.8,л,120,216.0
2025-08-11,5,Говядина,1.6,кг,500,800.0
2025-08-11,5,Свинина,1.2,кг,400,480.0
2025-08-11,5,Креветки,0.5,кг,800,400.0
2025-08-11,5,Помидоры,2.3,кг,120,276.0
2025-08-11,5,Огурцы,1.5,кг,100,150.0
2025-08-11,5,Салат айсберг,1.3,кг,150,195.0
2025-08-11,5,Картофель,3.9,кг,40,156.0
2025-08-11,5,Сыр твердый,1.0,кг,450,450.0
2025-08-11,5,Сыр пармезан,0.6,кг,800,480.0
2025-08-11,5,Сливки,1.6,л,200,320.0
2025-08-11,5,Молоко,2.2,л,70,154.0
2025-08-11,5,Макароны,1.9,кг,80,152.0
2025-08-11,5,Рис,1.3,кг,90,117.0
2025-08-11,5,Мука,0.9,кг,50,45.0
2025-08-11,5,Сахар,0.5,кг,60,30.0
2025-08-11,5,Чай листовой,0.2,кг,500,100.0
2025-08-11,5,Соки,1.9,л,120,228.0
2025-08-11,5,Пиво,2.5,л,150,375.0
2025-08-11,7,Куриное филе,2.5,кг,250,625.0
2025-08-11,7,Говядина,1.7,кг,500,850.0
2025-08-11,7,Свинина,0.8,кг,400,320.0
2025-08-11,7,Рыба (филе),0.9,кг,600,540.0
2025-08-11,7,Помидоры,1.6,кг,120,192.0
2025-08-11,7,Огурцы,1.4,кг,100,140.0
2025-08-11,7,Салат айсберг,0.9,кг,150,135.0
2025-08-11,7,Картофель,3.7,кг,40,148.0
2025-08-11,7,Сыр твердый,0.9,кг,450,405.0
2025-08-11,7,Сыр пармезан,0.5,кг,800,400.0
2025-08-11,7,Мука,1.1,кг,50,55.0
2025-08-11,7,Сахар,0.6,кг,60,36.0
2025-08-11,7,Кофе в зернах,0.2,кг,800,160.0
2025-08-11,7,Чай листовой,0.1,кг,500,50.0
2025-08-11,7,Соки,2.2,л,120,264.0
2025-08-11,7,Пиво,2.4,л,150,360.0
2025-08-12,1,Куриное филе,2.1,кг,250,525.0
2025-08-12,1,Свинина,1.0,кг,400,400.0
2025-08-12,1,Креветки,0.5,кг,800,400.0
2025-08-12,1,Помидоры,1.9,кг,120,228.0
2025-08-12,1,Салат айсберг,1.1,кг,150,165.0
2025-08-12,1,Картофель,3.7,кг,40,148.0
2025-08-12,1,Сыр твердый,0.9,кг,450,405.0
2025-08-12,1,Сливки,1.7,л,200,340.0
2025-08-12,1,Молоко,2.5,л,70,175.0
2025-08-12,1,Макароны,2.1,кг,80,168.0
2025-08-12,1,Рис,1.5,кг,90,135.0
2025-08-12,1,Мука,0.9,кг,50,45.0
2025-08-12,1,Кофе в зернах,0.3,кг,800,240.0
2025-08-12,1,Соки,2.4,л,120,288.0
2025-08-12,1,Пиво,2.5,л,150,375.0
2025-08-12,2,Куриное филе,3.0,кг,250,750.0
2025-08-12,2,Говядина,1.5,кг,500,750.0
2025-08-12,2,Свинина,1.0,кг,400,400.0
2025-08-12,2,Рыба (филе),1.0,кг,600,600.0
2025-08-12,2,Креветки,0.5,кг,800,400.0
2025-08-12,2,Помидоры,1.9,кг,120,228.0
2025-08-12,2,Огурцы,1.4,кг,100,140.0
2025-08-12,2,Картофель,4.3,кг,40,172.0
2025-08-12,2,Сыр твердый,0.8,кг,450,360.0
2025-08-12,2,Сыр пармезан,0.5,кг,800,400.0
2025-08-12,2,Сливки,1.8,л,200,360.0
2025-08-12,2,Макароны,2.3,кг,80,184.0
2025-08-12,2,Мука,1.2,кг,50,60.0
2025-08-12,2,Чай листовой,0.2,кг,500,100.0
2025-08-12,2,Соки,2.0,л,120,240.0
2025-08-12,8,Куриное филе,2.9,кг,250,725.0
2025-08-12,8,Свинина,1.0,кг,400,400.0
2025-08-12,8,Рыба (филе),1.0,кг,600,600.0
2025-08-12,8,Креветки,0.5,кг,800,400.0
2025-08-12,8,Огурцы,1.3,кг,100,130.0
2025-08-12,8,Салат айсберг,0.9,кг,150,135.0
2025-08-12,8,Картофель,4.0,кг,40,160.0
2025-08-12,8,Сыр твердый,0.9,кг,450,405.0
2025-08-12,8,Сыр пармезан,0.5,кг,800,400.0
2025-08-12,8,Молоко,2.7,л,70,189.0
2025-08-12,8,Макароны,2.0,кг,80,160.0
2025-08-12,8,Мука,1.0,кг,50,50.0
2025-08-12,8,Сахар,0.4,кг,60,24.0
2025-08-12,8,Кофе в зернах,0.2,кг,800,160.0
2025-08-12,8,Пиво,2.6,л,150,390.0
2025-08-13,2,Куриное филе,2.2,кг,250,550.0
2025-08-13,2,Помидоры,2.2,кг,120,264.0
2025-08-13,2,Огурцы,1.6,кг,100,160.0
2025-08-13,2,Салат айсберг,1.0,кг,150,150.0
2025-08-13,2,Картофель,3.3,кг,40,132.0
2025-08-13,2,Сыр твердый,1.0,кг,450,450.0
2025-08-13,2,Сыр пармезан,0.6,кг,800,480.0
2025-08-13,2,Сливки,1.3,л,200,260.0
2025-08-13,2,Мука,1.0,кг,50,50.0
2025-08-13,2,Сахар,0.6,кг,60,36.0
2025-08-13,2,Кофе в зернах,0.3,кг,800,240.0
2025-08-13,2,Чай листовой,0.2,кг,500,100.0
2025-08-13,2,Пиво,2.6,л,150,390.0
2025-08-13,8,Говядина,1.6,кг,500,800.0
2025-08-13,8,Свинина,1.1,кг,400,440.0
2025-08-13,8,Рыба (филе),1.1,кг,600,660.0
2025-08-13,8,Помидоры,1.6,кг,120,192.0
2025-08-13,8,Картофель,3.7,кг,40,148.0
2025-08-13,8,Сыр твердый,1.0,кг,450,450.0
2025-08-13,8,Сыр пармезан,0.6,кг,800,480.0
2025-08-13,8,Молоко,2.7,л,70,189.0
2025-08-13,8,Рис,1.8,кг,90,162.0
2025-08-13,8,Сахар,0.5,кг,60,30.0
2025-08-13,8,Кофе в зернах,0.3,кг,800,240.0
2025-08-13,8,Чай листовой,0.1,кг,500,50.0
2025-08-13,8,Пиво,3.0,л,150,450.0
2025-08-13,10,Свинина,1.1,кг,400,440.0
2025-08-13,10,Креветки,0.6,кг,800,480.0
2025-08-13,10,Помидоры,1.7,кг,120,204.0
2025-08-13,10,Огурцы,1.8,кг,100,180.0
2025-08-13,10,Салат айсберг,0.9,кг,150,135.0
2025-08-13,10,Картофель,3.8,кг,40,152.0
2025-08-13,10,Сыр твердый,1.0,кг,450,450.0
2025-08-13,10,Сыр пармезан,0.4,кг,800,320.0
2025-08-13,10,Сливки,1.4,л,200,280.0
2025-08-13,10,Макароны,2.1,кг,80,168.0
2025-08-13,10,Сахар,0.5,кг,60,30.0
2025-08-13,10,Кофе в зернах,0.2,кг,800,160.0
2025-08-13,10,Соки,2.3,л,120,276.0
2025-08-13,10,Пиво,2.9,л,150,435.0
2025-08-14,3,Говядина,1.6,кг,500,800.0
2025-08-14,3,Свинина,1.0,кг,400,400.0
2025-08-14,3,Рыба (филе),0.9,кг,600,540.0
2025-08-14,3,Креветки,0.5,кг,800,400.0
2025-08-14,3,Помидоры,1.8,кг,120,216.0
2025-08-14,3,Огурцы,1.2,кг,100,120.0
2025-08-14,3,Салат айсберг,1.0,кг,150,150.0
2025-08-14,3,Картофель,3.8,кг,40,152.0
2025-08-14,3,Сыр твердый,1.2,кг,450,540.0
2025-08-14,3,Сливки,1.6,л,200,320.0
2025-08-14,3,Молоко,2.8,л,70,196.0
2025-08-14,3,Макароны,2.1,кг,80,168.0
2025-08-14,3,Сахар,0.5,кг,60,30.0
2025-08-14,3,Чай листовой,0.2,кг,500,100.0
2025-08-14,3,Соки,1.8,л,120,216.0
2025-08-15,8,Куриное филе,2.4,кг,250,600.0
2025-08-15,8,Говядина,1.8,кг,500,900.0
2025-08-15,8,Свинина,1.0,кг,400,400.0
2025-08-15,8,Рыба (филе),1.0,кг,600,600.0
2025-08-15,8,Креветки,0.4,кг,800,320.0
2025-08-15,8,Помидоры,2.3,кг,120,276.0
2025-08-15,8,Салат айсберг,0.9,кг,150,135.0
2025-08-15,8,Картофель,4.0,кг,40,160.0
2025-08-15,8,Сливки,1.7,л,200,340.0
2025-08-15,8,Макароны,1.7,кг,80,136.0
2025-08-15,8,Рис,1.3,кг,90,117.0
2025-08-15,8,Мука,1.2,кг,50,60.0
2025-08-15,8,Сахар,0.6,кг,60,36.0
2025-08-15,8,Кофе в зернах,0.3,кг,800,240.0
2025-08-15,8,Чай листовой,0.2,кг,500,100.0
2025-08-15,8,Соки,2.0,л,120,240.0
2025-08-15,8,Пиво,2.3,л,150,345.0
2025-08-15,9,Рыба (филе),0.9,кг,600,540.0
2025-08-15,9,Креветки,0.5,кг,800,400.0
2025-08-15,9,Огурцы,1.3,кг,100,130.0
2025-08-15,9,Салат айсберг,1.0,кг,150,150.0
2025-08-15,9,Картофель,3.6,кг,40,144.0
2025-08-15,9,Сыр твердый,1.2,кг,450,540.0
2025-08-15,9,Сыр пармезан,0.5,кг,800,400.0
2025-08-15,9,Сливки,1.3,л,200,260.0
2025-08-15,9,Молоко,2.4,л,70,168.0
2025-08-15,9,Макароны,2.1,кг,80,168.0
2025-08-15,9,Рис,1.6,кг,90,144.0
2025-08-15,9,Мука,1.1,кг,50,55.0
2025-08-15,9,Сахар,0.5,кг,60,30.0
2025-08-15,9,Кофе в зернах,0.2,кг,800,160.0
2025-08-15,9,Чай листовой,0.2,кг,500,100.0
2025-08-15,9,Соки,2.1,л,120,252.0
2025-08-15,10,Говядина,1.7,кг,500,850.0
2025-08-15,10,Рыба (филе),1.0,кг,600,600.0
2025-08-15,10,Помидоры,2.5,кг,120,300.0
2025-08-15,10,Огурцы,1.3,кг,100,130.0
2025-08-15,10,Салат айсберг,1.0,кг,150,150.0
2025-08-15,10,Сыр твердый,1.2,кг,450,540.0
2025-08-15,10,Сливки,1.3,л,200,260.0
2025-08-15,10,Молоко,2.8,л,70,196.0
2025-08-15,10,Макароны,1.9,кг,80,152.0
2025-08-15,10,Мука,1.0,кг,50,50.0
2025-08-15,10,Чай листовой,0.2,кг,500,100.0
2025-08-15,10,Соки,2.4,л,120,288.0
2025-08-15,10,Пиво,2.2,л,150,330.0
2025-08-16,3,Куриное филе,2.2,кг,250,550.0
2025-08-16,3,Говядина,1.6,кг,500,800.0
2025-08-16,3,Креветки,0.4,кг,800,320.0
2025-08-16,3,Помидоры,2.0,кг,120,240.0
2025-08-16,3,Огурцы,1.6,кг,100,160.0
2025-08-16,3,Салат айсберг,0.9,кг,150,135.0
2025-08-16,3,Картофель,3.6,кг,40,144.0
2025-08-16,3,Сыр твердый,1.2,кг,450,540.0
2025-08-16,3,Молоко,2.7,л,70,189.0
2025-08-16,3,Рис,1.5,кг,90,135.0
2025-08-16,3,Сахар,0.6,кг,60,36.0
2025-08-16,3,Кофе в зернах,0.2,кг,800,160.0
2025-08-16,3,Соки,2.0,л,120,240.0
2025-08-16,3,Пиво,2.9,л,150,435.0
2025-08-16,4,Куриное филе,2.2,кг,250,550.0
2025-08-16,4,Говядина,1.6,кг,500,800.0
2025-08-16,4,Свинина,1.1,кг,400,440.0
2025-08-16,4,Рыба (филе),1.0,кг,600,600.0
2025-08-16,4,Огурцы,1.6,кг,100,160.0
2025-08-16,4,Салат айсберг,1.1,кг,150,165.0
2025-08-16,4,Картофель,4.3,кг,40,172.0
2025-08-16,4,Сыр твердый,1.1,кг,450,495.0
2025-08-16,4,Сыр пармезан,0.6,кг,800,480.0
2025-08-16,4,Сливки,1.2,л,200,240.0
2025-08-16,4,Молоко,2.3,л,70,161.0
2025-08-16,4,Макароны,1.8,кг,80,144.0
2025-08-16,4,Рис,1.4,кг,90,126.0
2025-08-16,4,Мука,1.1,кг,50,55.0
2025-08-16,4,Сахар,0.5,кг,60,30.0
2025-08-16,4,Кофе в зернах,0.3,кг,800,240.0
2025-08-16,4,Чай листовой,0.2,кг,500,100.0
2025-08-16,4,Соки,1.6,л,120,192.0
2025-08-16,4,Пиво,2.5,л,150,375.0
2025-08-16,9,Говядина,1.5,кг,500,750.0
2025-08-16,9,Свинина,0.9,кг,400,360.0
2025-08-16,9,Рыба (филе),1.2,кг,600,720.0
2025-08-16,9,Помидоры,2.1,кг,120,252.0
2025-08-16,9,Огурцы,1.4,кг,100,140.0
2025-08-16,9,Салат айсберг,0.8,кг,150,120.0
2025-08-16,9,Сливки,1.3,л,200,260.0
2025-08-16,9,Мука,0.9,кг,50,45.0
2025-08-16,9,Кофе в зернах,0.2,кг,800,160.0
2025-08-16,9,Чай листовой,0.1,кг,500,50.0
2025-08-16,9,Соки,2.4,л,120,288.0
2025-08-16,9,Пиво,2.2,л,150,330.0
2025-08-17,4,Куриное филе,2.3,кг,250,575.0
2025-08-17,4,Свинина,1.0,кг,400,400.0
2025-08-17,4,Рыба (филе),0.9,кг,600,540.0
2025-08-17,4,Креветки,0.5,кг,800,400.0
2025-08-17,4,Огурцы,1.6,кг,100,160.0
2025-08-17,4,Салат айсберг,1.0,кг,150,150.0
2025-08-17,4,Картофель,3.3,кг,40,132.0
2025-08-17,4,Сыр твердый,0.9,кг,450,405.0
2025-08-17,4,Сливки,1.7,л,200,340.0
2025-08-17,4,Молоко,2.1,л,70,147.0
2025-08-17,4,Макароны,1.9,кг,80,152.0
2025-08-17,4,Рис,1.3,кг,90,117.0
2025-08-17,4,Мука,1.0,кг,50,50.0
2025-08-17,4,Сахар,0.5,кг,60,30.0
2025-08-17,4,Кофе в зернах,0.3,кг,800,240.0
2025-08-17,4,Чай листовой,0.2,кг,500,100.0
2025-08-17,4,Соки,2.1,л,120,252.0
2025-08-17,7,Куриное филе,2.3,кг,250,575.0
2025-08-17,7,Свинина,1.1,кг,400,440.0
2025-08-17,7,Рыба (филе),0.9,кг,600,540.0
2025-08-17,7,Креветки,0.5,кг,800,400.0
2025-08-17,7,Помидоры,2.3,кг,120,276.0
2025-08-17,7,Огурцы,1.3,кг,100,130.0
2025-08-17,7,Картофель,3.2,кг,40,128.0
2025-08-17,7,Сыр твердый,0.9,кг,450,405.0
2025-08-17,7,Сыр пармезан,0.5,кг,800,400.0
2025-08-17,7,Молоко,2.3,л,70,161.0
2025-08-17,7,Рис,1.4,кг,90,126.0
2025-08-17,7,Сахар,0.6,кг,60,36.0
2025-08-17,7,Кофе в зернах,0.2,кг,800,160.0
2025-08-17,7,Чай листовой,0.2,кг,500,100.0
2025-08-17,7,Соки,1.8,л,120,216.0
2025-08-17,7,Пиво,2.4,л,150,360.0
2025-08-18,3,Свинина,1.2,кг,400,480.0
2025-08-18,3,Креветки,0.6,кг,800,480.0
2025-08-18,3,Помидоры,2.3,кг,120,276.0
2025-08-18,3,Салат айсберг,1.0,кг,150,150.0
2025-08-18,3,Картофель,4.3,кг,40,172.0
2025-08-18,3,Сыр твердый,1.1,кг,450,495.0
2025-08-18,3,Сыр пармезан,0.4,кг,800,320.0
2025-08-18,3,Сливки,1.8,л,200,360.0
2025-08-18,3,Молоко,2.9,л,70,203.0
2025-08-18,3,Макароны,1.7,кг,80,136.0
2025-08-18,3,Рис,1.6,кг,90,144.0
2025-08-18,3,Сахар,0.5,кг,60,30.0
2025-08-18,3,Кофе в зернах,0.3,кг,800,240.0
2025-08-18,3,Чай листовой,0.2,кг,500,100.0
2025-08-18,6,Говядина,1.8,кг,500,900.0
2025-08-18,6,Свинина,1.1,кг,400,440.0
2025-08-18,6,Рыба (филе),0.9,кг,600,540.0
2025-08-18,6,Огурцы,1.4,кг,100,140.0
2025-08-18,6,Картофель,3.7,кг,40,148.0
2025-08-18,6,Сыр твердый,1.1,кг,450,495.0
2025-08-18,6,Сыр пармезан,0.6,кг,800,480.0
2025-08-18,6,Молоко,2.5,л,70,175.0
2025-08-18,6,Рис,1.5,кг,90,135.0
2025-08-18,6,Мука,1.1,кг,50,55.0
2025-08-18,6,Сахар,0.5,кг,60,30.0
2025-08-18,6,Кофе в зернах,0.2,кг,800,160.0
2025-08-18,6,Чай листовой,0.1,кг,500,50.0
2025-08-18,6,Соки,1.9,л,120,228.0
2025-08-18,6,Пиво,3.1,л,150,465.0
2025-08-18,7,Куриное филе,2.3,кг,250,575.0
2025-08-18,7,Говядина,1.3,кг,500,650.0
2025-08-18,7,Свинина,1.0,кг,400,400.0
2025-08-18,7,Рыба (филе),1.0,кг,600,600.0
2025-08-18,7,Креветки,0.5,кг,800,400.0
2025-08-18,7,Салат айсберг,1.2,кг,150,180.0
2025-08-18,7,Сыр твердый,0.8,кг,450,360.0
2025-08-18,7,Сливки,1.6,л,200,320.0
2025-08-18,7,Молоко,2.8,л,70,196.0
2025-08-18,7,Макароны,1.6,кг,80,128.0
2025-08-18,7,Рис,1.3,кг,90,117.0
2025-08-18,7,Сахар,0.5,кг,60,30.0
2025-08-18,7,Кофе в зернах,0.2,кг,800,160.0
2025-08-18,7,Чай листовой,0.2,кг,500,100.0
2025-08-19,2,Куриное филе,2.0,кг,250,500.0
2025-08-19,2,Говядина,1.4,кг,500,700.0
2025-08-19,2,Рыба (филе),0.8,кг,600,480.0
2025-08-19,2,Креветки,0.5,кг,800,400.0
2025-08-19,2,Помидоры,2.0,кг,120,240.0
2025-08-19,2,Огурцы,1.4,кг,100,140.0
2025-08-19,2,Салат айсберг,1.2,кг,150,180.0
2025-08-19,2,Картофель,3.8,кг,40,152.0
2025-08-19,2,Сыр твердый,1.0,кг,450,450.0
2025-08-19,2,Сыр пармезан,0.5,кг,800,400.0
2025-08-19,2,Сливки,1.4,л,200,280.0
2025-08-19,2,Молоко,2.2,л,70,154.0
2025-08-19,2,Рис,1.7,кг,90,153.0
2025-08-19,2,Мука,0.9,кг,50,45.0
2025-08-19,2,Сахар,0.5,кг,60,30.0
2025-08-19,2,Кофе в зернах,0.3,кг,800,240.0
2025-08-19,2,Соки,2.1,л,120,252.0
2025-08-19,2,Пиво,2.9,л,150,435.0
2025-08-19,3,Говядина,1.5,кг,500,750.0
2025-08-19,3,Рыба (филе),0.9,кг,600,540.0
2025-08-19,3,Креветки,0.5,кг,800,400.0
2025-08-19,3,Салат айсберг,1.1,кг,150,165.0
2025-08-19,3,Картофель,3.9,кг,40,156.0
2025-08-19,3,Сыр твердый,1.2,кг,450,540.0
2025-08-19,3,Сыр пармезан,0.5,кг,800,400.0
2025-08-19,3,Молоко,2.3,л,70,161.0
2025-08-19,3,Макароны,1.6,кг,80,128.0
2025-08-19,3,Мука,1.0,кг,50,50.0
2025-08-19,3,Сахар,0.4,кг,60,24.0
2025-08-19,3,Кофе в зернах,0.2,кг,800,160.0
2025-08-19,3,Чай листовой,0.2,кг,500,100.0
2025-08-19,3,Соки,1.9,л,120,228.0
2025-08-19,3,Пиво,2.1,л,150,315.0
2025-08-19,4,Говядина,1.7,кг,500,850.0
2025-08-19,4,Свинина,1.1,кг,400,440.0
2025-08-19,4,Рыба (филе),0.9,кг,600,540.0
2025-08-19,4,Креветки,0.4,кг,800,320.0
2025-08-19,4,Помидоры,2.1,кг,120,252.0
2025-08-19,4,Огурцы,1.3,кг,100,130.0
2025-08-19,4,Картофель,3.8,кг,40,152.0
2025-08-19,4,Сыр твердый,1.1,кг,450,495.0
2025-08-19,4,Сыр пармезан,0.4,кг,800,320.0
2025-08-19,4,Сливки,1.2,л,200,240.0
2025-08-19,4,Молоко,2.8,л,70,196.0
2025-08-19,4,Макароны,1.8,кг,80,144.0
2025-08-19,4,Рис,1.7,кг,90,153.0
2025-08-19,4,Мука,0.9,кг,50,45.0
2025-08-19,4,Кофе в зернах,0.2,кг,800,160.0
2025-08-19,4,Соки,2.1,л,120,252.0
2025-08-19,4,Пиво,2.1,л,150,315.0
2025-08-19,6,Свинина,1.2,кг,400,480.0
2025-08-19,6,Креветки,0.5,кг,800,400.0
2025-08-19,6,Салат айсберг,0.9,кг,150,135.0
2025-08-19,6,Картофель,4.2,кг,40,168.0
2025-08-19,6,Сыр твердый,1.0,кг,450,450.0
2025-08-19,6,Сливки,1.7,л,200,340.0
2025-08-19,6,Макароны,2.4,кг,80,192.0
2025-08-19,6,Рис,1.8,кг,90,162.0
2025-08-19,6,Мука,1.3,кг,50,65.0
2025-08-19,6,Сахар,0.4,кг,60,24.0
2025-08-19,6,Кофе в зернах,0.2,кг,800,160.0
2025-08-19,6,Чай листовой,0.2,кг,500,100.0
2025-08-19,6,Соки,1.6,л,120,192.0
2025-08-19,6,Пиво,2.5,л,150,375.0
2025-08-19,8,Свинина,0.9,кг,400,360.0
2025-08-19,8,Рыба (филе),0.9,кг,600,540.0
2025-08-19,8,Креветки,0.5,кг,800,400.0
2025-08-19,8,Помидоры,2.1,кг,120,252.0
2025-08-19,8,Огурцы,1.3,кг,100,130.0
2025-08-19,8,Салат айсберг,0.8,кг,150,120.0
2025-08-19,8,Сыр пармезан,0.4,кг,800,320.0
2025-08-19,8,Сливки,1.3,л,200,260.0
2025-08-19,8,Молоко,2.8,л,70,196.0
2025-08-19,8,Макароны,1.7,кг,80,136.0
2025-08-19,8,Рис,1.6,кг,90,144.0
2025-08-19,8,Мука,0.9,кг,50,45.0
2025-08-19,8,Сахар,0.5,кг,60,30.0
2025-08-19,8,Кофе в зернах,0.2,кг,800,160.0
2025-08-19,8,Чай листовой,0.1,кг,500,50.0
2025-08-19,8,Соки,2.1,л,120,252.0
2025-08-19,8,Пиво,2.4,л,150,360.0
2025-08-19,9,Куриное филе,2.4,кг,250,600.0
2025-08-19,9,Свинина,0.9,кг,400,360.0
2025-08-19,9,Рыба (филе),0.8,кг,600,480.0
2025-08-19,9,Креветки,0.6,кг,800,480.0
2025-08-19,9,Помидоры,1.6,кг,120,192.0
2025-08-19,9,Огурцы,1.5,кг,100,150.0
2025-08-19,9,Салат айсберг,0.9,кг,150,135.0
2025-08-19,9,Картофель,3.8,кг,40,152.0
2025-08-19,9,Сыр пармезан,0.5,кг,800,400.0
2025-08-19,9,Молоко,2.7,л,70,189.0
2025-08-19,9,Макароны,1.9,кг,80,152.0
2025-08-19,9,Рис,1.6,кг,90,144.0
2025-08-19,9,Мука,0.9,кг,50,45.0
2025-08-19,9,Сахар,0.6,кг,60,36.0
2025-08-19,9,Кофе в зернах,0.2,кг,800,160.0
2025-08-19,9,Соки,1.8,л,120,216.0
2025-08-19,9,Пиво,2.1,л,150,315.0
2025-08-20,2,Куриное филе,2.5,кг,250,625.0
2025-08-20,2,Говядина,1.3,кг,500,650.0
2025-08-20,2,Свинина,1.0,кг,400,400.0
2025-08-20,2,Рыба (филе),1.1,кг,600,660.0
2025-08-20,2,Креветки,0.5,кг,800,400.0
2025-08-20,2,Помидоры,2.3,кг,120,276.0
2025-08-20,2,Огурцы,1.4,кг,100,140.0
2025-08-20,2,Салат айсберг,1.2,кг,150,180.0
2025-08-20,2,Картофель,4.3,кг,40,172.0
2025-08-20,2,Сыр твердый,1.1,кг,450,495.0
2025-08-20,2,Молоко,2.1,л,70,147.0
2025-08-20,2,Макароны,2.4,кг,80,192.0
2025-08-20,2,Мука,0.9,кг,50,45.0
2025-08-20,2,Кофе в зернах,0.2,кг,800,160.0
2025-08-20,2,Чай листовой,0.2,кг,500,100.0
2025-08-20,2,Соки,1.8,л,120,216.0
2025-08-20,3,Говядина,1.2,кг,500,600.0
2025-08-20,3,Свинина,0.9,кг,400,360.0
2025-08-20,3,Рыба (филе),1.0,кг,600,600.0
2025-08-20,3,Помидоры,1.7,кг,120,204.0
2025-08-20,3,Огурцы,1.5,кг,100,150.0
2025-08-20,3,Салат айсберг,0.9,кг,150,135.0
2025-08-20,3,Картофель,4.0,кг,40,160.0
2025-08-20,3,Сыр твердый,1.1,кг,450,495.0
2025-08-20,3,Сливки,1.4,л,200,280.0
2025-08-20,3,Молоко,2.3,л,70,161.0
2025-08-20,3,Рис,1.7,кг,90,153.0
2025-08-20,3,Мука,0.9,кг,50,45.0
2025-08-20,3,Сахар,0.5,кг,60,30.0
2025-08-20,3,Кофе в зернах,0.2,кг,800,160.0
2025-08-20,3,Чай листовой,0.2,кг,500,100.0
2025-08-20,3,Соки,2.1,л,120,252.0
2025-08-20,3,Пиво,2.4,л,150,360.0
2025-08-20,4,Куриное филе,2.1,кг,250,525.0
2025-08-20,4,Говядина,1.3,кг,500,650.0
2025-08-20,4,Помидоры,2.0,кг,120,240.0
2025-08-20,4,Огурцы,1.6,кг,100,160.0
2025-08-20,4,Салат айсберг,1.0,кг,150,150.0
2025-08-20,4,Картофель,3.4,кг,40,136.0
2025-08-20,4,Сыр твердый,1.2,кг,450,540.0
2025-08-20,4,Сыр пармезан,0.4,кг,800,320.0
2025-08-20,4,Сливки,1.6,л,200,320.0
2025-08-20,4,Молоко,2.6,л,70,182.0
2025-08-20,4,Макароны,2.1,кг,80,168.0
2025-08-20,4,Рис,1.5,кг,90,135.0
2025-08-20,4,Сахар,0.5,кг,60,30.0
2025-08-20,4,Кофе в зернах,0.2,кг,800,160.0
2025-08-20,4,Чай листовой,0.1,кг,500,50.0
2025-08-20,4,Соки,2.0,л,120,240.0
2025-08-20,4,Пиво,2.0,л,150,300.0
2025-08-20,6,Свинина,1.0,кг,400,400.0
2025-08-20,6,Креветки,0.5,кг,800,400.0
2025-08-20,6,Помидоры,2.4,кг,120,288.0
2025-08-20,6,Огурцы,1.6,кг,100,160.0
2025-08-20,6,Салат айсберг,1.0,кг,150,150.0
2025-08-20,6,Картофель,3.5,кг,40,140.0
2025-08-20,6,Сыр пармезан,0.6,кг,800,480.0
2025-08-20,6,Сливки,1.4,л,200,280.0
2025-08-20,6,Молоко,2.2,л,70,154.0
2025-08-20,6,Макароны,2.0,кг,80,160.0
2025-08-20,6,Рис,1.5,кг,90,135.0
2025-08-20,6,Мука,1.0,кг,50,50.0
2025-08-20,6,Кофе в зернах,0.3,кг,800,240.0
2025-08-20,6,Чай листовой,0.1,кг,500,50.0
2025-08-20,6,Соки,1.9,л,120,228.0
2025-08-20,6,Пиво,2.3,л,150,345.0
2025-08-21,3,Куриное филе,2.6,кг,250,650.0
2025-08-21,3,Рыба (филе),0.9,кг,600,540.0
2025-08-21,3,Креветки,0.5,кг,800,400.0
2025-08-21,3,Помидоры,2.2,кг,120,264.0
2025-08-21,3,Картофель,4.8,кг,40,192.0
2025-08-21,3,Сыр твердый,1.1,кг,450,495.0
2025-08-21,3,Сыр пармезан,0.5,кг,800,400.0
2025-08-21,3,Сливки,1.7,л,200,340.0
2025-08-21,3,Молоко,2.3,л,70,161.0
2025-08-21,3,Макароны,2.2,кг,80,176.0
2025-08-21,3,Рис,1.4,кг,90,126.0
2025-08-21,3,Мука,1.0,кг,50,50.0
2025-08-21,3,Кофе в зернах,0.2,кг,800,160.0
2025-08-21,3,Чай листовой,0.2,кг,500,100.0
2025-08-21,3,Пиво,2.5,л,150,375.0
2025-08-21,4,Куриное филе,2.8,кг,250,700.0
2025-08-21,4,Говядина,1.7,кг,500,850.0
2025-08-21,4,Рыба (филе),0.9,кг,600,540.0
2025-08-21,4,Помидоры,2.0,кг,120,240.0
2025-08-21,4,Огурцы,1.8,кг,100,180.0
2025-08-21,4,Салат айсберг,1.0,кг,150,150.0
2025-08-21,4,Сыр твердый,1.2,кг,450,540.0
2025-08-21,4,Сыр пармезан,0.5,кг,800,400.0
2025-08-21,4,Сливки,1.5,л,200,300.0
2025-08-21,4,Макароны,2.0,кг,80,160.0
2025-08-21,4,Рис,1.6,кг,90,144.0
2025-08-21,4,Мука,0.9,кг,50,45.0
2025-08-21,4,Сахар,0.4,кг,60,24.0
2025-08-21,4,Кофе в зернах,0.3,кг,800,240.0
2025-08-21,4,Чай листовой,0.2,кг,500,100.0
2025-08-21,4,Пиво,2.2,л,150,330.0
2025-08-21,5,Куриное филе,2.4,кг,250,600.0
2025-08-21,5,Свинина,1.1,кг,400,440.0
2025-08-21,5,Рыба (филе),1.1,кг,600,660.0
2025-08-21,5,Креветки,0.4,кг,800,320.0
2025-08-21,5,Огурцы,1.5,кг,100,150.0
2025-08-21,5,Салат айсберг,1.0,кг,150,150.0
2025-08-21,5,Картофель,4.1,кг,40,164.0
2025-08-21,5,Сыр твердый,1.2,кг,450,540.0
2025-08-21,5,Сыр пармезан,0.6,кг,800,480.0
2025-08-21,5,Сливки,1.6,л,200,320.0
2025-08-21,5,Молоко,2.1,л,70,147.0
2025-08-21,5,Макароны,2.0,кг,80,160.0
2025-08-21,5,Рис,1.7,кг,90,153.0
2025-08-21,5,Чай листовой,0.2,кг,500,100.0
2025-08-21,5,Соки,2.2,л,120,264.0
2025-08-21,5,Пиво,2.5,л,150,375.0
2025-08-21,10,Куриное филе,2.6,кг,250,650.0
2025-08-21,10,Свинина,1.2,кг,400,480.0
2025-08-21,10,Креветки,0.6,кг,800,480.0
2025-08-21,10,Помидоры,1.6,кг,120,192.0
2025-08-21,10,Огурцы,1.5,кг,100,150.0
2025-08-21,10,Картофель,4.2,кг,40,168.0
2025-08-21,10,Сыр пармезан,0.6,кг,800,480.0
2025-08-21,10,Сливки,1.3,л,200,260.0
2025-08-21,10,Молоко,2.5,л,70,175.0
2025-08-21,10,Рис,1.5,кг,90,135.0
2025-08-21,10,Чай листовой,0.2,кг,500,100.0
2025-08-21,10,Соки,1.9,л,120,228.0
2025-08-21,10,Пиво,2.3,л,150,345.0
2025-08-22,1,Говядина,1.3,кг,500,650.0
2025-08-22,1,Свинина,0.8,кг,400,320.0
2025-08-22,1,Креветки,0.5,кг,800,400.0
2025-08-22,1,Помидоры,2.1,кг,120,252.0
2025-08-22,1,Огурцы,1.5,кг,100,150.0
2025-08-22,1,Картофель,3.6,кг,40,144.0
2025-08-22,1,Сыр твердый,1.2,кг,450,540.0
2025-08-22,1,Сыр пармезан,0.5,кг,800,400.0
2025-08-22,1,Сливки,1.2,л,200,240.0
2025-08-22,1,Молоко,3.1,л,70,217.0
2025-08-22,1,Сахар,0.5,кг,60,30.0
2025-08-22,1,Кофе в зернах,0.2,кг,800,160.0
2025-08-22,1,Соки,2.0,л,120,240.0
2025-08-22,1,Пиво,2.3,л,150,345.0
2025-08-22,2,Рыба (филе),0.9,кг,600,540.0
2025-08-22,2,Креветки,0.5,кг,800,400.0
2025-08-22,2,Помидоры,1.8,кг,120,216.0
2025-08-22,2,Сливки,1.6,л,200,320.0
2025-08-22,2,Макароны,1.6,кг,80,128.0
2025-08-22,2,Рис,1.5,кг,90,135.0
2025-08-22,2,Мука,1.2,кг,50,60.0
2025-08-22,2,Сахар,0.5,кг,60,30.0
2025-08-22,2,Кофе в зернах,0.3,кг,800,240.0
2025-08-22,2,Чай листовой,0.1,кг,500,50.0
2025-08-22,2,Соки,1.8,л,120,216.0
2025-08-22,2,Пиво,2.4,л,150,360.0
2025-08-23,2,Куриное филе,2.6,кг,250,650.0
2025-08-23,2,Говядина,1.6,кг,500,800.0
2025-08-23,2,Креветки,0.5,кг,800,400.0
2025-08-23,2,Помидоры,2.0,кг,120,240.0
2025-08-23,2,Салат айсберг,1.0,кг,150,150.0
2025-08-23,2,Сливки,1.4,л,200,280.0
2025-08-23,2,Молоко,2.4,л,70,168.0
2025-08-23,2,Мука,1.0,кг,50,50.0
2025-08-23,2,Чай листовой,0.1,кг,500,50.0
2025-08-23,2,Пиво,2.3,л,150,345.0
2025-08-23,4,Куриное филе,3.0,кг,250,750.0
2025-08-23,4,Говядина,1.5,кг,500,750.0
2025-08-23,4,Свинина,1.1,кг,400,440.0
2025-08-23,4,Рыба (филе),1.1,кг,600,660.0
2025-08-23,4,Огурцы,1.4,кг,100,140.0
2025-08-23,4,Салат айсберг,1.0,кг,150,150.0
2025-08-23,4,Картофель,3.7,кг,40,148.0
2025-08-23,4,Сыр твердый,0.8,кг,450,360.0
2025-08-23,4,Сыр пармезан,0.6,кг,800,480.0
2025-08-23,4,Сливки,1.5,л,200,300.0
2025-08-23,4,Молоко,2.2,л,70,154.0
2025-08-23,4,Макароны,1.8,кг,80,144.0
2025-08-23,4,Рис,1.5,кг,90,135.0
2025-08-23,4,Сахар,0.5,кг,60,30.0
2025-08-23,4,Кофе в зернах,0.2,кг,800,160.0
2025-08-23,4,Чай листовой,0.1,кг,500,50.0
2025-08-23,4,Соки,2.1,л,120,252.0
2025-08-23,7,Свинина,1.1,кг,400,440.0
2025-08-23,7,Креветки,0.5,кг,800,400.0
2025-08-23,7,Помидоры,2.1,кг,120,252.0
2025-08-23,7,Огурцы,1.8,кг,100,180.0
2025-08-23,7,Картофель,4.3,кг,40,172.0
2025-08-23,7,Сыр твердый,1.1,кг,450,495.0
2025-08-23,7,Сыр пармезан,0.4,кг,800,320.0
2025-08-23,7,Сливки,1.4,л,200,280.0
2025-08-23,7,Макароны,2.0,кг,80,160.0
2025-08-23,7,Мука,0.9,кг,50,45.0
2025-08-23,7,Сахар,0.6,кг,60,36.0
2025-08-23,7,Кофе в зернах,0.2,кг,800,160.0
2025-08-23,7,Чай листовой,0.2,кг,500,100.0
2025-08-23,7,Соки,2.2,л,120,264.0
2025-08-23,7,Пиво,2.0,л,150,300.0
2025-08-24,6,Куриное филе,2.2,кг,250,550.0
2025-08-24,6,Говядина,1.9,кг,500,950.0
2025-08-24,6,Свинина,1.1,кг,400,440.0
2025-08-24,6,Рыба (филе),1.3,кг,600,780.0
2025-08-24,6,Креветки,0.5,кг,800,400.0
2025-08-24,6,Огурцы,1.5,кг,100,150.0
2025-08-24,6,Салат айсберг,1.2,кг,150,180.0
2025-08-24,6,Картофель,3.8,кг,40,152.0
2025-08-24,6,Сыр твердый,1.0,кг,450,450.0
2025-08-24,6,Сыр пармезан,0.6,кг,800,480.0
2025-08-24,6,Сливки,1.5,л,200,300.0
2025-08-24,6,Молоко,2.7,л,70,189.0
2025-08-24,6,Макароны,1.7,кг,80,136.0
2025-08-24,6,Рис,1.5,кг,90,135.0
2025-08-24,6,Мука,1.0,кг,50,50.0
2025-08-24,6,Сахар,0.5,кг,60,30.0
2025-08-24,6,Кофе в зернах,0.2,кг,800,160.0
2025-08-24,6,Чай листовой,0.2,кг,500,100.0
2025-08-24,6,Соки,2.5,л,120,300.0
2025-08-24,6,Пиво,2.8,л,150,420.0
2025-08-24,7,Куриное филе,2.3,кг,250,575.0
2025-08-24,7,Говядина,1.4,кг,500,700.0
2025-08-24,7,Свинина,1.0,кг,400,400.0
2025-08-24,7,Помидоры,2.1,кг,120,252.0
2025-08-24,7,Огурцы,1.5,кг,100,150.0
2025-08-24,7,Салат айсберг,0.8,кг,150,120.0
2025-08-24,7,Сыр твердый,1.3,кг,450,585.0
2025-08-24,7,Сыр пармезан,0.5,кг,800,400.0
2025-08-24,7,Сливки,1.8,л,200,360.0
2025-08-24,7,Молоко,2.4,л,70,168.0
2025-08-24,7,Макароны,2.4,кг,80,192.0
2025-08-24,7,Сахар,0.5,кг,60,30.0
2025-08-24,7,Соки,1.6,л,120,192.0
2025-08-24,7,Пиво,2.1,л,150,315.0
2025-08-25,1,Говядина,1.7,кг,500,850.0
2025-08-25,1,Свинина,1.0,кг,400,400.0
2025-08-25,1,Помидоры,1.8,кг,120,216.0
2025-08-25,1,Огурцы,1.4,кг,100,140.0
2025-08-25,1,Салат айсберг,1.1,кг,150,165.0
2025-08-25,1,Картофель,4.3,кг,40,172.0
2025-08-25,1,Сыр пармезан,0.6,кг,800,480.0
2025-08-25,1,Сливки,1.5,л,200,300.0
2025-08-25,1,Макароны,2.1,кг,80,168.0
2025-08-25,1,Сахар,0.5,кг,60,30.0
2025-08-25,1,Кофе в зернах,0.3,кг,800,240.0
2025-08-25,1,Чай листовой,0.2,кг,500,100.0
2025-08-25,1,Соки,2.0,л,120,240.0
2025-08-25,1,Пиво,2.8,л,150,420.0
2025-08-25,5,Куриное филе,2.1,кг,250,525.0
2025-08-25,5,Говядина,1.6,кг,500,800.0
2025-08-25,5,Свинина,1.1,кг,400,440.0
2025-08-25,5,Рыба (филе),0.9,кг,600,540.0
2025-08-25,5,Помидоры,1.9,кг,120,228.0
2025-08-25,5,Салат айсберг,1.0,кг,150,150.0
2025-08-25,5,Картофель,5.0,кг,40,200.0
2025-08-25,5,Сыр пармезан,0.5,кг,800,400.0
2025-08-25,5,Макароны,1.8,кг,80,144.0
2025-08-25,5,Рис,1.5,кг,90,135.0
2025-08-25,5,Мука,1.2,кг,50,60.0
2025-08-25,5,Кофе в зернах,0.3,кг,800,240.0
2025-08-25,5,Чай листовой,0.1,кг,500,50.0
2025-08-25,5,Соки,2.2,л,120,264.0
2025-08-25,5,Пиво,2.0,л,150,300.0
2025-08-25,7,Говядина,1.8,кг,500,900.0
2025-08-25,7,Свинина,1.1,кг,400,440.0
2025-08-25,7,Рыба (филе),1.2,кг,600,720.0
2025-08-25,7,Огурцы,1.4,кг,100,140.0
2025-08-25,7,Картофель,3.9,кг,40,156.0
2025-08-25,7,Сыр твердый,1.1,кг,450,495.0
2025-08-25,7,Сыр пармезан,0.6,кг,800,480.0
2025-08-25,7,Сливки,1.6,л,200,320.0
2025-08-25,7,Молоко,2.1,л,70,147.0
2025-08-25,7,Макароны,1.8,кг,80,144.0
2025-08-25,7,Сахар,0.5,кг,60,30.0
2025-08-25,7,Кофе в зернах,0.3,кг,800,240.0
2025-08-25,7,Соки,2.1,л,120,252.0
2025-08-25,7,Пиво,2.8,л,150,420.0
2025-08-25,10,Куриное филе,2.2,кг,250,550.0
2025-08-25,10,Говядина,1.2,кг,500,600.0
2025-08-25,10,Свинина,0.8,кг,400,320.0
2025-08-25,10,Рыба (филе),1.1,кг,600,660.0
2025-08-25,10,Помидоры,1.8,кг,120,216.0
2025-08-25,10,Огурцы,1.2,кг,100,120.0
2025-08-25,10,Салат айсберг,0.9,кг,150,135.0
2025-08-25,10,Картофель,4.7,кг,40,188.0
2025-08-25,10,Сыр твердый,1.1,кг,450,495.0
2025-08-25,10,Молоко,2.5,л,70,175.0
2025-08-25,10,Сахар,0.5,кг,60,30.0
2025-08-25,10,Кофе в зернах,0.2,кг,800,160.0
2025-08-25,10,Чай листовой,0.1,кг,500,50.0
2025-08-25,10,Соки,2.0,л,120,240.0
2025-08-25,10,Пиво,2.4,л,150,360.0
2025-08-26,3,Куриное филе,2.1,кг,250,525.0
2025-08-26,3,Говядина,1.6,кг,500,800.0
2025-08-26,3,Свинина,1.2,кг,400,480.0
2025-08-26,3,Креветки,0.6,кг,800,480.0
2025-08-26,3,Помидоры,1.8,кг,120,216.0
2025-08-26,3,Огурцы,1.3,кг,100,130.0
2025-08-26,3,Салат айсберг,0.9,кг,150,135.0
2025-08-26,3,Картофель,3.2,кг,40,128.0
2025-08-26,3,Сыр пармезан,0.5,кг,800,400.0
2025-08-26,3,Молоко,2.3,л,70,161.0
2025-08-26,3,Макароны,2.1,кг,80,168.0
2025-08-26,3,Рис,1.3,кг,90,117.0
2025-08-26,3,Мука,1.0,кг,50,50.0
2025-08-26,3,Кофе в зернах,0.2,кг,800,160.0
2025-08-26,3,Соки,2.0,л,120,240.0
2025-08-26,3,Пиво,2.8,л,150,420.0
2025-08-26,7,Куриное филе,2.5,кг,250,625.0
2025-08-26,7,Говядина,1.7,кг,500,850.0
2025-08-26,7,Свинина,0.8,кг,400,320.0
2025-08-26,7,Креветки,0.5,кг,800,400.0
2025-08-26,7,Салат айсберг,1.1,кг,150,165.0
2025-08-26,7,Картофель,3.4,кг,40,136.0
2025-08-26,7,Молоко,2.8,л,70,196.0
2025-08-26,7,Макароны,1.6,кг,80,128.0
2025-08-26,7,Сахар,0.6,кг,60,36.0
2025-08-26,7,Кофе в зернах,0.3,кг,800,240.0
2025-08-26,7,Чай листовой,0.1,кг,500,50.0
2025-08-26,7,Соки,1.7,л,120,204.0
2025-08-26,7,Пиво,2.6,л,150,390.0
2025-08-26,8,Куриное филе,2.6,кг,250,650.0
2025-08-26,8,Свинина,1.2,кг,400,480.0
2025-08-26,8,Рыба (филе),0.9,кг,600,540.0
2025-08-26,8,Креветки,0.5,кг,800,400.0
2025-08-26,8,Помидоры,1.6,кг,120,192.0
2025-08-26,8,Огурцы,1.7,кг,100,170.0
2025-08-26,8,Салат айсберг,0.9,кг,150,135.0
2025-08-26,8,Картофель,3.3,кг,40,132.0
2025-08-26,8,Сыр твердый,0.8,кг,450,360.0
2025-08-26,8,Сыр пармезан,0.6,кг,800,480.0
2025-08-26,8,Сливки,1.4,л,200,280.0
2025-08-26,8,Молоко,2.4,л,70,168.0
2025-08-26,8,Макароны,2.0,кг,80,160.0
2025-08-26,8,Рис,1.3,кг,90,117.0
2025-08-26,8,Мука,0.9,кг,50,45.0
2025-08-26,8,Кофе в зернах,0.3,кг,800,240.0
2025-08-26,8,Чай листовой,0.2,кг,500,100.0
2025-08-26,8,Соки,2.1,л,120,252.0
2025-08-26,8,Пиво,2.9,л,150,435.0
2025-08-27,1,Куриное филе,2.8,кг,250,700.0
2025-08-27,1,Говядина,1.2,кг,500,600.0
2025-08-27,1,Рыба (филе),1.0,кг,600,600.0
2025-08-27,1,Помидоры,2.2,кг,120,264.0
2025-08-27,1,Огурцы,1.3,кг,100,130.0
2025-08-27,1,Салат айсберг,0.9,кг,150,135.0
2025-08-27,1,Картофель,3.4,кг,40,136.0
2025-08-27,1,Сыр твердый,1.0,кг,450,450.0
2025-08-27,1,Сыр пармезан,0.5,кг,800,400.0
2025-08-27,1,Сливки,1.4,л,200,280.0
2025-08-27,1,Молоко,2.6,л,70,182.0
2025-08-27,1,Макароны,1.8,кг,80,144.0
2025-08-27,1,Рис,1.6,кг,90,144.0
2025-08-27,1,Мука,1.2,кг,50,60.0
2025-08-27,1,Сахар,0.5,кг,60,30.0
2025-08-27,1,Кофе в зернах,0.2,кг,800,160.0
2025-08-27,1,Чай листовой,0.1,кг,500,50.0
2025-08-27,2,Куриное филе,2.6,кг,250,650.0
2025-08-27,2,Говядина,1.2,кг,500,600.0
2025-08-27,2,Свинина,0.8,кг,400,320.0
2025-08-27,2,Креветки,0.4,кг,800,320.0
2025-08-27,2,Огурцы,1.6,кг,100,160.0
2025-08-27,2,Салат айсберг,1.2,кг,150,180.0
2025-08-27,2,Картофель,4.1,кг,40,164.0
2025-08-27,2,Сыр твердый,1.0,кг,450,450.0
2025-08-27,2,Сыр пармезан,0.6,кг,800,480.0
2025-08-27,2,Сливки,1.4,л,200,280.0
2025-08-27,2,Молоко,2.2,л,70,154.0
2025-08-27,2,Мука,0.8,кг,50,40.0
2025-08-27,2,Сахар,0.4,кг,60,24.0
2025-08-27,2,Кофе в зернах,0.3,кг,800,240.0
2025-08-27,2,Соки,2.4,л,120,288.0
2025-08-27,3,Говядина,1.3,кг,500,650.0
2025-08-27,3,Свинина,1.0,кг,400,400.0
2025-08-27,3,Рыба (филе),1.0,кг,600,600.0
2025-08-27,3,Креветки,0.6,кг,800,480.0
2025-08-27,3,Сыр твердый,1.0,кг,450,450.0
2025-08-27,3,Сыр пармезан,0.6,кг,800,480.0
2025-08-27,3,Сливки,1.4,л,200,280.0
2025-08-27,3,Молоко,2.4,л,70,168.0
2025-08-27,3,Макароны,2.1,кг,80,168.0
2025-08-27,3,Мука,0.9,кг,50,45.0
2025-08-27,3,Чай листовой,0.2,кг,500,100.0
2025-08-27,3,Соки,2.5,л,120,300.0
2025-08-27,3,Пиво,2.0,л,150,300.0
2025-08-27,6,Куриное филе,2.6,кг,250,650.0
2025-08-27,6,Свинина,0.9,кг,400,360.0
2025-08-27,6,Помидоры,1.8,кг,120,216.0
2025-08-27,6,Огурцы,1.4,кг,100,140.0
2025-08-27,6,Салат айсберг,1.1,кг,150,165.0
2025-08-27,6,Картофель,4.5,кг,40,180.0
2025-08-27,6,Сыр твердый,1.1,кг,450,495.0
2025-08-27,6,Сыр пармезан,0.6,кг,800,480.0
2025-08-27,6,Соки,2.0,л,120,240.0
2025-08-27,6,Пиво,2.3,л,150,345.0
2025-08-27,9,Куриное филе,2.6,кг,250,650.0
2025-08-27,9,Говядина,1.2,кг,500,600.0
2025-08-27,9,Свинина,1.2,кг,400,480.0
2025-08-27,9,Креветки,0.4,кг,800,320.0
2025-08-27,9,Помидоры,2.4,кг,120,288.0
2025-08-27,9,Огурцы,1.4,кг,100,140.0
2025-08-27,9,Картофель,3.9,кг,40,156.0
2025-08-27,9,Сыр твердый,0.9,кг,450,405.0
2025-08-27,9,Сыр пармезан,0.5,кг,800,400.0
2025-08-27,9,Сливки,1.3,л,200,260.0
2025-08-27,9,Макароны,1.8,кг,80,144.0
2025-08-27,9,Рис,1.7,кг,90,153.0
2025-08-27,9,Мука,1.0,кг,50,50.0
2025-08-27,9,Сахар,0.4,кг,60,24.0
2025-08-27,9,Чай листовой,0.2,кг,500,100.0
2025-08-27,9,Соки,2.2,л,120,264.0
2025-08-27,9,Пиво,2.7,л,150,405.0
2025-08-28,2,Куриное филе,3.0,кг,250,750.0
2025-08-28,2,Свинина,1.0,кг,400,400.0
2025-08-28,2,Рыба (филе),0.9,кг,600,540.0
2025-08-28,2,Креветки,0.5,кг,800,400.0
2025-08-28,2,Огурцы,1.8,кг,100,180.0
2025-08-28,2,Салат айсберг,0.9,кг,150,135.0
2025-08-28,2,Картофель,3.6,кг,40,144.0
2025-08-28,2,Сыр твердый,0.9,кг,450,405.0
2025-08-28,2,Сыр пармезан,0.5,кг,800,400.0
2025-08-28,2,Молоко,2.9,л,70,203.0
2025-08-28,2,Рис,1.5,кг,90,135.0
2025-08-28,2,Мука,1.2,кг,50,60.0
2025-08-28,2,Сахар,0.5,кг,60,30.0
2025-08-28,2,Кофе в зернах,0.2,кг,800,160.0
2025-08-28,2,Чай листовой,0.1,кг,500,50.0
2025-08-28,2,Соки,2.0,л,120,240.0
2025-08-28,3,Свинина,1.0,кг,400,400.0
2025-08-28,3,Рыба (филе),1.0,кг,600,600.0
2025-08-28,3,Креветки,0.5,кг,800,400.0
2025-08-28,3,Помидоры,1.8,кг,120,216.0
2025-08-28,3,Огурцы,1.6,кг,100,160.0
2025-08-28,3,Сыр пармезан,0.6,кг,800,480.0
2025-08-28,3,Макароны,1.8,кг,80,144.0
2025-08-28,3,Рис,1.3,кг,90,117.0
2025-08-28,3,Мука,1.0,кг,50,50.0
2025-08-28,3,Сахар,0.5,кг,60,30.0
2025-08-28,3,Кофе в зернах,0.2,кг,800,160.0
2025-08-28,3,Чай листовой,0.2,кг,500,100.0
2025-08-28,3,Соки,2.1,л,120,252.0
2025-08-28,4,Свинина,1.2,кг,400,480.0
2025-08-28,4,Рыба (филе),1.1,кг,600,660.0
2025-08-28,4,Креветки,0.5,кг,800,400.0
2025-08-28,4,Помидоры,2.1,кг,120,252.0
2025-08-28,4,Огурцы,1.3,кг,100,130.0
2025-08-28,4,Картофель,4.6,кг,40,184.0
2025-08-28,4,Сыр твердый,0.9,кг,450,405.0
2025-08-28,4,Сливки,1.4,л,200,280.0
2025-08-28,4,Молоко,2.8,л,70,196.0
2025-08-28,4,Макароны,2.3,кг,80,184.0
2025-08-28,4,Сахар,0.5,кг,60,30.0
2025-08-28,4,Кофе в зернах,0.2,кг,800,160.0
2025-08-28,4,Чай листовой,0.2,кг,500,100.0
2025-08-28,4,Соки,2.5,л,120,300.0
2025-08-28,5,Куриное филе,2.9,кг,250,725.0
2025-08-28,5,Говядина,1.6,кг,500,800.0
2025-08-28,5,Свинина,1.1,кг,400,440.0
2025-08-28,5,Рыба (филе),0.9,кг,600,540.0
2025-08-28,5,Огурцы,1.6,кг,100,160.0
2025-08-28,5,Салат айсберг,1.2,кг,150,180.0
2025-08-28,5,Картофель,4.4,кг,40,176.0
2025-08-28,5,Сыр пармезан,0.6,кг,800,480.0
2025-08-28,5,Сливки,1.4,л,200,280.0
2025-08-28,5,Молоко,2.9,л,70,203.0
2025-08-28,5,Макароны,2.4,кг,80,192.0
2025-08-28,5,Рис,1.5,кг,90,135.0
2025-08-28,5,Мука,1.0,кг,50,50.0
2025-08-28,5,Чай листовой,0.2,кг,500,100.0
2025-08-28,5,Соки,2.3,л,120,276.0
2025-08-28,7,Куриное филе,2.5,кг,250,625.0
2025-08-28,7,Говядина,1.7,кг,500,850.0
2025-08-28,7,Рыба (филе),0.8,кг,600,480.0
2025-08-28,7,Креветки,0.5,кг,800,400.0
2025-08-28,7,Помидоры,1.5,кг,120,180.0
2025-08-28,7,Огурцы,1.8,кг,100,180.0
2025-08-28,7,Салат айсберг,0.9,кг,150,135.0
2025-08-28,7,Картофель,3.8,кг,40,152.0
2025-08-28,7,Сыр пармезан,0.4,кг,800,320.0
2025-08-28,7,Макароны,2.4,кг,80,192.0
2025-08-28,7,Рис,1.4,кг,90,126.0
2025-08-28,7,Мука,1.1,кг,50,55.0
2025-08-28,7,Сахар,0.6,кг,60,36.0
2025-08-28,7,Кофе в зернах,0.3,кг,800,240.0
2025-08-28,7,Соки,2.1,л,120,252.0
2025-08-28,7,Пиво,2.7,л,150,405.0
2025-08-28,9,Говядина,1.5,кг,500,750.0
2025-08-28,9,Свинина,1.1,кг,400,440.0
2025-08-28,9,Салат айсберг,1.1,кг,150,165.0
2025-08-28,9,Сыр твердый,0.9,кг,450,405.0
2025-08-28,9,Сыр пармезан,0.5,кг,800,400.0
2025-08-28,9,Сливки,1.5,л,200,300.0
2025-08-28,9,Молоко,2.8,л,70,196.0
2025-08-28,9,Макароны,1.7,кг,80,136.0
2025-08-28,9,Рис,1.5,кг,90,135.0
2025-08-28,9,Сахар,0.4,кг,60,24.0
2025-08-28,9,Кофе в зернах,0.2,кг,800,160.0
2025-08-28,9,Соки,1.9,л,120,228.0
2025-08-29,1,Куриное филе,2.7,кг,250,675.0
2025-08-29,1,Говядина,1.6,кг,500,800.0
2025-08-29,1,Свинина,1.2,кг,400,480.0
2025-08-29,1,Рыба (филе),0.9,кг,600,540.0
2025-08-29,1,Креветки,0.5,кг,800,400.0
2025-08-29,1,Помидоры,2.5,кг,120,300.0
2025-08-29,1,Огурцы,1.3,кг,100,130.0
2025-08-29,1,Салат айсберг,1.0,кг,150,150.0
2025-08-29,1,Молоко,2.3,л,70,161.0
2025-08-29,1,Макароны,2.1,кг,80,168.0
2025-08-29,1,Мука,1.0,кг,50,50.0
2025-08-29,1,Сахар,0.6,кг,60,36.0
2025-08-29,1,Кофе в зернах,0.2,кг,800,160.0
2025-08-29,1,Чай листовой,0.1,кг,500,50.0
2025-08-29,1,Соки,2.0,л,120,240.0
2025-08-29,2,Говядина,1.3,кг,500,650.0
2025-08-29,2,Рыба (филе),1.1,кг,600,660.0
2025-08-29,2,Креветки,0.5,кг,800,400.0
2025-08-29,2,Помидоры,1.8,кг,120,216.0
2025-08-29,2,Огурцы,1.7,кг,100,170.0
2025-08-29,2,Салат айсберг,1.1,кг,150,165.0
2025-08-29,2,Сливки,1.7,л,200,340.0
2025-08-29,2,Сахар,0.5,кг,60,30.0
2025-08-29,2,Кофе в зернах,0.3,кг,800,240.0
2025-08-29,2,Чай листовой,0.1,кг,500,50.0
2025-08-29,2,Пиво,2.2,л,150,330.0
2025-08-29,3,Куриное филе,2.5,кг,250,625.0
2025-08-29,3,Креветки,0.5,кг,800,400.0
2025-08-29,3,Огурцы,1.3,кг,100,130.0
2025-08-29,3,Картофель,4.1,кг,40,164.0
2025-08-29,3,Сыр твердый,0.9,кг,450,405.0
2025-08-29,3,Сыр пармезан,0.5,кг,800,400.0
2025-08-29,3,Молоко,3.1,л,70,217.0
2025-08-29,3,Макароны,1.8,кг,80,144.0
2025-08-29,3,Рис,1.5,кг,90,135.0
2025-08-29,3,Сахар,0.6,кг,60,36.0
2025-08-29,3,Кофе в зернах,0.2,кг,800,160.0
2025-08-29,3,Чай листовой,0.2,кг,500,100.0
2025-08-29,3,Соки,2.0,л,120,240.0
2025-08-29,3,Пиво,2.6,л,150,390.0
2025-08-29,6,Куриное филе,2.6,кг,250,650.0
2025-08-29,6,Говядина,1.6,кг,500,800.0
2025-08-29,6,Креветки,0.5,кг,800,400.0
2025-08-29,6,Помидоры,1.8,кг,120,216.0
2025-08-29,6,Огурцы,1.4,кг,100,140.0
2025-08-29,6,Картофель,4.4,кг,40,176.0
2025-08-29,6,Сыр твердый,1.1,кг,450,495.0
2025-08-29,6,Сыр пармезан,0.6,кг,800,480.0
2025-08-29,6,Сливки,1.3,л,200,260.0
2025-08-29,6,Молоко,2.3,л,70,161.0
2025-08-29,6,Макароны,2.4,кг,80,192.0
2025-08-29,6,Мука,1.1,кг,50,55.0
2025-08-29,6,Кофе в зернах,0.3,кг,800,240.0
2025-08-29,6,Чай листовой,0.2,кг,500,100.0
2025-08-29,6,Соки,2.0,л,120,240.0
2025-08-30,1,Говядина,1.7,кг,500,850.0
2025-08-30,1,Рыба (филе),0.9,кг,600,540.0
2025-08-30,1,Креветки,0.5,кг,800,400.0
2025-08-30,1,Помидоры,1.8,кг,120,216.0
2025-08-30,1,Огурцы,1.7,кг,100,170.0
2025-08-30,1,Салат айсберг,0.8,кг,150,120.0
2025-08-30,1,Картофель,4.1,кг,40,164.0
2025-08-30,1,Молоко,2.7,л,70,189.0
2025-08-30,1,Макароны,1.9,кг,80,152.0
2025-08-30,1,Рис,1.5,кг,90,135.0
2025-08-30,1,Мука,0.9,кг,50,45.0
2025-08-30,1,Сахар,0.6,кг,60,36.0
2025-08-30,1,Кофе в зернах,0.3,кг,800,240.0
2025-08-30,1,Чай листовой,0.2,кг,500,100.0
2025-08-30,1,Соки,1.8,л,120,216.0
2025-08-30,1,Пиво,3.0,л,150,450.0
2025-08-30,2,Куриное филе,2.4,кг,250,600.0
2025-08-30,2,Говядина,1.6,кг,500,800.0
2025-08-30,2,Свинина,1.1,кг,400,440.0
2025-08-30,2,Рыба (филе),1.1,кг,600,660.0
2025-08-30,2,Креветки,0.5,кг,800,400.0
2025-08-30,2,Помидоры,2.0,кг,120,240.0
2025-08-30,2,Огурцы,1.6,кг,100,160.0
2025-08-30,2,Салат айсберг,1.0,кг,150,150.0
2025-08-30,2,Картофель,4.1,кг,40,164.0
2025-08-30,2,Сыр твердый,1.1,кг,450,495.0
2025-08-30,2,Молоко,2.3,л,70,161.0
2025-08-30,2,Рис,1.6,кг,90,144.0
2025-08-30,2,Кофе в зернах,0.3,кг,800,240.0
2025-08-30,2,Чай листовой,0.2,кг,500,100.0
2025-08-30,2,Соки,2.1,л,120,252.0
2025-08-30,4,Куриное филе,2.3,кг,250,575.0
2025-08-30,4,Говядина,1.5,кг,500,750.0
2025-08-30,4,Рыба (филе),1.2,кг,600,720.0
2025-08-30,4,Креветки,0.5,кг,800,400.0
2025-08-30,4,Огурцы,1.3,кг,100,130.0
2025-08-30,4,Картофель,3.9,кг,40,156.0
2025-08-30,4,Сыр твердый,0.9,кг,450,405.0
2025-08-30,4,Сыр пармезан,0.4,кг,800,320.0
2025-08-30,4,Сливки,1.5,л,200,300.0
2025-08-30,4,Молоко,2.6,л,70,182.0
2025-08-30,4,Макароны,2.4,кг,80,192.0
2025-08-30,4,Рис,1.3,кг,90,117.0
2025-08-30,4,Сахар,0.5,кг,60,30.0
2025-08-30,4,Кофе в зернах,0.3,кг,800,240.0
2025-08-30,4,Чай листовой,0.1,кг,500,50.0
2025-08-30,4,Пиво,2.6,л,150,390.0
2025-08-30,8,Куриное филе,2.3,кг,250,575.0
2025-08-30,8,Говядина,1.4,кг,500,700.0
2025-08-30,8,Свинина,1.1,кг,400,440.0
2025-08-30,8,Рыба (филе),1.0,кг,600,600.0
2025-08-30,8,Креветки,0.5,кг,800,400.0
2025-08-30,8,Помидоры,1.9,кг,120,228.0
2025-08-30,8,Картофель,4.6,кг,40,184.0
2025-08-30,8,Сыр твердый,0.9,кг,450,405.0
2025-08-30,8,Сыр пармезан,0.6,кг,800,480.0
2025-08-30,8,Сливки,1.7,л,200,340.0
2025-08-30,8,Макароны,1.6,кг,80,128.0
2025-08-30,8,Рис,1.8,кг,90,162.0
2025-08-30,8,Мука,1.0,кг,50,50.0
2025-08-30,8,Сахар,0.6,кг,60,36.0
2025-08-30,8,Кофе в зернах,0.3,кг,800,240.0
2025-08-30,8,Чай листовой,0.1,кг,500,50.0
2025-08-30,8,Пиво,2.4,л,150,360.0
2025-08-31,2,Куриное филе,2.5,кг,250,625.0
2025-08-31,2,Говядина,1.5,кг,500,750.0
2025-08-31,2,Рыба (филе),1.0,кг,600,600.0
2025-08-31,2,Креветки,0.5,кг,800,400.0
2025-08-31,2,Помидоры,2.0,кг,120,240.0
2025-08-31,2,Огурцы,1.5,кг,100,150.0
2025-08-31,2,Салат айсберг,0.9,кг,150,135.0
2025-08-31,2,Сыр пармезан,0.5,кг,800,400.0
2025-08-31,2,Сливки,1.7,л,200,340.0
2025-08-31,2,Рис,1.3,кг,90,117.0
2025-08-31,2,Мука,1.0,кг,50,50.0
2025-08-31,2,Сахар,0.5,кг,60,30.0
2025-08-31,2,Пиво,2.4,л,150,360.0
2025-08-31,4,Куриное филе,3.1,кг,250,775.0
2025-08-31,4,Говядина,1.3,кг,500,650.0
2025-08-31,4,Свинина,0.9,кг,400,360.0
2025-08-31,4,Рыба (филе),0.8,кг,600,480.0
2025-08-31,4,Помидоры,1.8,кг,120,216.0
2025-08-31,4,Огурцы,1.5,кг,100,150.0
2025-08-31,4,Салат айсберг,1.2,кг,150,180.0
2025-08-31,4,Сыр твердый,1.2,кг,450,540.0
2025-08-31,4,Сыр пармезан,0.5,кг,800,400.0
2025-08-31,4,Макароны,2.2,кг,80,176.0
2025-08-31,4,Рис,1.7,кг,90,153.0
2025-08-31,4,Сахар,0.5,кг,60,30.0
2025-08-31,4,Соки,2.4,л,120,288.0
2025-08-31,10,Говядина,1.7,кг,500,850.0
2025-08-31,10,Креветки,0.5,кг,800,400.0
2025-08-31,10,Салат айсберг,0.9,кг,150,135.0
2025-08-31,10,Картофель,4.3,кг,40,172.0
2025-08-31,10,Сыр пармезан,0.5,кг,800,400.0
2025-08-31,10,Сливки,1.5,л,200,300.0
2025-08-31,10,Макароны,1.7,кг,80,136.0
2025-08-31,10,Мука,1.1,кг,50,55.0
2025-08-31,10,Сахар,0.5,кг,60,30.0
2025-08-31,10,Кофе в зернах,0.2,кг,800,160.0
2025-08-31,10,Чай листовой,0.1,кг,500,50.0
2025-08-31,10,Соки,2.4,л,120,288.0
2025-08-31,10,Пиво,2.2,л,150,330.0
2025-09-01,1,Куриное филе,2.6,кг,250,650.0
2025-09-01,1,Свинина,1.1,кг,400,440.0
2025-09-01,1,Рыба (филе),1.1,кг,600,660.0
2025-09-01,1,Креветки,0.6,кг,800,480.0
2025-09-01,1,Помидоры,1.9,кг,120,228.0
2025-09-01,1,Салат айсберг,1.0,кг,150,150.0
2025-09-01,1,Картофель,4.2,кг,40,168.0
2025-09-01,1,Сыр твердый,0.9,кг,450,405.0
2025-09-01,1,Сыр пармезан,0.6,кг,800,480.0
2025-09-01,1,Сливки,1.7,л,200,340.0
2025-09-01,1,Чай листовой,0.2,кг,500,100.0
2025-09-01,1,Соки,2.3,л,120,276.0
2025-09-01,1,Пиво,2.3,л,150,345.0
2025-09-01,3,Говядина,1.6,кг,500,800.0
2025-09-01,3,Рыба (филе),1.0,кг,600,600.0
2025-09-01,3,Помидоры,2.0,кг,120,240.0
2025-09-01,3,Огурцы,1.8,кг,100,180.0
2025-09-01,3,Салат айсберг,1.1,кг,150,165.0
2025-09-01,3,Сыр пармезан,0.5,кг,800,400.0
2025-09-01,3,Сливки,1.4,л,200,280.0
2025-09-01,3,Молоко,2.5,л,70,175.0
2025-09-01,3,Макароны,1.8,кг,80,144.0
2025-09-01,3,Мука,1.2,кг,50,60.0
2025-09-01,3,Сахар,0.6,кг,60,36.0
2025-09-01,3,Кофе в зернах,0.3,кг,800,240.0
2025-09-01,3,Чай листовой,0.1,кг,500,50.0
2025-09-01,3,Соки,1.9,л,120,228.0
2025-09-01,3,Пиво,2.6,л,150,390.0
2025-09-01,4,Куриное филе,2.3,кг,250,575.0
2025-09-01,4,Рыба (филе),1.1,кг,600,660.0
2025-09-01,4,Креветки,0.5,кг,800,400.0
2025-09-01,4,Огурцы,1.8,кг,100,180.0
2025-09-01,4,Салат айсберг,1.1,кг,150,165.0
2025-09-01,4,Картофель,4.5,кг,40,180.0
2025-09-01,4,Сыр пармезан,0.6,кг,800,480.0
2025-09-01,4,Рис,1.4,кг,90,126.0
2025-09-01,4,Сахар,0.5,кг,60,30.0
2025-09-01,4,Кофе в зернах,0.3,кг,800,240.0
2025-09-01,4,Чай листовой,0.2,кг,500,100.0
2025-09-01,4,Соки,2.1,л,120,252.0
2025-09-01,5,Куриное филе,2.4,кг,250,600.0
2025-09-01,5,Говядина,1.4,кг,500,700.0
2025-09-01,5,Свинина,1.1,кг,400,440.0
2025-09-01,5,Рыба (филе),1.0,кг,600,600.0
2025-09-01,5,Помидоры,1.9,кг,120,228.0
2025-09-01,5,Огурцы,1.6,кг,100,160.0
2025-09-01,5,Салат айсберг,1.2,кг,150,180.0
2025-09-01,5,Сыр пармезан,0.6,кг,800,480.0
2025-09-01,5,Сахар,0.5,кг,60,30.0
2025-09-01,5,Кофе в зернах,0.2,кг,800,160.0
2025-09-01,5,Соки,2.5,л,120,300.0
2025-09-01,5,Пиво,2.2,л,150,330.0
2025-09-01,8,Говядина,1.4,кг,500,700.0
2025-09-01,8,Рыба (филе),1.1,кг,600,660.0
2025-09-01,8,Креветки,0.5,кг,800,400.0
2025-09-01,8,Салат айсберг,1.1,кг,150,165.0
2025-09-01,8,Картофель,3.3,кг,40,132.0
2025-09-01,8,Сливки,1.6,л,200,320.0
2025-09-01,8,Молоко,2.6,л,70,182.0
2025-09-01,8,Макароны,1.9,кг,80,152.0
2025-09-01,8,Мука,0.9,кг,50,45.0
2025-09-01,8,Кофе в зернах,0.2,кг,800,160.0
2025-09-01,8,Чай листовой,0.2,кг,500,100.0
2025-09-01,8,Соки,2.4,л,120,288.0
2025-09-01,8,Пиво,2.6,л,150,390.0
2025-09-01,10,Куриное филе,2.4,кг,250,600.0
2025-09-01,10,Говядина,1.6,кг,500,800.0
2025-09-01,10,Рыба (филе),1.2,кг,600,720.0
2025-09-01,10,Креветки,0.5,кг,800,400.0
2025-09-01,10,Помидоры,2.0,кг,120,240.0
2025-09-01,10,Огурцы,1.5,кг,100,150.0
2025-09-01,10,Картофель,5.0,кг,40,200.0
2025-09-01,10,Сыр твердый,1.1,кг,450,495.0
2025-09-01,10,Сыр пармезан,0.5,кг,800,400.0
2025-09-01,10,Мука,0.9,кг,50,45.0
2025-09-01,10,Чай листовой,0.2,кг,500,100.0
2025-09-01,10,Пиво,2.8,л,150,420.0
2025-09-02,2,Куриное филе,2.5,кг,250,625.0
2025-09-02,2,Говядина,1.4,кг,500,700.0
2025-09-02,2,Свинина,1.0,кг,400,400.0
2025-09-02,2,Рыба (филе),0.9,кг,600,540.0
2025-09-02,2,Креветки,0.5,кг,800,400.0
2025-09-02,2,Огурцы,1.5,кг,100,150.0
2025-09-02,2,Картофель,3.4,кг,40,136.0
2025-09-02,2,Сыр твердый,0.9,кг,450,405.0
2025-09-02,2,Сыр пармезан,0.6,кг,800,480.0
2025-09-02,2,Сливки,1.4,л,200,280.0
2025-09-02,2,Молоко,2.5,л,70,175.0
2025-09-02,2,Мука,0.9,кг,50,45.0
2025-09-02,2,Кофе в зернах,0.2,кг,800,160.0
2025-09-02,4,Куриное филе,2.4,кг,250,600.0
2025-09-02,4,Говядина,1.3,кг,500,650.0
2025-09-02,4,Свинина,0.9,кг,400,360.0
2025-09-02,4,Креветки,0.5,кг,800,400.0
2025-09-02,4,Помидоры,2.1,кг,120,252.0
2025-09-02,4,Салат айсберг,1.1,кг,150,165.0
2025-09-02,4,Сыр твердый,1.0,кг,450,450.0
2025-09-02,4,Сыр пармезан,0.5,кг,800,400.0
2025-09-02,4,Сливки,1.3,л,200,260.0
2025-09-02,4,Молоко,2.4,л,70,168.0
2025-09-02,4,Рис,1.6,кг,90,144.0
2025-09-02,4,Сахар,0.5,кг,60,30.0
2025-09-02,4,Кофе в зернах,0.3,кг,800,240.0
2025-09-02,4,Чай листовой,0.2,кг,500,100.0
2025-09-02,4,Пиво,3.0,л,150,450.0
2025-09-02,9,Куриное филе,2.2,кг,250,550.0
2025-09-02,9,Свинина,1.0,кг,400,400.0
2025-09-02,9,Рыба (филе),0.9,кг,600,540.0
2025-09-02,9,Помидоры,2.4,кг,120,288.0
2025-09-02,9,Огурцы,1.5,кг,100,150.0
2025-09-02,9,Салат айсберг,1.1,кг,150,165.0
2025-09-02,9,Картофель,3.7,кг,40,148.0
2025-09-02,9,Сыр твердый,0.8,кг,450,360.0
2025-09-02,9,Сливки,1.6,л,200,320.0
2025-09-02,9,Мука,1.0,кг,50,50.0
2025-09-02,9,Чай листовой,0.1,кг,500,50.0
2025-09-02,9,Соки,2.1,л,120,252.0
2025-09-02,9,Пиво,2.9,л,150,435.0
2025-09-03,1,Куриное филе,2.7,кг,250,675.0
2025-09-03,1,Говядина,1.4,кг,500,700.0
2025-09-03,1,Рыба (филе),1.2,кг,600,720.0
2025-09-03,1,Помидоры,2.0,кг,120,240.0
2025-09-03,1,Салат айсберг,1.0,кг,150,150.0
2025-09-03,1,Картофель,3.4,кг,40,136.0
2025-09-03,1,Сыр твердый,1.0,кг,450,450.0
2025-09-03,1,Сыр пармезан,0.5,кг,800,400.0
2025-09-03,1,Сливки,1.7,л,200,340.0
2025-09-03,1,Молоко,2.8,л,70,196.0
2025-09-03,1,Рис,1.5,кг,90,135.0
2025-09-03,1,Кофе в зернах,0.2,кг,800,160.0
2025-09-03,1,Чай листовой,0.1,кг,500,50.0
2025-09-03,1,Соки,2.0,л,120,240.0
2025-09-03,1,Пиво,2.9,л,150,435.0
2025-09-03,3,Куриное филе,2.6,кг,250,650.0
2025-09-03,3,Говядина,1.7,кг,500,850.0
2025-09-03,3,Помидоры,2.4,кг,120,288.0
2025-09-03,3,Огурцы,1.6,кг,100,160.0
2025-09-03,3,Салат айсберг,1.0,кг,150,150.0
2025-09-03,3,Картофель,3.4,кг,40,136.0
2025-09-03,3,Сыр твердый,1.0,кг,450,450.0
2025-09-03,3,Сыр пармезан,0.4,кг,800,320.0
2025-09-03,3,Молоко,2.8,л,70,196.0
2025-09-03,3,Рис,1.8,кг,90,162.0
2025-09-03,3,Мука,0.9,кг,50,45.0
2025-09-03,3,Сахар,0.4,кг,60,24.0
2025-09-03,3,Кофе в зернах,0.3,кг,800,240.0
2025-09-03,3,Чай листовой,0.1,кг,500,50.0
2025-09-03,3,Соки,2.1,л,120,252.0
2025-09-03,3,Пиво,2.8,л,150,420.0
2025-09-03,4,Куриное филе,2.5,кг,250,625.0
2025-09-03,4,Говядина,1.6,кг,500,800.0
2025-09-03,4,Рыба (филе),1.1,кг,600,660.0
2025-09-03,4,Креветки,0.6,кг,800,480.0
2025-09-03,4,Помидоры,1.6,кг,120,192.0
2025-09-03,4,Салат айсберг,0.8,кг,150,120.0
2025-09-03,4,Картофель,4.2,кг,40,168.0
2025-09-03,4,Сыр твердый,0.9,кг,450,405.0
2025-09-03,4,Сыр пармезан,0.5,кг,800,400.0
2025-09-03,4,Сливки,1.6,л,200,320.0
2025-09-03,4,Молоко,2.8,л,70,196.0
2025-09-03,4,Рис,1.6,кг,90,144.0
2025-09-03,4,Мука,1.1,кг,50,55.0
2025-09-03,4,Сахар,0.5,кг,60,30.0
2025-09-03,4,Пиво,2.6,л,150,390.0
2025-09-03,9,Куриное филе,2.5,кг,250,625.0
2025-09-03,9,Говядина,1.5,кг,500,750.0
2025-09-03,9,Свинина,1.1,кг,400,440.0
2025-09-03,9,Рыба (филе),0.9,кг,600,540.0
2025-09-03,9,Помидоры,1.8,кг,120,216.0
2025-09-03,9,Салат айсберг,1.0,кг,150,150.0
2025-09-03,9,Картофель,3.5,кг,40,140.0
2025-09-03,9,Сыр твердый,0.9,кг,450,405.0
2025-09-03,9,Сливки,1.5,л,200,300.0
2025-09-03,9,Молоко,2.3,л,70,161.0
2025-09-03,9,Сахар,0.4,кг,60,24.0
2025-09-03,9,Кофе в зернах,0.3,кг,800,240.0
2025-09-03,9,Соки,1.9,л,120,228.0
2025-09-03,9,Пиво,2.7,л,150,405.0
2025-09-04,1,Куриное филе,2.4,кг,250,600.0
2025-09-04,1,Говядина,1.6,кг,500,800.0
2025-09-04,1,Свинина,1.2,кг,400,480.0
2025-09-04,1,Рыба (филе),1.0,кг,600,600.0
2025-09-04,1,Креветки,0.6,кг,800,480.0
2025-09-04,1,Помидоры,1.8,кг,120,216.0
2025-09-04,1,Салат айсберг,1.0,кг,150,150.0
2025-09-04,1,Сыр пармезан,0.5,кг,800,400.0
2025-09-04,1,Молоко,2.5,л,70,175.0
2025-09-04,1,Макароны,1.6,кг,80,128.0
2025-09-04,1,Мука,1.1,кг,50,55.0
2025-09-04,1,Кофе в зернах,0.3,кг,800,240.0
2025-09-04,1,Чай листовой,0.2,кг,500,100.0
2025-09-04,1,Соки,1.9,л,120,228.0
2025-09-04,1,Пиво,2.3,л,150,345.0
2025-09-04,5,Куриное филе,2.7,кг,250,675.0
2025-09-04,5,Свинина,1.0,кг,400,400.0
2025-09-04,5,Рыба (филе),0.8,кг,600,480.0
2025-09-04,5,Огурцы,1.7,кг,100,170.0
2025-09-04,5,Салат айсберг,0.9,кг,150,135.0
2025-09-04,5,Картофель,4.4,кг,40,176.0
2025-09-04,5,Сыр твердый,0.8,кг,450,360.0
2025-09-04,5,Сыр пармезан,0.5,кг,800,400.0
2025-09-04,5,Сливки,1.5,л,200,300.0
2025-09-04,5,Молоко,2.9,л,70,203.0
2025-09-04,5,Мука,1.1,кг,50,55.0
2025-09-04,5,Сахар,0.5,кг,60,30.0
2025-09-04,5,Кофе в зернах,0.3,кг,800,240.0
2025-09-04,5,Чай листовой,0.2,кг,500,100.0
2025-09-04,5,Соки,2.1,л,120,252.0
2025-09-04,5,Пиво,2.4,л,150,360.0
2025-09-04,6,Говядина,1.6,кг,500,800.0
2025-09-04,6,Свинина,0.9,кг,400,360.0
2025-09-04,6,Рыба (филе),1.0,кг,600,600.0
2025-09-04,6,Креветки,0.5,кг,800,400.0
2025-09-04,6,Огурцы,1.4,кг,100,140.0
2025-09-04,6,Салат айсберг,1.1,кг,150,165.0
2025-09-04,6,Картофель,3.6,кг,40,144.0
2025-09-04,6,Сыр твердый,0.9,кг,450,405.0
2025-09-04,6,Сыр пармезан,0.4,кг,800,320.0
2025-09-04,6,Молоко,2.2,л,70,154.0
2025-09-04,6,Макароны,2.0,кг,80,160.0
2025-09-04,6,Рис,1.3,кг,90,117.0
2025-09-04,6,Мука,1.1,кг,50,55.0
2025-09-04,6,Сахар,0.6,кг,60,36.0
2025-09-04,6,Кофе в зернах,0.3,кг,800,240.0
2025-09-04,6,Чай листовой,0.1,кг,500,50.0
2025-09-04,6,Соки,2.1,л,120,252.0
2025-09-04,6,Пиво,2.0,л,150,300.0
2025-09-04,7,Говядина,1.2,кг,500,600.0
2025-09-04,7,Свинина,1.2,кг,400,480.0
2025-09-04,7,Рыба (филе),1.0,кг,600,600.0
2025-09-04,7,Огурцы,1.4,кг,100,140.0
2025-09-04,7,Салат айсберг,1.0,кг,150,150.0
2025-09-04,7,Картофель,3.8,кг,40,152.0
2025-09-04,7,Сыр твердый,0.8,кг,450,360.0
2025-09-04,7,Сыр пармезан,0.5,кг,800,400.0
2025-09-04,7,Молоко,2.6,л,70,182.0
2025-09-04,7,Рис,1.3,кг,90,117.0
2025-09-04,7,Мука,1.1,кг,50,55.0
2025-09-04,7,Сахар,0.5,кг,60,30.0
2025-09-04,7,Кофе в зернах,0.3,кг,800,240.0
2025-09-04,7,Чай листовой,0.2,кг,500,100.0
2025-09-04,7,Пиво,2.5,л,150,375.0
2025-09-04,8,Свинина,1.0,кг,400,400.0
2025-09-04,8,Рыба (филе),1.1,кг,600,660.0
2025-09-04,8,Креветки,0.4,кг,800,320.0
2025-09-04,8,Помидоры,2.1,кг,120,252.0
2025-09-04,8,Салат айсберг,1.0,кг,150,150.0
2025-09-04,8,Картофель,4.5,кг,40,180.0
2025-09-04,8,Сыр твердый,1.2,кг,450,540.0
2025-09-04,8,Сыр пармезан,0.5,кг,800,400.0
2025-09-04,8,Молоко,2.5,л,70,175.0
2025-09-04,8,Макароны,2.5,кг,80,200.0
2025-09-04,8,Рис,1.3,кг,90,117.0
2025-09-04,8,Мука,1.1,кг,50,55.0
2025-09-04,8,Сахар,0.5,кг,60,30.0
2025-09-04,8,Кофе в зернах,0.3,кг,800,240.0
2025-09-04,8,Соки,2.0,л,120,240.0
2025-09-04,8,Пиво,2.5,л,150,375.0
2025-09-05,9,Куриное филе,2.2,кг,250,550.0
2025-09-05,9,Говядина,1.4,кг,500,700.0
2025-09-05,9,Свинина,1.0,кг,400,400.0
2025-09-05,9,Креветки,0.5,кг,800,400.0
2025-09-05,9,Помидоры,1.9,кг,120,228.0
2025-09-05,9,Огурцы,1.5,кг,100,150.0
2025-09-05,9,Салат айсберг,1.1,кг,150,165.0
2025-09-05,9,Сыр твердый,1.1,кг,450,495.0
2025-09-05,9,Сыр пармезан,0.5,кг,800,400.0
2025-09-05,9,Сливки,1.3,л,200,260.0
2025-09-05,9,Макароны,1.7,кг,80,136.0
2025-09-05,9,Рис,1.1,кг,90,99.0
2025-09-05,9,Мука,0.9,кг,50,45.0
2025-09-05,9,Сахар,0.5,кг,60,30.0
2025-09-05,9,Кофе в зернах,0.2,кг,800,160.0
2025-09-05,9,Чай листовой,0.2,кг,500,100.0
2025-09-05,9,Соки,1.9,л,120,228.0
2025-09-05,9,Пиво,2.1,л,150,315.0
2025-09-05,10,Говядина,1.4,кг,500,700.0
2025-09-05,10,Рыба (филе),1.1,кг,600,660.0
2025-09-05,10,Креветки,0.5,кг,800,400.0
2025-09-05,10,Помидоры,2.5,кг,120,300.0
2025-09-05,10,Огурцы,1.6,кг,100,160.0
2025-09-05,10,Салат айсберг,1.0,кг,150,150.0
2025-09-05,10,Картофель,4.4,кг,40,176.0
2025-09-05,10,Сыр твердый,0.9,кг,450,405.0
2025-09-05,10,Сыр пармезан,0.5,кг,800,400.0
2025-09-05,10,Сливки,1.7,л,200,340.0
2025-09-05,10,Макароны,1.6,кг,80,128.0
2025-09-05,10,Рис,1.6,кг,90,144.0
2025-09-05,10,Мука,0.9,кг,50,45.0
2025-09-05,10,Сахар,0.5,кг,60,30.0
2025-09-05,10,Чай листовой,0.2,кг,500,100.0
2025-09-05,10,Пиво,2.7,л,150,405.0
2025-09-06,1,Куриное филе,2.4,кг,250,600.0
2025-09-06,1,Рыба (филе),1.0,кг,600,600.0
2025-09-06,1,Креветки,0.5,кг,800,400.0
2025-09-06,1,Огурцы,1.3,кг,100,130.0
2025-09-06,1,Салат айсберг,1.1,кг,150,165.0
2025-09-06,1,Сыр твердый,0.9,кг,450,405.0
2025-09-06,1,Сыр пармезан,0.5,кг,800,400.0
2025-09-06,1,Сливки,1.6,л,200,320.0
2025-09-06,1,Молоко,2.7,л,70,189.0
2025-09-06,1,Рис,1.5,кг,90,135.0
2025-09-06,1,Сахар,0.5,кг,60,30.0
2025-09-06,1,Соки,1.9,л,120,228.0
2025-09-06,1,Пиво,2.2,л,150,330.0
2025-09-06,2,Куриное филе,2.4,кг,250,600.0
2025-09-06,2,Говядина,1.7,кг,500,850.0
2025-09-06,2,Свинина,1.0,кг,400,400.0
2025-09-06,2,Рыба (филе),1.0,кг,600,600.0
2025-09-06,2,Креветки,0.5,кг,800,400.0
2025-09-06,2,Помидоры,2.2,кг,120,264.0
2025-09-06,2,Огурцы,1.4,кг,100,140.0
2025-09-06,2,Картофель,4.1,кг,40,164.0
2025-09-06,2,Сыр твердый,0.9,кг,450,405.0
2025-09-06,2,Сливки,1.5,л,200,300.0
2025-09-06,2,Молоко,2.0,л,70,140.0
2025-09-06,2,Макароны,1.9,кг,80,152.0
2025-09-06,2,Сахар,0.4,кг,60,24.0
2025-09-06,2,Кофе в зернах,0.2,кг,800,160.0
2025-09-06,2,Пиво,3.1,л,150,465.0
2025-09-06,3,Куриное филе,2.1,кг,250,525.0
2025-09-06,3,Креветки,0.5,кг,800,400.0
2025-09-06,3,Помидоры,2.1,кг,120,252.0
2025-09-06,3,Огурцы,1.6,кг,100,160.0
2025-09-06,3,Салат айсберг,1.1,кг,150,165.0
2025-09-06,3,Мука,0.9,кг,50,45.0
2025-09-06,3,Кофе в зернах,0.2,кг,800,160.0
2025-09-06,3,Чай листовой,0.2,кг,500,100.0
2025-09-06,3,Соки,2.4,л,120,288.0
2025-09-06,3,Пиво,2.9,л,150,435.0
2025-09-06,5,Говядина,1.6,кг,500,800.0
2025-09-06,5,Свинина,1.0,кг,400,400.0
2025-09-06,5,Креветки,0.6,кг,800,480.0
2025-09-06,5,Салат айсберг,0.8,кг,150,120.0
2025-09-06,5,Картофель,4.6,кг,40,184.0
2025-09-06,5,Сыр твердый,0.9,кг,450,405.0
2025-09-06,5,Молоко,2.4,л,70,168.0
2025-09-06,5,Макароны,1.7,кг,80,136.0
2025-09-06,5,Мука,1.0,кг,50,50.0
2025-09-06,5,Кофе в зернах,0.3,кг,800,240.0
2025-09-06,5,Чай листовой,0.2,кг,500,100.0
2025-09-06,5,Соки,1.9,л,120,228.0
2025-09-06,5,Пиво,2.1,л,150,315.0
2025-09-06,7,Куриное филе,2.4,кг,250,600.0
2025-09-06,7,Говядина,1.8,кг,500,900.0
2025-09-06,7,Рыба (филе),1.0,кг,600,600.0
2025-09-06,7,Креветки,0.5,кг,800,400.0
2025-09-06,7,Помидоры,2.0,кг,120,240.0
2025-09-06,7,Огурцы,1.3,кг,100,130.0
2025-09-06,7,Картофель,3.7,кг,40,148.0
2025-09-06,7,Сыр твердый,0.8,кг,450,360.0
2025-09-06,7,Сливки,1.8,л,200,360.0
2025-09-06,7,Молоко,2.5,л,70,175.0
2025-09-06,7,Макароны,1.9,кг,80,152.0
2025-09-06,7,Рис,1.8,кг,90,162.0
2025-09-06,7,Сахар,0.4,кг,60,24.0
2025-09-06,7,Кофе в зернах,0.2,кг,800,160.0
2025-09-06,7,Чай листовой,0.2,кг,500,100.0
2025-09-06,7,Пиво,2.2,л,150,330.0
2025-09-06,8,Куриное филе,2.6,кг,250,650.0
2025-09-06,8,Говядина,1.7,кг,500,850.0
2025-09-06,8,Свинина,1.0,кг,400,400.0
2025-09-06,8,Рыба (филе),1.1,кг,600,660.0
2025-09-06,8,Помидоры,2.4,кг,120,288.0
2025-09-06,8,Сыр пармезан,0.5,кг,800,400.0
2025-09-06,8,Сливки,1.4,л,200,280.0
2025-09-06,8,Молоко,2.9,л,70,203.0
2025-09-06,8,Рис,1.5,кг,90,135.0
2025-09-06,8,Мука,0.8,кг,50,40.0
2025-09-06,8,Сахар,0.6,кг,60,36.0
2025-09-06,8,Кофе в зернах,0.3,кг,800,240.0
2025-09-06,8,Чай листовой,0.1,кг,500,50.0
2025-09-06,8,Пиво,2.2,л,150,330.0
2025-09-07,1,Говядина,1.3,кг,500,650.0
2025-09-07,1,Рыба (филе),1.2,кг,600,720.0
2025-09-07,1,Креветки,0.4,кг,800,320.0
2025-09-07,1,Сыр твердый,0.8,кг,450,360.0
2025-09-07,1,Сыр пармезан,0.6,кг,800,480.0
2025-09-07,1,Сливки,1.4,л,200,280.0
2025-09-07,1,Макароны,2.2,кг,80,176.0
2025-09-07,1,Рис,1.4,кг,90,126.0
2025-09-07,1,Мука,1.2,кг,50,60.0
2025-09-07,1,Сахар,0.4,кг,60,24.0
2025-09-07,1,Кофе в зернах,0.2,кг,800,160.0
2025-09-07,1,Чай листовой,0.1,кг,500,50.0
2025-09-07,1,Соки,2.1,л,120,252.0
2025-09-07,9,Куриное филе,3.0,кг,250,750.0
2025-09-07,9,Говядина,1.3,кг,500,650.0
2025-09-07,9,Помидоры,2.1,кг,120,252.0
2025-09-07,9,Огурцы,1.4,кг,100,140.0
2025-09-07,9,Салат айсберг,1.1,кг,150,165.0
2025-09-07,9,Картофель,4.1,кг,40,164.0
2025-09-07,9,Сыр твердый,0.8,кг,450,360.0
2025-09-07,9,Макароны,2.1,кг,80,168.0
2025-09-07,9,Рис,1.6,кг,90,144.0
2025-09-07,9,Мука,0.9,кг,50,45.0
2025-09-07,9,Сахар,0.5,кг,60,30.0
2025-09-07,9,Соки,1.8,л,120,216.0
2025-09-08,3,Куриное филе,2.6,кг,250,650.0
2025-09-08,3,Говядина,1.4,кг,500,700.0
2025-09-08,3,Свинина,1.0,кг,400,400.0
2025-09-08,3,Рыба (филе),0.9,кг,600,540.0
2025-09-08,3,Креветки,0.6,кг,800,480.0
2025-09-08,3,Помидоры,1.6,кг,120,192.0
2025-09-08,3,Огурцы,1.8,кг,100,180.0
2025-09-08,3,Картофель,3.3,кг,40,132.0
2025-09-08,3,Сыр твердый,1.3,кг,450,585.0
2025-09-08,3,Сыр пармезан,0.6,кг,800,480.0
2025-09-08,3,Сливки,1.6,л,200,320.0
2025-09-08,3,Молоко,2.3,л,70,161.0
2025-09-08,3,Макароны,2.3,кг,80,184.0
2025-09-08,3,Мука,1.1,кг,50,55.0
2025-09-08,3,Чай листовой,0.1,кг,500,50.0
2025-09-08,3,Соки,2.1,л,120,252.0
2025-09-08,3,Пиво,2.6,л,150,390.0
2025-09-08,5,Куриное филе,2.3,кг,250,575.0
2025-09-08,5,Говядина,1.6,кг,500,800.0
2025-09-08,5,Свинина,1.2,кг,400,480.0
2025-09-08,5,Рыба (филе),1.0,кг,600,600.0
2025-09-08,5,Картофель,5.0,кг,40,200.0
2025-09-08,5,Сыр твердый,1.0,кг,450,450.0
2025-09-08,5,Сыр пармезан,0.4,кг,800,320.0
2025-09-08,5,Сливки,1.5,л,200,300.0
2025-09-08,5,Макароны,1.8,кг,80,144.0
2025-09-08,5,Рис,1.8,кг,90,162.0
2025-09-08,5,Сахар,0.5,кг,60,30.0
2025-09-08,5,Кофе в зернах,0.3,кг,800,240.0
2025-09-08,5,Соки,1.8,л,120,216.0
2025-09-08,5,Пиво,3.0,л,150,450.0
2025-09-08,7,Свинина,0.8,кг,400,320.0
2025-09-08,7,Рыба (филе),1.1,кг,600,660.0
2025-09-08,7,Креветки,0.5,кг,800,400.0
2025-09-08,7,Огурцы,1.3,кг,100,130.0
2025-09-08,7,Картофель,4.1,кг,40,164.0
2025-09-08,7,Сыр твердый,0.8,кг,450,360.0
2025-09-08,7,Сливки,1.4,л,200,280.0
2025-09-08,7,Молоко,2.2,л,70,154.0
2025-09-08,7,Макароны,2.2,кг,80,176.0
2025-09-08,7,Кофе в зернах,0.3,кг,800,240.0
2025-09-08,7,Чай листовой,0.1,кг,500,50.0
2025-09-08,7,Пиво,3.1,л,150,465.0
2025-09-08,9,Куриное филе,2.7,кг,250,675.0
2025-09-08,9,Говядина,1.9,кг,500,950.0
2025-09-08,9,Свинина,1.1,кг,400,440.0
2025-09-08,9,Креветки,0.4,кг,800,320.0
2025-09-08,9,Помидоры,1.8,кг,120,216.0
2025-09-08,9,Огурцы,1.3,кг,100,130.0
2025-09-08,9,Картофель,3.9,кг,40,156.0
2025-09-08,9,Сыр твердый,0.8,кг,450,360.0
2025-09-08,9,Сливки,1.6,л,200,320.0
2025-09-08,9,Макароны,2.0,кг,80,160.0
2025-09-08,9,Мука,0.9,кг,50,45.0
2025-09-08,9,Соки,1.9,л,120,228.0
2025-09-08,9,Пиво,2.1,л,150,315.0
2025-09-08,10,Свинина,0.8,кг,400,320.0
2025-09-08,10,Рыба (филе),1.3,кг,600,780.0
2025-09-08,10,Помидоры,2.3,кг,120,276.0
2025-09-08,10,Огурцы,1.6,кг,100,160.0
2025-09-08,10,Салат айсберг,0.8,кг,150,120.0
2025-09-08,10,Картофель,3.8,кг,40,152.0
2025-09-08,10,Сыр твердый,1.0,кг,450,450.0
2025-09-08,10,Сливки,1.3,л,200,260.0
2025-09-08,10,Макароны,2.0,кг,80,160.0
2025-09-08,10,Кофе в зернах,0.2,кг,800,160.0
2025-09-08,10,Чай листовой,0.2,кг,500,100.0
2025-09-08,10,Соки,1.8,л,120,216.0
2025-09-09,1,Куриное филе,2.7,кг,250,675.0
2025-09-09,1,Говядина,1.5,кг,500,750.0
2025-09-09,1,Свинина,1.0,кг,400,400.0
2025-09-09,1,Рыба (филе),0.8,кг,600,480.0
2025-09-09,1,Креветки,0.5,кг,800,400.0
2025-09-09,1,Помидоры,1.7,кг,120,204.0
2025-09-09,1,Огурцы,1.4,кг,100,140.0
2025-09-09,1,Салат айсберг,1.0,кг,150,150.0
2025-09-09,1,Сыр твердый,0.9,кг,450,405.0
2025-09-09,1,Сливки,1.7,л,200,340.0
2025-09-09,1,Молоко,2.9,л,70,203.0
2025-09-09,1,Рис,1.5,кг,90,135.0
2025-09-09,1,Сахар,0.5,кг,60,30.0
2025-09-09,1,Кофе в зернах,0.3,кг,800,240.0
2025-09-09,1,Пиво,2.3,л,150,345.0
2025-09-09,4,Куриное филе,2.5,кг,250,625.0
2025-09-09,4,Говядина,1.4,кг,500,700.0
2025-09-09,4,Свинина,0.9,кг,400,360.0
2025-09-09,4,Рыба (филе),0.9,кг,600,540.0
2025-09-09,4,Помидоры,2.3,кг,120,276.0
2025-09-09,4,Салат айсберг,0.8,кг,150,120.0
2025-09-09,4,Картофель,4.9,кг,40,196.0
2025-09-09,4,Сыр твердый,0.9,кг,450,405.0
2025-09-09,4,Сыр пармезан,0.5,кг,800,400.0
2025-09-09,4,Молоко,2.5,л,70,175.0
2025-09-09,4,Макароны,2.4,кг,80,192.0
2025-09-09,4,Рис,1.3,кг,90,117.0
2025-09-09,4,Мука,1.3,кг,50,65.0
2025-09-09,4,Сахар,0.5,кг,60,30.0
2025-09-09,4,Кофе в зернах,0.2,кг,800,160.0
2025-09-09,4,Чай листовой,0.2,кг,500,100.0
2025-09-09,4,Соки,1.7,л,120,204.0
2025-09-09,6,Куриное филе,2.3,кг,250,575.0
2025-09-09,6,Говядина,1.3,кг,500,650.0
2025-09-09,6,Свинина,0.8,кг,400,320.0
2025-09-09,6,Рыба (филе),1.3,кг,600,780.0
2025-09-09,6,Огурцы,1.6,кг,100,160.0
2025-09-09,6,Салат айсберг,1.0,кг,150,150.0
2025-09-09,6,Картофель,4.3,кг,40,172.0
2025-09-09,6,Сыр твердый,1.1,кг,450,495.0
2025-09-09,6,Сыр пармезан,0.4,кг,800,320.0
2025-09-09,6,Сливки,1.4,л,200,280.0
2025-09-09,6,Молоко,2.3,л,70,161.0
2025-09-09,6,Макароны,1.8,кг,80,144.0
2025-09-09,6,Рис,1.8,кг,90,162.0
2025-09-09,6,Мука,1.0,кг,50,50.0
2025-09-09,6,Сахар,0.5,кг,60,30.0
2025-09-09,6,Чай листовой,0.1,кг,500,50.0
2025-09-09,6,Пиво,2.6,л,150,390.0
2025-09-10,3,Свинина,1.1,кг,400,440.0
2025-09-10,3,Рыба (филе),1.1,кг,600,660.0
2025-09-10,3,Креветки,0.5,кг,800,400.0
2025-09-10,3,Помидоры,2.1,кг,120,252.0
2025-09-10,3,Огурцы,1.6,кг,100,160.0
2025-09-10,3,Салат айсберг,0.9,кг,150,135.0
2025-09-10,3,Сыр твердый,0.8,кг,450,360.0
2025-09-10,3,Сыр пармезан,0.4,кг,800,320.0
2025-09-10,3,Сливки,1.5,л,200,300.0
2025-09-10,3,Молоко,3.1,л,70,217.0
2025-09-10,3,Макароны,2.1,кг,80,168.0
2025-09-10,3,Рис,1.5,кг,90,135.0
2025-09-10,3,Сахар,0.5,кг,60,30.0
2025-09-10,3,Кофе в зернах,0.3,кг,800,240.0
2025-09-10,3,Чай листовой,0.2,кг,500,100.0
2025-09-10,3,Соки,2.3,л,120,276.0
2025-09-10,3,Пиво,2.4,л,150,360.0
2025-09-10,4,Куриное филе,2.7,кг,250,675.0
2025-09-10,4,Говядина,1.3,кг,500,650.0
2025-09-10,4,Свинина,0.9,кг,400,360.0
2025-09-10,4,Креветки,0.6,кг,800,480.0
2025-09-10,4,Помидоры,2.3,кг,120,276.0
2025-09-10,4,Салат айсберг,1.0,кг,150,150.0
2025-09-10,4,Картофель,3.9,кг,40,156.0
2025-09-10,4,Сыр твердый,0.9,кг,450,405.0
2025-09-10,4,Сыр пармезан,0.4,кг,800,320.0
2025-09-10,4,Сливки,1.4,л,200,280.0
2025-09-10,4,Мука,1.1,кг,50,55.0
2025-09-10,4,Сахар,0.6,кг,60,36.0
2025-09-10,4,Соки,2.0,л,120,240.0
2025-09-10,4,Пиво,2.2,л,150,330.0
2025-09-10,7,Говядина,1.6,кг,500,800.0
2025-09-10,7,Свинина,1.0,кг,400,400.0
2025-09-10,7,Рыба (филе),1.0,кг,600,600.0
2025-09-10,7,Креветки,0.5,кг,800,400.0
2025-09-10,7,Помидоры,2.1,кг,120,252.0
2025-09-10,7,Салат айсберг,0.8,кг,150,120.0
2025-09-10,7,Сыр твердый,1.0,кг,450,450.0
2025-09-10,7,Сыр пармезан,0.4,кг,800,320.0
2025-09-10,7,Сливки,1.3,л,200,260.0
2025-09-10,7,Рис,1.4,кг,90,126.0
2025-09-10,7,Кофе в зернах,0.3,кг,800,240.0
2025-09-10,7,Чай листовой,0.2,кг,500,100.0
2025-09-10,7,Соки,2.0,л,120,240.0
2025-09-10,7,Пиво,2.1,л,150,315.0
2025-09-10,8,Говядина,1.5,кг,500,750.0
2025-09-10,8,Свинина,1.1,кг,400,440.0
2025-09-10,8,Креветки,0.6,кг,800,480.0
2025-09-10,8,Помидоры,1.9,кг,120,228.0
2025-09-10,8,Огурцы,1.7,кг,100,170.0
2025-09-10,8,Салат айсберг,0.9,кг,150,135.0
2025-09-10,8,Картофель,4.9,кг,40,196.0
2025-09-10,8,Сливки,1.6,л,200,320.0
2025-09-10,8,Молоко,2.6,л,70,182.0
2025-09-10,8,Рис,1.6,кг,90,144.0
2025-09-10,8,Мука,1.0,кг,50,50.0
2025-09-10,8,Сахар,0.5,кг,60,30.0
2025-09-10,8,Кофе в зернах,0.2,кг,800,160.0
2025-09-10,8,Соки,1.9,л,120,228.0
2025-09-11,3,Свинина,1.0,кг,400,400.0
2025-09-11,3,Помидоры,2.0,кг,120,240.0
2025-09-11,3,Огурцы,1.5,кг,100,150.0
2025-09-11,3,Салат айсберг,1.1,кг,150,165.0
2025-09-11,3,Картофель,4.4,кг,40,176.0
2025-09-11,3,Сыр твердый,1.2,кг,450,540.0
2025-09-11,3,Сливки,1.7,л,200,340.0
2025-09-11,3,Молоко,3.1,л,70,217.0
2025-09-11,3,Макароны,1.9,кг,80,152.0
2025-09-11,3,Рис,1.5,кг,90,135.0
2025-09-11,3,Мука,1.0,кг,50,50.0
2025-09-11,3,Сахар,0.5,кг,60,30.0
2025-09-11,3,Соки,1.9,л,120,228.0
2025-09-11,3,Пиво,2.6,л,150,390.0
2025-09-11,4,Говядина,1.4,кг,500,700.0
2025-09-11,4,Рыба (филе),1.0,кг,600,600.0
2025-09-11,4,Креветки,0.5,кг,800,400.0
2025-09-11,4,Помидоры,2.3,кг,120,276.0
2025-09-11,4,Огурцы,1.8,кг,100,180.0
2025-09-11,4,Салат айсберг,1.1,кг,150,165.0
2025-09-11,4,Картофель,3.6,кг,40,144.0
2025-09-11,4,Сыр твердый,1.0,кг,450,450.0
2025-09-11,4,Сыр пармезан,0.5,кг,800,400.0
2025-09-11,4,Сливки,1.7,л,200,340.0
2025-09-11,4,Молоко,2.2,л,70,154.0
2025-09-11,4,Рис,1.3,кг,90,117.0
2025-09-11,4,Мука,0.8,кг,50,40.0
2025-09-11,4,Сахар,0.5,кг,60,30.0
2025-09-11,4,Кофе в зернах,0.3,кг,800,240.0
2025-09-11,4,Чай листовой,0.1,кг,500,50.0
2025-09-11,4,Пиво,2.5,л,150,375.0
2025-09-11,7,Свинина,1.0,кг,400,400.0
2025-09-11,7,Креветки,0.6,кг,800,480.0
2025-09-11,7,Огурцы,1.4,кг,100,140.0
2025-09-11,7,Картофель,4.6,кг,40,184.0
2025-09-11,7,Сыр твердый,1.0,кг,450,450.0
2025-09-11,7,Сыр пармезан,0.5,кг,800,400.0
2025-09-11,7,Сливки,1.4,л,200,280.0
2025-09-11,7,Молоко,3.0,л,70,210.0
2025-09-11,7,Макароны,1.8,кг,80,144.0
2025-09-11,7,Рис,1.3,кг,90,117.0
2025-09-11,7,Мука,1.0,кг,50,50.0
2025-09-11,7,Сахар,0.5,кг,60,30.0
2025-09-11,7,Кофе в зернах,0.3,кг,800,240.0
2025-09-11,7,Чай листовой,0.1,кг,500,50.0
2025-09-11,7,Соки,2.2,л,120,264.0
2025-09-12,2,Куриное филе,2.3,кг,250,575.0
2025-09-12,2,Говядина,1.6,кг,500,800.0
2025-09-12,2,Свинина,1.0,кг,400,400.0
2025-09-12,2,Рыба (филе),1.0,кг,600,600.0
2025-09-12,2,Креветки,0.6,кг,800,480.0
2025-09-12,2,Помидоры,2.3,кг,120,276.0
2025-09-12,2,Сыр твердый,1.1,кг,450,495.0
2025-09-12,2,Сыр пармезан,0.5,кг,800,400.0
2025-09-12,2,Молоко,2.8,л,70,196.0
2025-09-12,2,Макароны,2.2,кг,80,176.0
2025-09-12,2,Рис,1.2,кг,90,108.0
2025-09-12,2,Мука,1.0,кг,50,50.0
2025-09-12,2,Сахар,0.4,кг,60,24.0
2025-09-12,2,Кофе в зернах,0.3,кг,800,240.0
2025-09-12,2,Соки,1.6,л,120,192.0
2025-09-12,2,Пиво,2.6,л,150,390.0
2025-09-12,5,Куриное филе,2.5,кг,250,625.0
2025-09-12,5,Говядина,1.4,кг,500,700.0
2025-09-12,5,Свинина,1.0,кг,400,400.0
2025-09-12,5,Рыба (филе),1.0,кг,600,600.0
2025-09-12,5,Креветки,0.5,кг,800,400.0
2025-09-12,5,Помидоры,2.0,кг,120,240.0
2025-09-12,5,Салат айсберг,0.9,кг,150,135.0
2025-09-12,5,Картофель,3.8,кг,40,152.0
2025-09-12,5,Сыр пармезан,0.5,кг,800,400.0
2025-09-12,5,Макароны,2.0,кг,80,160.0
2025-09-12,5,Рис,1.5,кг,90,135.0
2025-09-12,5,Мука,1.0,кг,50,50.0
2025-09-12,5,Кофе в зернах,0.2,кг,800,160.0
2025-09-12,5,Чай листовой,0.2,кг,500,100.0
2025-09-12,5,Соки,2.1,л,120,252.0
2025-09-12,5,Пиво,2.4,л,150,360.0
2025-09-12,7,Куриное филе,2.7,кг,250,675.0
2025-09-12,7,Рыба (филе),1.1,кг,600,660.0
2025-09-12,7,Креветки,0.6,кг,800,480.0
2025-09-12,7,Помидоры,1.9,кг,120,228.0
2025-09-12,7,Огурцы,1.7,кг,100,170.0
2025-09-12,7,Салат айсберг,1.0,кг,150,150.0
2025-09-12,7,Картофель,3.9,кг,40,156.0
2025-09-12,7,Сыр твердый,1.1,кг,450,495.0
2025-09-12,7,Сливки,1.7,л,200,340.0
2025-09-12,7,Макароны,1.8,кг,80,144.0
2025-09-12,7,Рис,1.3,кг,90,117.0
2025-09-12,7,Мука,1.1,кг,50,55.0
2025-09-12,7,Кофе в зернах,0.3,кг,800,240.0
2025-09-12,7,Соки,1.6,л,120,192.0
2025-09-12,7,Пиво,2.1,л,150,315.0
2025-09-12,8,Свинина,1.2,кг,400,480.0
2025-09-12,8,Креветки,0.4,кг,800,320.0
2025-09-12,8,Помидоры,2.1,кг,120,252.0
2025-09-12,8,Огурцы,1.4,кг,100,140.0
2025-09-12,8,Салат айсберг,1.0,кг,150,150.0
2025-09-12,8,Сыр твердый,1.0,кг,450,450.0
2025-09-12,8,Сыр пармезан,0.6,кг,800,480.0
2025-09-12,8,Сливки,1.6,л,200,320.0
2025-09-12,8,Рис,1.7,кг,90,153.0
2025-09-12,8,Мука,1.1,кг,50,55.0
2025-09-12,8,Сахар,0.5,кг,60,30.0
2025-09-12,8,Кофе в зернах,0.3,кг,800,240.0
2025-09-12,8,Чай листовой,0.1,кг,500,50.0
2025-09-12,8,Соки,2.0,л,120,240.0
2025-09-12,8,Пиво,2.6,л,150,390.0
2025-09-13,2,Куриное филе,2.8,кг,250,700.0
2025-09-13,2,Говядина,1.8,кг,500,900.0
2025-09-13,2,Свинина,1.0,кг,400,400.0
2025-09-13,2,Рыба (филе),1.0,кг,600,600.0
2025-09-13,2,Креветки,0.5,кг,800,400.0
2025-09-13,2,Салат айсберг,1.1,кг,150,165.0
2025-09-13,2,Сыр твердый,1.2,кг,450,540.0
2025-09-13,2,Макароны,2.1,кг,80,168.0
2025-09-13,2,Рис,1.4,кг,90,126.0
2025-09-13,2,Кофе в зернах,0.2,кг,800,160.0
2025-09-13,4,Куриное филе,2.6,кг,250,650.0
2025-09-13,4,Говядина,1.7,кг,500,850.0
2025-09-13,4,Свинина,1.1,кг,400,440.0
2025-09-13,4,Рыба (филе),0.9,кг,600,540.0
2025-09-13,4,Помидоры,1.9,кг,120,228.0
2025-09-13,4,Огурцы,1.3,кг,100,130.0
2025-09-13,4,Сыр твердый,1.1,кг,450,495.0
2025-09-13,4,Сыр пармезан,0.5,кг,800,400.0
2025-09-13,4,Сливки,1.4,л,200,280.0
2025-09-13,4,Молоко,2.6,л,70,182.0
2025-09-13,4,Макароны,2.3,кг,80,184.0
2025-09-13,4,Рис,1.7,кг,90,153.0
2025-09-13,4,Мука,1.1,кг,50,55.0
2025-09-13,4,Сахар,0.5,кг,60,30.0
2025-09-13,4,Кофе в зернах,0.2,кг,800,160.0
2025-09-13,4,Чай листовой,0.1,кг,500,50.0
2025-09-13,5,Куриное филе,2.7,кг,250,675.0
2025-09-13,5,Свинина,1.2,кг,400,480.0
2025-09-13,5,Рыба (филе),0.9,кг,600,540.0
2025-09-13,5,Огурцы,1.2,кг,100,120.0
2025-09-13,5,Салат айсберг,1.2,кг,150,180.0
2025-09-13,5,Сыр твердый,1.0,кг,450,450.0
2025-09-13,5,Сливки,1.3,л,200,260.0
2025-09-13,5,Молоко,2.1,л,70,147.0
2025-09-13,5,Макароны,1.9,кг,80,152.0
2025-09-13,5,Рис,1.7,кг,90,153.0
2025-09-13,5,Мука,0.8,кг,50,40.0
2025-09-13,5,Сахар,0.6,кг,60,36.0
2025-09-13,5,Чай листовой,0.2,кг,500,100.0
2025-09-13,5,Соки,1.7,л,120,204.0
2025-09-14,1,Куриное филе,2.7,кг,250,675.0
2025-09-14,1,Говядина,1.5,кг,500,750.0
2025-09-14,1,Свинина,1.1,кг,400,440.0
2025-09-14,1,Креветки,0.6,кг,800,480.0
2025-09-14,1,Помидоры,1.8,кг,120,216.0
2025-09-14,1,Огурцы,1.5,кг,100,150.0
2025-09-14,1,Салат айсберг,1.0,кг,150,150.0
2025-09-14,1,Картофель,4.7,кг,40,188.0
2025-09-14,1,Сыр твердый,1.2,кг,450,540.0
2025-09-14,1,Сыр пармезан,0.5,кг,800,400.0
2025-09-14,1,Молоко,2.0,л,70,140.0
2025-09-14,1,Мука,1.1,кг,50,55.0
2025-09-14,1,Сахар,0.5,кг,60,30.0
2025-09-14,1,Кофе в зернах,0.3,кг,800,240.0
2025-09-14,1,Чай листовой,0.2,кг,500,100.0
2025-09-14,4,Куриное филе,2.7,кг,250,675.0
2025-09-14,4,Свинина,1.0,кг,400,400.0
2025-09-14,4,Рыба (филе),1.1,кг,600,660.0
2025-09-14,4,Креветки,0.5,кг,800,400.0
2025-09-14,4,Помидоры,2.3,кг,120,276.0
2025-09-14,4,Огурцы,1.5,кг,100,150.0
2025-09-14,4,Картофель,3.4,кг,40,136.0
2025-09-14,4,Сыр твердый,1.2,кг,450,540.0
2025-09-14,4,Сыр пармезан,0.5,кг,800,400.0
2025-09-14,4,Сливки,1.6,л,200,320.0
2025-09-14,4,Макароны,2.0,кг,80,160.0
2025-09-14,4,Мука,1.1,кг,50,55.0
2025-09-14,4,Сахар,0.4,кг,60,24.0
2025-09-14,4,Чай листовой,0.2,кг,500,100.0
2025-09-14,4,Пиво,2.2,л,150,330.0
2025-09-14,5,Говядина,1.5,кг,500,750.0
2025-09-14,5,Свинина,0.9,кг,400,360.0
2025-09-14,5,Креветки,0.5,кг,800,400.0
2025-09-14,5,Помидоры,2.0,кг,120,240.0
2025-09-14,5,Огурцы,1.6,кг,100,160.0
2025-09-14,5,Картофель,4.5,кг,40,180.0
2025-09-14,5,Сыр пармезан,0.4,кг,800,320.0
2025-09-14,5,Молоко,2.9,л,70,203.0
2025-09-14,5,Макароны,1.8,кг,80,144.0
2025-09-14,5,Рис,1.9,кг,90,171.0
2025-09-14,5,Мука,1.0,кг,50,50.0
2025-09-14,5,Сахар,0.5,кг,60,30.0
2025-09-14,5,Кофе в зернах,0.2,кг,800,160.0
2025-09-14,5,Соки,2.0,л,120,240.0
2025-09-14,5,Пиво,2.2,л,150,330.0
2025-09-14,6,Куриное филе,3.0,кг,250,750.0
2025-09-14,6,Свинина,1.0,кг,400,400.0
2025-09-14,6,Креветки,0.5,кг,800,400.0
2025-09-14,6,Помидоры,1.8,кг,120,216.0
2025-09-14,6,Огурцы,1.6,кг,100,160.0
2025-09-14,6,Салат айсберг,1.0,кг,150,150.0
2025-09-14,6,Сыр твердый,0.8,кг,450,360.0
2025-09-14,6,Сыр пармезан,0.5,кг,800,400.0
2025-09-14,6,Сливки,1.2,л,200,240.0
2025-09-14,6,Молоко,2.8,л,70,196.0
2025-09-14,6,Макароны,2.3,кг,80,184.0
2025-09-14,6,Рис,1.2,кг,90,108.0
2025-09-14,6,Мука,0.9,кг,50,45.0
2025-09-14,6,Сахар,0.5,кг,60,30.0
2025-09-14,6,Чай листовой,0.1,кг,500,50.0
2025-09-14,6,Соки,1.8,л,120,216.0
2025-09-14,6,Пиво,2.7,л,150,405.0
2025-09-14,7,Креветки,0.6,кг,800,480.0
2025-09-14,7,Огурцы,1.8,кг,100,180.0
2025-09-14,7,Картофель,3.9,кг,40,156.0
2025-09-14,7,Сыр твердый,1.0,кг,450,450.0
2025-09-14,7,Сыр пармезан,0.5,кг,800,400.0
2025-09-14,7,Сливки,1.3,л,200,260.0
2025-09-14,7,Молоко,2.1,л,70,147.0
2025-09-14,7,Макароны,2.4,кг,80,192.0
2025-09-14,7,Мука,1.1,кг,50,55.0
2025-09-14,7,Сахар,0.6,кг,60,36.0
2025-09-14,7,Соки,2.1,л,120,252.0
2025-09-14,7,Пиво,3.1,л,150,465.0
2025-09-14,8,Куриное филе,2.9,кг,250,725.0
2025-09-14,8,Говядина,1.4,кг,500,700.0
2025-09-14,8,Креветки,0.4,кг,800,320.0
2025-09-14,8,Помидоры,1.8,кг,120,216.0
2025-09-14,8,Сыр твердый,0.9,кг,450,405.0
2025-09-14,8,Сыр пармезан,0.6,кг,800,480.0
2025-09-14,8,Сливки,1.7,л,200,340.0
2025-09-14,8,Макароны,2.5,кг,80,200.0
2025-09-14,8,Рис,1.6,кг,90,144.0
2025-09-14,8,Мука,1.0,кг,50,50.0
2025-09-14,8,Сахар,0.5,кг,60,30.0
2025-09-14,8,Чай листовой,0.2,кг,500,100.0
2025-09-14,8,Соки,2.1,л,120,252.0
2025-09-15,4,Куриное филе,2.5,кг,250,625.0
2025-09-15,4,Говядина,1.6,кг,500,800.0
2025-09-15,4,Рыба (филе),0.9,кг,600,540.0
2025-09-15,4,Креветки,0.5,кг,800,400.0
2025-09-15,4,Огурцы,1.6,кг,100,160.0
2025-09-15,4,Картофель,5.1,кг,40,204.0
2025-09-15,4,Сыр твердый,0.9,кг,450,405.0
2025-09-15,4,Сыр пармезан,0.5,кг,800,400.0
2025-09-15,4,Сливки,1.8,л,200,360.0
2025-09-15,4,Макароны,1.8,кг,80,144.0
2025-09-15,4,Мука,1.0,кг,50,50.0
2025-09-15,4,Чай листовой,0.2,кг,500,100.0
2025-09-15,5,Куриное филе,2.9,кг,250,725.0
2025-09-15,5,Свинина,0.9,кг,400,360.0
2025-09-15,5,Рыба (филе),1.0,кг,600,600.0
2025-09-15,5,Креветки,0.5,кг,800,400.0
2025-09-15,5,Огурцы,1.5,кг,100,150.0
2025-09-15,5,Сыр твердый,1.0,кг,450,450.0
2025-09-15,5,Сыр пармезан,0.5,кг,800,400.0
2025-09-15,5,Молоко,2.2,л,70,154.0
2025-09-15,5,Макароны,1.6,кг,80,128.0
2025-09-15,5,Рис,1.4,кг,90,126.0
2025-09-15,5,Мука,1.0,кг,50,50.0
2025-09-15,5,Сахар,0.5,кг,60,30.0
2025-09-15,5,Кофе в зернах,0.3,кг,800,240.0
2025-09-15,5,Чай листовой,0.1,кг,500,50.0
2025-09-15,5,Соки,1.8,л,120,216.0
2025-09-15,5,Пиво,2.8,л,150,420.0
2025-09-15,6,Куриное филе,2.3,кг,250,575.0
2025-09-15,6,Говядина,1.7,кг,500,850.0
2025-09-15,6,Свинина,0.9,кг,400,360.0
2025-09-15,6,Рыба (филе),1.0,кг,600,600.0
2025-09-15,6,Креветки,0.6,кг,800,480.0
2025-09-15,6,Помидоры,2.2,кг,120,264.0
2025-09-15,6,Огурцы,1.3,кг,100,130.0
2025-09-15,6,Салат айсберг,0.9,кг,150,135.0
2025-09-15,6,Картофель,4.7,кг,40,188.0
2025-09-15,6,Сыр твердый,0.9,кг,450,405.0
2025-09-15,6,Сыр пармезан,0.5,кг,800,400.0
2025-09-15,6,Сливки,1.5,л,200,300.0
2025-09-15,6,Макароны,2.2,кг,80,176.0
2025-09-15,6,Рис,1.2,кг,90,108.0
2025-09-15,6,Мука,0.8,кг,50,40.0
2025-09-15,6,Сахар,0.6,кг,60,36.0
2025-09-15,6,Кофе в зернах,0.2,кг,800,160.0
2025-09-15,6,Соки,1.8,л,120,216.0
2025-09-15,6,Пиво,2.6,л,150,390.0
2025-09-15,7,Говядина,1.4,кг,500,700.0
2025-09-15,7,Рыба (филе),0.9,кг,600,540.0
2025-09-15,7,Креветки,0.5,кг,800,400.0
2025-09-15,7,Помидоры,1.9,кг,120,228.0
2025-09-15,7,Огурцы,1.3,кг,100,130.0
2025-09-15,7,Салат айсберг,1.0,кг,150,150.0
2025-09-15,7,Картофель,3.5,кг,40,140.0
2025-09-15,7,Сыр твердый,1.0,кг,450,450.0
2025-09-15,7,Сливки,1.3,л,200,260.0
2025-09-15,7,Молоко,2.7,л,70,189.0
2025-09-15,7,Макароны,2.3,кг,80,184.0
2025-09-15,7,Рис,1.2,кг,90,108.0
2025-09-15,7,Мука,0.9,кг,50,45.0
2025-09-15,7,Соки,2.0,л,120,240.0
2025-09-15,7,Пиво,2.2,л,150,330.0
2025-09-15,9,Свинина,1.0,кг,400,400.0
2025-09-15,9,Рыба (филе),0.9,кг,600,540.0
2025-09-15,9,Креветки,0.5,кг,800,400.0
2025-09-15,9,Картофель,4.3,кг,40,172.0
2025-09-15,9,Сыр твердый,1.0,кг,450,450.0
2025-09-15,9,Сыр пармезан,0.5,кг,800,400.0
2025-09-15,9,Молоко,2.5,л,70,175.0
2025-09-15,9,Макароны,2.1,кг,80,168.0
2025-09-15,9,Рис,1.6,кг,90,144.0
2025-09-15,9,Мука,1.1,кг,50,55.0
2025-09-15,9,Сахар,0.4,кг,60,24.0
2025-09-15,9,Соки,1.7,л,120,204.0
2025-09-15,9,Пиво,2.4,л,150,360.0
2025-09-15,10,Свинина,1.1,кг,400,440.0
2025-09-15,10,Рыба (филе),1.1,кг,600,660.0
2025-09-15,10,Креветки,0.5,кг,800,400.0
2025-09-15,10,Огурцы,1.7,кг,100,170.0
2025-09-15,10,Салат айсберг,1.0,кг,150,150.0
2025-09-15,10,Картофель,4.7,кг,40,188.0
2025-09-15,10,Сыр твердый,0.9,кг,450,405.0
2025-09-15,10,Сыр пармезан,0.5,кг,800,400.0
2025-09-15,10,Сливки,1.2,л,200,240.0
2025-09-15,10,Молоко,2.2,л,70,154.0
2025-09-15,10,Макароны,2.3,кг,80,184.0
2025-09-15,10,Рис,1.4,кг,90,126.0
2025-09-15,10,Кофе в зернах,0.3,кг,800,240.0
2025-09-15,10,Чай листовой,0.1,кг,500,50.0
2025-09-15,10,Пиво,2.3,л,150,345.0
2025-09-16,1,Говядина,1.7,кг,500,850.0
2025-09-16,1,Свинина,0.9,кг,400,360.0
2025-09-16,1,Салат айсберг,1.0,кг,150,150.0
2025-09-16,1,Картофель,4.3,кг,40,172.0
2025-09-16,1,Сыр пармезан,0.5,кг,800,400.0
2025-09-16,1,Сливки,1.8,л,200,360.0
2025-09-16,1,Молоко,2.4,л,70,168.0
2025-09-16,1,Макароны,2.2,кг,80,176.0
2025-09-16,1,Мука,1.2,кг,50,60.0
2025-09-16,1,Сахар,0.5,кг,60,30.0
2025-09-16,1,Чай листовой,0.1,кг,500,50.0
2025-09-16,1,Соки,2.2,л,120,264.0
2025-09-16,2,Куриное филе,2.8,кг,250,700.0
2025-09-16,2,Рыба (филе),0.8,кг,600,480.0
2025-09-16,2,Креветки,0.6,кг,800,480.0
2025-09-16,2,Помидоры,1.7,кг,120,204.0
2025-09-16,2,Картофель,3.5,кг,40,140.0
2025-09-16,2,Сливки,1.2,л,200,240.0
2025-09-16,2,Макароны,1.6,кг,80,128.0
2025-09-16,2,Рис,1.4,кг,90,126.0
2025-09-16,2,Мука,1.0,кг,50,50.0
2025-09-16,2,Сахар,0.4,кг,60,24.0
2025-09-16,2,Чай листовой,0.1,кг,500,50.0
2025-09-16,2,Соки,2.1,л,120,252.0
2025-09-16,2,Пиво,2.5,л,150,375.0
2025-09-16,3,Куриное филе,3.1,кг,250,775.0
2025-09-16,3,Говядина,1.4,кг,500,700.0
2025-09-16,3,Свинина,1.0,кг,400,400.0
2025-09-16,3,Рыба (филе),1.0,кг,600,600.0
2025-09-16,3,Помидоры,2.1,кг,120,252.0
2025-09-16,3,Сыр твердый,1.2,кг,450,540.0
2025-09-16,3,Сыр пармезан,0.5,кг,800,400.0
2025-09-16,3,Сливки,1.8,л,200,360.0
2025-09-16,3,Макароны,2.1,кг,80,168.0
2025-09-16,3,Рис,1.4,кг,90,126.0
2025-09-16,3,Кофе в зернах,0.3,кг,800,240.0
2025-09-16,3,Чай листовой,0.2,кг,500,100.0
2025-09-16,3,Соки,2.1,л,120,252.0
2025-09-16,4,Куриное филе,2.3,кг,250,575.0
2025-09-16,4,Говядина,1.4,кг,500,700.0
2025-09-16,4,Свинина,1.0,кг,400,400.0
2025-09-16,4,Рыба (филе),1.2,кг,600,720.0
2025-09-16,4,Огурцы,1.5,кг,100,150.0
2025-09-16,4,Сыр пармезан,0.6,кг,800,480.0
2025-09-16,4,Сливки,1.3,л,200,260.0
2025-09-16,4,Макароны,1.7,кг,80,136.0
2025-09-16,4,Мука,0.9,кг,50,45.0
2025-09-16,4,Сахар,0.4,кг,60,24.0
2025-09-16,4,Кофе в зернах,0.3,кг,800,240.0
2025-09-16,4,Соки,1.8,л,120,216.0
2025-09-16,4,Пиво,2.5,л,150,375.0
2025-09-16,5,Говядина,1.5,кг,500,750.0
2025-09-16,5,Свинина,0.9,кг,400,360.0
2025-09-16,5,Рыба (филе),1.0,кг,600,600.0
2025-09-16,5,Огурцы,1.4,кг,100,140.0
2025-09-16,5,Салат айсберг,0.8,кг,150,120.0
2025-09-16,5,Сыр твердый,1.1,кг,450,495.0
2025-09-16,5,Сыр пармезан,0.5,кг,800,400.0
2025-09-16,5,Сливки,1.2,л,200,240.0
2025-09-16,5,Макароны,2.3,кг,80,184.0
2025-09-16,5,Рис,1.3,кг,90,117.0
2025-09-16,5,Мука,1.1,кг,50,55.0
2025-09-16,5,Сахар,0.4,кг,60,24.0
2025-09-16,5,Чай листовой,0.1,кг,500,50.0
2025-09-16,5,Пиво,2.8,л,150,420.0
2025-09-16,8,Куриное филе,2.3,кг,250,575.0
2025-09-16,8,Свинина,0.9,кг,400,360.0
2025-09-16,8,Рыба (филе),1.0,кг,600,600.0
2025-09-16,8,Креветки,0.5,кг,800,400.0
2025-09-16,8,Помидоры,2.1,кг,120,252.0
2025-09-16,8,Огурцы,1.6,кг,100,160.0
2025-09-16,8,Салат айсберг,0.9,кг,150,135.0
2025-09-16,8,Картофель,3.3,кг,40,132.0
2025-09-16,8,Сыр пармезан,0.5,кг,800,400.0
2025-09-16,8,Молоко,2.3,л,70,161.0
2025-09-16,8,Рис,1.3,кг,90,117.0
2025-09-16,8,Чай листовой,0.1,кг,500,50.0
2025-09-16,8,Соки,2.2,л,120,264.0
2025-09-17,2,Свинина,1.0,кг,400,400.0
2025-09-17,2,Рыба (филе),0.9,кг,600,540.0
2025-09-17,2,Креветки,0.5,кг,800,400.0
2025-09-17,2,Помидоры,2.0,кг,120,240.0
2025-09-17,2,Огурцы,1.7,кг,100,170.0
2025-09-17,2,Салат айсберг,0.9,кг,150,135.0
2025-09-17,2,Картофель,3.7,кг,40,148.0
2025-09-17,2,Сыр твердый,1.1,кг,450,495.0
2025-09-17,2,Сыр пармезан,0.5,кг,800,400.0
2025-09-17,2,Сливки,1.5,л,200,300.0
2025-09-17,2,Молоко,2.9,л,70,203.0
2025-09-17,2,Рис,1.5,кг,90,135.0
2025-09-17,2,Мука,0.9,кг,50,45.0
2025-09-17,2,Чай листовой,0.2,кг,500,100.0
2025-09-17,2,Пиво,2.2,л,150,330.0
2025-09-17,8,Куриное филе,2.6,кг,250,650.0
2025-09-17,8,Говядина,1.6,кг,500,800.0
2025-09-17,8,Свинина,0.9,кг,400,360.0
2025-09-17,8,Помидоры,2.1,кг,120,252.0
2025-09-17,8,Огурцы,1.3,кг,100,130.0
2025-09-17,8,Салат айсберг,0.8,кг,150,120.0
2025-09-17,8,Сыр пармезан,0.5,кг,800,400.0
2025-09-17,8,Сливки,1.3,л,200,260.0
2025-09-17,8,Молоко,2.0,л,70,140.0
2025-09-17,8,Макароны,1.8,кг,80,144.0
2025-09-17,8,Рис,1.3,кг,90,117.0
2025-09-17,8,Сахар,0.5,кг,60,30.0
2025-09-17,8,Кофе в зернах,0.2,кг,800,160.0
2025-09-17,8,Чай листовой,0.2,кг,500,100.0
2025-09-17,8,Соки,2.1,л,120,252.0
2025-09-17,8,Пиво,2.2,л,150,330.0
2025-09-17,9,Говядина,1.3,кг,500,650.0
2025-09-17,9,Свинина,0.9,кг,400,360.0
2025-09-17,9,Рыба (филе),1.3,кг,600,780.0
2025-09-17,9,Креветки,0.5,кг,800,400.0
2025-09-17,9,Помидоры,1.8,кг,120,216.0
2025-09-17,9,Огурцы,1.4,кг,100,140.0
2025-09-17,9,Салат айсберг,0.9,кг,150,135.0
2025-09-17,9,Сыр твердый,1.2,кг,450,540.0
2025-09-17,9,Сыр пармезан,0.5,кг,800,400.0
2025-09-17,9,Молоко,2.8,л,70,196.0
2025-09-17,9,Макароны,2.2,кг,80,176.0
2025-09-17,9,Рис,1.3,кг,90,117.0
2025-09-17,9,Мука,1.0,кг,50,50.0
2025-09-17,9,Кофе в зернах,0.3,кг,800,240.0
2025-09-17,9,Чай листовой,0.1,кг,500,50.0
2025-09-17,9,Соки,1.7,л,120,204.0
2025-09-18,2,Говядина,1.5,кг,500,750.0
2025-09-18,2,Свинина,1.2,кг,400,480.0
2025-09-18,2,Рыба (филе),1.1,кг,600,660.0
2025-09-18,2,Креветки,0.4,кг,800,320.0
2025-09-18,2,Помидоры,1.7,кг,120,204.0
2025-09-18,2,Огурцы,1.8,кг,100,180.0
2025-09-18,2,Сыр твердый,1.0,кг,450,450.0
2025-09-18,2,Сливки,1.4,л,200,280.0
2025-09-18,2,Молоко,2.6,л,70,182.0
2025-09-18,2,Макароны,1.8,кг,80,144.0
2025-09-18,2,Мука,0.9,кг,50,45.0
2025-09-18,2,Сахар,0.6,кг,60,36.0
2025-09-18,2,Пиво,2.7,л,150,405.0
2025-09-18,5,Куриное филе,2.7,кг,250,675.0
2025-09-18,5,Креветки,0.4,кг,800,320.0
2025-09-18,5,Помидоры,1.8,кг,120,216.0
2025-09-18,5,Салат айсберг,1.1,кг,150,165.0
2025-09-18,5,Картофель,4.0,кг,40,160.0
2025-09-18,5,Сыр твердый,1.0,кг,450,450.0
2025-09-18,5,Сыр пармезан,0.5,кг,800,400.0
2025-09-18,5,Сливки,1.3,л,200,260.0
2025-09-18,5,Молоко,2.3,л,70,161.0
2025-09-18,5,Макароны,2.1,кг,80,168.0
2025-09-18,5,Рис,1.4,кг,90,126.0
2025-09-18,5,Мука,0.9,кг,50,45.0
2025-09-18,5,Сахар,0.5,кг,60,30.0
2025-09-18,5,Кофе в зернах,0.2,кг,800,160.0
2025-09-18,5,Чай листовой,0.2,кг,500,100.0
2025-09-18,5,Пиво,2.7,л,150,405.0
2025-09-18,6,Куриное филе,2.4,кг,250,600.0
2025-09-18,6,Говядина,1.4,кг,500,700.0
2025-09-18,6,Свинина,0.9,кг,400,360.0
2025-09-18,6,Рыба (филе),0.9,кг,600,540.0
2025-09-18,6,Креветки,0.5,кг,800,400.0
2025-09-18,6,Помидоры,2.0,кг,120,240.0
2025-09-18,6,Салат айсберг,0.9,кг,150,135.0
2025-09-18,6,Сыр пармезан,0.5,кг,800,400.0
2025-09-18,6,Сливки,1.7,л,200,340.0
2025-09-18,6,Молоко,2.6,л,70,182.0
2025-09-18,6,Макароны,1.9,кг,80,152.0
2025-09-18,6,Рис,1.7,кг,90,153.0
2025-09-18,6,Кофе в зернах,0.3,кг,800,240.0
2025-09-18,6,Соки,1.8,л,120,216.0
2025-09-18,8,Куриное филе,2.6,кг,250,650.0
2025-09-18,8,Говядина,1.5,кг,500,750.0
2025-09-18,8,Свинина,1.0,кг,400,400.0
2025-09-18,8,Помидоры,1.9,кг,120,228.0
2025-09-18,8,Огурцы,1.4,кг,100,140.0
2025-09-18,8,Сыр твердый,0.9,кг,450,405.0
2025-09-18,8,Сыр пармезан,0.6,кг,800,480.0
2025-09-18,8,Сливки,1.8,л,200,360.0
2025-09-18,8,Макароны,2.1,кг,80,168.0
2025-09-18,8,Мука,1.0,кг,50,50.0
2025-09-18,8,Сахар,0.5,кг,60,30.0
2025-09-18,8,Кофе в зернах,0.3,кг,800,240.0
2025-09-18,8,Чай листовой,0.1,кг,500,50.0
2025-09-18,8,Соки,2.0,л,120,240.0
2025-09-18,10,Куриное филе,2.9,кг,250,725.0
2025-09-18,10,Говядина,1.5,кг,500,750.0
2025-09-18,10,Свинина,1.1,кг,400,440.0
2025-09-18,10,Рыба (филе),0.9,кг,600,540.0
2025-09-18,10,Креветки,0.5,кг,800,400.0
2025-09-18,10,Помидоры,2.0,кг,120,240.0
2025-09-18,10,Салат айсберг,1.2,кг,150,180.0
2025-09-18,10,Картофель,3.5,кг,40,140.0
2025-09-18,10,Сыр пармезан,0.6,кг,800,480.0
2025-09-18,10,Молоко,2.2,л,70,154.0
2025-09-18,10,Макароны,2.4,кг,80,192.0
2025-09-18,10,Кофе в зернах,0.3,кг,800,240.0
2025-09-18,10,Чай листовой,0.2,кг,500,100.0
2025-09-18,10,Пиво,2.5,л,150,375.0
2025-09-19,1,Куриное филе,2.4,кг,250,600.0
2025-09-19,1,Говядина,1.4,кг,500,700.0
2025-09-19,1,Свинина,1.0,кг,400,400.0
2025-09-19,1,Креветки,0.6,кг,800,480.0
2025-09-19,1,Помидоры,2.0,кг,120,240.0
2025-09-19,1,Картофель,3.5,кг,40,140.0
2025-09-19,1,Сыр твердый,1.0,кг,450,450.0
2025-09-19,1,Сыр пармезан,0.4,кг,800,320.0
2025-09-19,1,Молоко,2.4,л,70,168.0
2025-09-19,1,Рис,1.6,кг,90,144.0
2025-09-19,1,Мука,1.0,кг,50,50.0
2025-09-19,1,Кофе в зернах,0.3,кг,800,240.0
2025-09-19,1,Чай листовой,0.2,кг,500,100.0
2025-09-19,1,Соки,2.2,л,120,264.0
2025-09-19,1,Пиво,2.5,л,150,375.0
2025-09-19,4,Куриное филе,2.8,кг,250,700.0
2025-09-19,4,Свинина,0.9,кг,400,360.0
2025-09-19,4,Рыба (филе),1.1,кг,600,660.0
2025-09-19,4,Помидоры,1.9,кг,120,228.0
2025-09-19,4,Огурцы,1.2,кг,100,120.0
2025-09-19,4,Сыр твердый,1.0,кг,450,450.0
2025-09-19,4,Сыр пармезан,0.5,кг,800,400.0
2025-09-19,4,Сливки,1.6,л,200,320.0
2025-09-19,4,Молоко,2.6,л,70,182.0
2025-09-19,4,Макароны,1.9,кг,80,152.0
2025-09-19,4,Рис,1.4,кг,90,126.0
2025-09-19,4,Мука,1.0,кг,50,50.0
2025-09-19,4,Кофе в зернах,0.3,кг,800,240.0
2025-09-19,4,Чай листовой,0.1,кг,500,50.0
2025-09-19,4,Соки,2.2,л,120,264.0
2025-09-19,4,Пиво,2.4,л,150,360.0
2025-09-20,1,Говядина,1.6,кг,500,800.0
2025-09-20,1,Свинина,1.0,кг,400,400.0
2025-09-20,1,Рыба (филе),1.1,кг,600,660.0
2025-09-20,1,Креветки,0.4,кг,800,320.0
2025-09-20,1,Помидоры,1.9,кг,120,228.0
2025-09-20,1,Огурцы,1.2,кг,100,120.0
2025-09-20,1,Картофель,4.7,кг,40,188.0
2025-09-20,1,Сыр твердый,0.8,кг,450,360.0
2025-09-20,1,Сыр пармезан,0.5,кг,800,400.0
2025-09-20,1,Сливки,1.5,л,200,300.0
2025-09-20,1,Рис,1.8,кг,90,162.0
2025-09-20,1,Сахар,0.5,кг,60,30.0
2025-09-20,1,Чай листовой,0.1,кг,500,50.0
2025-09-20,1,Соки,2.0,л,120,240.0
2025-09-20,1,Пиво,2.8,л,150,420.0
2025-09-20,3,Куриное филе,2.7,кг,250,675.0
2025-09-20,3,Свинина,0.9,кг,400,360.0
2025-09-20,3,Креветки,0.5,кг,800,400.0
2025-09-20,3,Салат айсберг,1.0,кг,150,150.0
2025-09-20,3,Картофель,4.5,кг,40,180.0
2025-09-20,3,Сыр пармезан,0.5,кг,800,400.0
2025-09-20,3,Молоко,2.6,л,70,182.0
2025-09-20,3,Макароны,1.7,кг,80,136.0
2025-09-20,3,Рис,1.2,кг,90,108.0
2025-09-20,3,Мука,0.8,кг,50,40.0
2025-09-20,3,Сахар,0.5,кг,60,30.0
2025-09-20,3,Кофе в зернах,0.2,кг,800,160.0
2025-09-20,3,Чай листовой,0.1,кг,500,50.0
2025-09-20,3,Соки,2.1,л,120,252.0
2025-09-20,3,Пиво,2.3,л,150,345.0
2025-09-20,9,Куриное филе,2.9,кг,250,725.0
2025-09-20,9,Говядина,1.5,кг,500,750.0
2025-09-20,9,Свинина,1.0,кг,400,400.0
2025-09-20,9,Креветки,0.5,кг,800,400.0
2025-09-20,9,Помидоры,1.7,кг,120,204.0
2025-09-20,9,Огурцы,1.8,кг,100,180.0
2025-09-20,9,Салат айсберг,1.2,кг,150,180.0
2025-09-20,9,Сыр твердый,1.0,кг,450,450.0
2025-09-20,9,Сыр пармезан,0.5,кг,800,400.0
2025-09-20,9,Сливки,1.6,л,200,320.0
2025-09-20,9,Молоко,2.4,л,70,168.0
2025-09-20,9,Макароны,2.3,кг,80,184.0
2025-09-20,9,Кофе в зернах,0.3,кг,800,240.0
2025-09-20,9,Чай листовой,0.1,кг,500,50.0
2025-09-20,9,Пиво,2.7,л,150,405.0
2025-09-21,1,Свинина,1.1,кг,400,440.0
2025-09-21,1,Рыба (филе),1.0,кг,600,600.0
2025-09-21,1,Картофель,3.7,кг,40,148.0
2025-09-21,1,Сыр твердый,0.9,кг,450,405.0
2025-09-21,1,Сыр пармезан,0.5,кг,800,400.0
2025-09-21,1,Макароны,1.9,кг,80,152.0
2025-09-21,1,Рис,1.6,кг,90,144.0
2025-09-21,1,Мука,1.1,кг,50,55.0
2025-09-21,1,Сахар,0.5,кг,60,30.0
2025-09-21,1,Чай листовой,0.1,кг,500,50.0
2025-09-21,1,Соки,2.1,л,120,252.0
2025-09-21,1,Пиво,2.4,л,150,360.0
2025-09-21,3,Говядина,1.5,кг,500,750.0
2025-09-21,3,Креветки,0.6,кг,800,480.0
2025-09-21,3,Огурцы,1.4,кг,100,140.0
2025-09-21,3,Сыр твердый,1.2,кг,450,540.0
2025-09-21,3,Сливки,1.6,л,200,320.0
2025-09-21,3,Молоко,2.5,л,70,175.0
2025-09-21,3,Рис,1.3,кг,90,117.0
2025-09-21,3,Мука,1.1,кг,50,55.0
2025-09-21,3,Сахар,0.4,кг,60,24.0
2025-09-21,3,Чай листовой,0.2,кг,500,100.0
2025-09-21,3,Соки,2.0,л,120,240.0
2025-09-21,3,Пиво,2.2,л,150,330.0
2025-09-22,1,Куриное филе,2.6,кг,250,650.0
2025-09-22,1,Свинина,1.0,кг,400,400.0
2025-09-22,1,Рыба (филе),0.9,кг,600,540.0
2025-09-22,1,Помидоры,2.1,кг,120,252.0
2025-09-22,1,Огурцы,1.6,кг,100,160.0
2025-09-22,1,Салат айсберг,1.3,кг,150,195.0
2025-09-22,1,Картофель,4.4,кг,40,176.0
2025-09-22,1,Сыр твердый,0.9,кг,450,405.0
2025-09-22,1,Сыр пармезан,0.5,кг,800,400.0
2025-09-22,1,Сливки,1.3,л,200,260.0
2025-09-22,1,Молоко,2.8,л,70,196.0
2025-09-22,1,Макароны,1.8,кг,80,144.0
2025-09-22,1,Мука,1.0,кг,50,50.0
2025-09-22,1,Сахар,0.5,кг,60,30.0
2025-09-22,1,Соки,2.2,л,120,264.0
2025-09-22,1,Пиво,2.6,л,150,390.0
2025-09-22,6,Куриное филе,2.4,кг,250,600.0
2025-09-22,6,Говядина,1.8,кг,500,900.0
2025-09-22,6,Рыба (филе),1.1,кг,600,660.0
2025-09-22,6,Креветки,0.5,кг,800,400.0
2025-09-22,6,Огурцы,1.6,кг,100,160.0
2025-09-22,6,Картофель,4.1,кг,40,164.0
2025-09-22,6,Сыр твердый,1.1,кг,450,495.0
2025-09-22,6,Сыр пармезан,0.4,кг,800,320.0
2025-09-22,6,Молоко,2.6,л,70,182.0
2025-09-22,6,Рис,1.7,кг,90,153.0
2025-09-22,6,Мука,1.0,кг,50,50.0
2025-09-22,6,Сахар,0.5,кг,60,30.0
2025-09-22,6,Соки,1.9,л,120,228.0
2025-09-22,6,Пиво,2.5,л,150,375.0
2025-09-22,8,Куриное филе,2.2,кг,250,550.0
2025-09-22,8,Говядина,1.5,кг,500,750.0
2025-09-22,8,Рыба (филе),0.9,кг,600,540.0
2025-09-22,8,Креветки,0.5,кг,800,400.0
2025-09-22,8,Помидоры,1.9,кг,120,228.0
2025-09-22,8,Сливки,1.9,л,200,380.0
2025-09-22,8,Молоко,2.5,л,70,175.0
2025-09-22,8,Макароны,1.9,кг,80,152.0
2025-09-22,8,Рис,1.2,кг,90,108.0
2025-09-22,8,Мука,0.9,кг,50,45.0
2025-09-22,8,Чай листовой,0.2,кг,500,100.0
2025-09-22,8,Соки,2.0,л,120,240.0
2025-09-22,8,Пиво,2.4,л,150,360.0
2025-09-22,9,Свинина,1.1,кг,400,440.0
2025-09-22,9,Рыба (филе),1.0,кг,600,600.0
2025-09-22,9,Креветки,0.4,кг,800,320.0
2025-09-22,9,Огурцы,1.3,кг,100,130.0
2025-09-22,9,Сыр твердый,0.9,кг,450,405.0
2025-09-22,9,Сливки,1.4,л,200,280.0
2025-09-22,9,Рис,1.5,кг,90,135.0
2025-09-22,9,Мука,1.1,кг,50,55.0
2025-09-22,9,Сахар,0.6,кг,60,36.0
2025-09-22,9,Кофе в зернах,0.3,кг,800,240.0
2025-09-22,9,Чай листовой,0.1,кг,500,50.0
2025-09-22,9,Соки,1.6,л,120,192.0
2025-09-23,1,Куриное филе,2.6,кг,250,650.0
2025-09-23,1,Свинина,0.9,кг,400,360.0
2025-09-23,1,Рыба (филе),1.2,кг,600,720.0
2025-09-23,1,Креветки,0.5,кг,800,400.0
2025-09-23,1,Помидоры,2.0,кг,120,240.0
2025-09-23,1,Огурцы,1.4,кг,100,140.0
2025-09-23,1,Салат айсберг,0.9,кг,150,135.0
2025-09-23,1,Картофель,4.5,кг,40,180.0
2025-09-23,1,Сыр пармезан,0.4,кг,800,320.0
2025-09-23,1,Сливки,1.8,л,200,360.0
2025-09-23,1,Молоко,2.6,л,70,182.0
2025-09-23,1,Макароны,2.0,кг,80,160.0
2025-09-23,1,Рис,1.5,кг,90,135.0
2025-09-23,1,Сахар,0.6,кг,60,36.0
2025-09-23,1,Кофе в зернах,0.2,кг,800,160.0
2025-09-23,1,Чай листовой,0.2,кг,500,100.0
2025-09-23,7,Куриное филе,2.6,кг,250,650.0
2025-09-23,7,Рыба (филе),0.9,кг,600,540.0
2025-09-23,7,Огурцы,1.6,кг,100,160.0
2025-09-23,7,Картофель,4.1,кг,40,164.0
2025-09-23,7,Сыр твердый,1.0,кг,450,450.0
2025-09-23,7,Сыр пармезан,0.6,кг,800,480.0
2025-09-23,7,Сливки,1.8,л,200,360.0
2025-09-23,7,Молоко,2.2,л,70,154.0
2025-09-23,7,Рис,1.8,кг,90,162.0
2025-09-23,7,Мука,0.8,кг,50,40.0
2025-09-23,7,Чай листовой,0.2,кг,500,100.0
2025-09-23,9,Свинина,1.0,кг,400,400.0
2025-09-23,9,Помидоры,2.1,кг,120,252.0
2025-09-23,9,Огурцы,1.5,кг,100,150.0
2025-09-23,9,Салат айсберг,1.3,кг,150,195.0
2025-09-23,9,Картофель,3.5,кг,40,140.0
2025-09-23,9,Сыр пармезан,0.5,кг,800,400.0
2025-09-23,9,Сливки,1.5,л,200,300.0
2025-09-23,9,Молоко,2.9,л,70,203.0
2025-09-23,9,Макароны,2.0,кг,80,160.0
2025-09-23,9,Рис,1.5,кг,90,135.0
2025-09-23,9,Сахар,0.5,кг,60,30.0
2025-09-23,9,Соки,1.7,л,120,204.0
2025-09-23,9,Пиво,2.7,л,150,405.0
2025-09-24,1,Куриное филе,2.2,кг,250,550.0
2025-09-24,1,Говядина,1.7,кг,500,850.0
2025-09-24,1,Свинина,0.9,кг,400,360.0
2025-09-24,1,Креветки,0.5,кг,800,400.0
2025-09-24,1,Помидоры,2.0,кг,120,240.0
2025-09-24,1,Огурцы,1.4,кг,100,140.0
2025-09-24,1,Салат айсберг,0.9,кг,150,135.0
2025-09-24,1,Сыр твердый,1.1,кг,450,495.0
2025-09-24,1,Сливки,1.7,л,200,340.0
2025-09-24,1,Молоко,2.5,л,70,175.0
2025-09-24,1,Макароны,1.8,кг,80,144.0
2025-09-24,1,Рис,1.4,кг,90,126.0
2025-09-24,1,Мука,0.9,кг,50,45.0
2025-09-24,1,Сахар,0.5,кг,60,30.0
2025-09-24,1,Кофе в зернах,0.3,кг,800,240.0
2025-09-24,1,Чай листовой,0.1,кг,500,50.0
2025-09-24,1,Соки,2.0,л,120,240.0
2025-09-24,1,Пиво,2.8,л,150,420.0
2025-09-24,2,Куриное филе,2.9,кг,250,725.0
2025-09-24,2,Говядина,1.3,кг,500,650.0
2025-09-24,2,Свинина,1.1,кг,400,440.0
2025-09-24,2,Помидоры,2.0,кг,120,240.0
2025-09-24,2,Огурцы,1.7,кг,100,170.0
2025-09-24,2,Картофель,3.4,кг,40,136.0
2025-09-24,2,Сыр твердый,1.0,кг,450,450.0
2025-09-24,2,Сыр пармезан,0.5,кг,800,400.0
2025-09-24,2,Сливки,1.3,л,200,260.0
2025-09-24,2,Молоко,2.2,л,70,154.0
2025-09-24,2,Макароны,2.3,кг,80,184.0
2025-09-24,2,Рис,1.8,кг,90,162.0
2025-09-24,2,Сахар,0.5,кг,60,30.0
2025-09-24,2,Кофе в зернах,0.2,кг,800,160.0
2025-09-24,2,Чай листовой,0.1,кг,500,50.0
2025-09-24,5,Говядина,1.6,кг,500,800.0
2025-09-24,5,Свинина,1.0,кг,400,400.0
2025-09-24,5,Рыба (филе),1.0,кг,600,600.0
2025-09-24,5,Креветки,0.6,кг,800,480.0
2025-09-24,5,Помидоры,2.4,кг,120,288.0
2025-09-24,5,Салат айсберг,1.1,кг,150,165.0
2025-09-24,5,Картофель,3.7,кг,40,148.0
2025-09-24,5,Сыр пармезан,0.6,кг,800,480.0
2025-09-24,5,Молоко,2.1,л,70,147.0
2025-09-24,5,Макароны,1.9,кг,80,152.0
2025-09-24,5,Мука,1.0,кг,50,50.0
2025-09-24,5,Кофе в зернах,0.2,кг,800,160.0
2025-09-24,5,Пиво,2.7,л,150,405.0
2025-09-24,8,Говядина,1.6,кг,500,800.0
2025-09-24,8,Свинина,1.2,кг,400,480.0
2025-09-24,8,Рыба (филе),0.8,кг,600,480.0
2025-09-24,8,Помидоры,1.8,кг,120,216.0
2025-09-24,8,Салат айсберг,0.9,кг,150,135.0
2025-09-24,8,Картофель,3.4,кг,40,136.0
2025-09-24,8,Молоко,2.5,л,70,175.0
2025-09-24,8,Макароны,2.0,кг,80,160.0
2025-09-24,8,Рис,1.5,кг,90,135.0
2025-09-24,8,Мука,1.1,кг,50,55.0
2025-09-24,8,Сахар,0.6,кг,60,36.0
2025-09-24,8,Кофе в зернах,0.3,кг,800,240.0
2025-09-24,8,Чай листовой,0.2,кг,500,100.0
2025-09-24,8,Пиво,2.4,л,150,360.0
2025-09-25,1,Куриное филе,2.7,кг,250,675.0
2025-09-25,1,Говядина,1.6,кг,500,800.0
2025-09-25,1,Рыба (филе),0.9,кг,600,540.0
2025-09-25,1,Огурцы,1.6,кг,100,160.0
2025-09-25,1,Салат айсберг,1.0,кг,150,150.0
2025-09-25,1,Картофель,4.6,кг,40,184.0
2025-09-25,1,Молоко,2.1,л,70,147.0
2025-09-25,1,Макароны,1.6,кг,80,128.0
2025-09-25,1,Мука,1.1,кг,50,55.0
2025-09-25,1,Чай листовой,0.1,кг,500,50.0
2025-09-25,1,Соки,1.7,л,120,204.0
2025-09-25,1,Пиво,2.5,л,150,375.0
2025-09-25,3,Говядина,1.2,кг,500,600.0
2025-09-25,3,Свинина,0.9,кг,400,360.0
2025-09-25,3,Рыба (филе),0.8,кг,600,480.0
2025-09-25,3,Креветки,0.5,кг,800,400.0
2025-09-25,3,Помидоры,2.2,кг,120,264.0
2025-09-25,3,Огурцы,1.6,кг,100,160.0
2025-09-25,3,Салат айсберг,1.1,кг,150,165.0
2025-09-25,3,Сыр пармезан,0.6,кг,800,480.0
2025-09-25,3,Молоко,2.7,л,70,189.0
2025-09-25,3,Рис,1.4,кг,90,126.0
2025-09-25,3,Мука,1.0,кг,50,50.0
2025-09-25,3,Сахар,0.4,кг,60,24.0
2025-09-25,3,Чай листовой,0.1,кг,500,50.0
2025-09-25,3,Соки,1.8,л,120,216.0
2025-09-25,3,Пиво,2.6,л,150,390.0
2025-09-25,5,Куриное филе,2.8,кг,250,700.0
2025-09-25,5,Говядина,1.7,кг,500,850.0
2025-09-25,5,Свинина,1.1,кг,400,440.0
2025-09-25,5,Рыба (филе),1.2,кг,600,720.0
2025-09-25,5,Огурцы,1.7,кг,100,170.0
2025-09-25,5,Картофель,3.5,кг,40,140.0
2025-09-25,5,Сыр твердый,1.2,кг,450,540.0
2025-09-25,5,Сыр пармезан,0.5,кг,800,400.0
2025-09-25,5,Молоко,2.6,л,70,182.0
2025-09-25,5,Мука,1.0,кг,50,50.0
2025-09-25,5,Чай листовой,0.1,кг,500,50.0
2025-09-25,5,Соки,1.9,л,120,228.0
2025-09-25,5,Пиво,2.2,л,150,330.0
2025-09-25,6,Куриное филе,2.9,кг,250,725.0
2025-09-25,6,Говядина,1.2,кг,500,600.0
2025-09-25,6,Рыба (филе),1.0,кг,600,600.0
2025-09-25,6,Креветки,0.5,кг,800,400.0
2025-09-25,6,Помидоры,2.3,кг,120,276.0
2025-09-25,6,Огурцы,1.6,кг,100,160.0
2025-09-25,6,Салат айсберг,0.9,кг,150,135.0
2025-09-25,6,Картофель,4.4,кг,40,176.0
2025-09-25,6,Сыр пармезан,0.4,кг,800,320.0
2025-09-25,6,Сливки,1.4,л,200,280.0
2025-09-25,6,Макароны,1.8,кг,80,144.0
2025-09-25,6,Сахар,0.5,кг,60,30.0
2025-09-25,6,Кофе в зернах,0.3,кг,800,240.0
2025-09-25,6,Чай листовой,0.1,кг,500,50.0
2025-09-25,6,Соки,2.3,л,120,276.0
2025-09-25,6,Пиво,2.3,л,150,345.0
2025-09-26,2,Говядина,1.8,кг,500,900.0
2025-09-26,2,Свинина,1.0,кг,400,400.0
2025-09-26,2,Рыба (филе),1.0,кг,600,600.0
2025-09-26,2,Помидоры,2.1,кг,120,252.0
2025-09-26,2,Огурцы,1.4,кг,100,140.0
2025-09-26,2,Картофель,4.3,кг,40,172.0
2025-09-26,2,Сыр твердый,1.1,кг,450,495.0
2025-09-26,2,Сыр пармезан,0.4,кг,800,320.0
2025-09-26,2,Молоко,3.0,л,70,210.0
2025-09-26,2,Макароны,2.2,кг,80,176.0
2025-09-26,2,Рис,1.6,кг,90,144.0
2025-09-26,2,Сахар,0.6,кг,60,36.0
2025-09-26,2,Кофе в зернах,0.2,кг,800,160.0
2025-09-26,2,Чай листовой,0.1,кг,500,50.0
2025-09-26,2,Пиво,2.7,л,150,405.0
2025-09-26,4,Куриное филе,2.1,кг,250,525.0
2025-09-26,4,Говядина,1.4,кг,500,700.0
2025-09-26,4,Свинина,1.0,кг,400,400.0
2025-09-26,4,Креветки,0.6,кг,800,480.0
2025-09-26,4,Помидоры,1.8,кг,120,216.0
2025-09-26,4,Огурцы,1.3,кг,100,130.0
2025-09-26,4,Салат айсберг,1.2,кг,150,180.0
2025-09-26,4,Картофель,4.3,кг,40,172.0
2025-09-26,4,Сыр пармезан,0.5,кг,800,400.0
2025-09-26,4,Сливки,1.9,л,200,380.0
2025-09-26,4,Молоко,2.6,л,70,182.0
2025-09-26,4,Макароны,2.0,кг,80,160.0
2025-09-26,4,Сахар,0.4,кг,60,24.0
2025-09-26,4,Кофе в зернах,0.3,кг,800,240.0
2025-09-26,4,Соки,2.1,л,120,252.0
2025-09-26,9,Куриное филе,2.9,кг,250,725.0
2025-09-26,9,Говядина,1.9,кг,500,950.0
2025-09-26,9,Свинина,0.8,кг,400,320.0
2025-09-26,9,Рыба (филе),1.2,кг,600,720.0
2025-09-26,9,Креветки,0.5,кг,800,400.0
2025-09-26,9,Огурцы,1.5,кг,100,150.0
2025-09-26,9,Салат айсберг,1.0,кг,150,150.0
2025-09-26,9,Картофель,4.3,кг,40,172.0
2025-09-26,9,Сливки,1.4,л,200,280.0
2025-09-26,9,Макароны,1.8,кг,80,144.0
2025-09-26,9,Рис,1.5,кг,90,135.0
2025-09-26,9,Мука,1.0,кг,50,50.0
2025-09-26,9,Кофе в зернах,0.2,кг,800,160.0
2025-09-26,9,Чай листовой,0.1,кг,500,50.0
2025-09-27,1,Куриное филе,2.5,кг,250,625.0
2025-09-27,1,Говядина,1.7,кг,500,850.0
2025-09-27,1,Рыба (филе),1.0,кг,600,600.0
2025-09-27,1,Креветки,0.6,кг,800,480.0
2025-09-27,1,Помидоры,1.6,кг,120,192.0
2025-09-27,1,Салат айсберг,1.2,кг,150,180.0
2025-09-27,1,Картофель,3.7,кг,40,148.0
2025-09-27,1,Сыр твердый,1.2,кг,450,540.0
2025-09-27,1,Сыр пармезан,0.4,кг,800,320.0
2025-09-27,1,Сливки,1.6,л,200,320.0
2025-09-27,1,Молоко,2.4,л,70,168.0
2025-09-27,1,Макароны,1.8,кг,80,144.0
2025-09-27,1,Рис,1.8,кг,90,162.0
2025-09-27,1,Сахар,0.4,кг,60,24.0
2025-09-27,1,Чай листовой,0.1,кг,500,50.0
2025-09-27,1,Пиво,2.4,л,150,360.0
2025-09-27,9,Говядина,1.6,кг,500,800.0
2025-09-27,9,Свинина,1.0,кг,400,400.0
2025-09-27,9,Рыба (филе),1.0,кг,600,600.0
2025-09-27,9,Креветки,0.6,кг,800,480.0
2025-09-27,9,Огурцы,1.7,кг,100,170.0
2025-09-27,9,Салат айсберг,0.9,кг,150,135.0
2025-09-27,9,Сыр твердый,0.9,кг,450,405.0
2025-09-27,9,Сыр пармезан,0.5,кг,800,400.0
2025-09-27,9,Сливки,1.5,л,200,300.0
2025-09-27,9,Молоко,2.3,л,70,161.0
2025-09-27,9,Макароны,1.9,кг,80,152.0
2025-09-27,9,Рис,1.7,кг,90,153.0
2025-09-27,9,Мука,1.2,кг,50,60.0
2025-09-27,9,Кофе в зернах,0.2,кг,800,160.0
2025-09-27,9,Чай листовой,0.2,кг,500,100.0
2025-09-27,9,Соки,1.7,л,120,204.0
2025-09-27,9,Пиво,2.2,л,150,330.0
2025-09-28,2,Куриное филе,2.3,кг,250,575.0
2025-09-28,2,Говядина,1.5,кг,500,750.0
2025-09-28,2,Свинина,0.9,кг,400,360.0
2025-09-28,2,Рыба (филе),1.0,кг,600,600.0
2025-09-28,2,Огурцы,1.6,кг,100,160.0
2025-09-28,2,Салат айсберг,1.0,кг,150,150.0
2025-09-28,2,Сыр твердый,1.0,кг,450,450.0
2025-09-28,2,Сыр пармезан,0.6,кг,800,480.0
2025-09-28,2,Сливки,1.3,л,200,260.0
2025-09-28,2,Макароны,2.2,кг,80,176.0
2025-09-28,2,Рис,1.8,кг,90,162.0
2025-09-28,2,Сахар,0.5,кг,60,30.0
2025-09-28,2,Кофе в зернах,0.3,кг,800,240.0
2025-09-28,2,Пиво,2.8,л,150,420.0
2025-09-28,9,Говядина,1.6,кг,500,800.0
2025-09-28,9,Свинина,1.1,кг,400,440.0
2025-09-28,9,Рыба (филе),1.2,кг,600,720.0
2025-09-28,9,Помидоры,2.1,кг,120,252.0
2025-09-28,9,Салат айсберг,1.0,кг,150,150.0
2025-09-28,9,Сыр твердый,1.0,кг,450,450.0
2025-09-28,9,Макароны,1.8,кг,80,144.0
2025-09-28,9,Мука,1.1,кг,50,55.0
2025-09-28,9,Сахар,0.6,кг,60,36.0
2025-09-28,9,Кофе в зернах,0.3,кг,800,240.0
2025-09-28,9,Чай листовой,0.2,кг,500,100.0
2025-09-28,9,Соки,2.3,л,120,276.0
2025-09-28,9,Пиво,2.5,л,150,375.0
2025-09-28,10,Говядина,1.4,кг,500,700.0
2025-09-28,10,Рыба (филе),1.0,кг,600,600.0
2025-09-28,10,Помидоры,2.3,кг,120,276.0
2025-09-28,10,Салат айсберг,0.8,кг,150,120.0
2025-09-28,10,Сыр твердый,0.8,кг,450,360.0
2025-09-28,10,Молоко,2.9,л,70,203.0
2025-09-28,10,Макароны,2.3,кг,80,184.0
2025-09-28,10,Мука,1.1,кг,50,55.0
2025-09-28,10,Кофе в зернах,0.3,кг,800,240.0
2025-09-28,10,Чай листовой,0.1,кг,500,50.0
2025-09-28,10,Соки,2.0,л,120,240.0
2025-09-28,10,Пиво,2.3,л,150,345.0
2025-09-29,1,Куриное филе,2.8,кг,250,700.0
2025-09-29,1,Говядина,1.4,кг,500,700.0
2025-09-29,1,Свинина,0.9,кг,400,360.0
2025-09-29,1,Креветки,0.4,кг,800,320.0
2025-09-29,1,Помидоры,2.0,кг,120,240.0
2025-09-29,1,Огурцы,1.3,кг,100,130.0
2025-09-29,1,Салат айсберг,1.0,кг,150,150.0
2025-09-29,1,Картофель,3.5,кг,40,140.0
2025-09-29,1,Сыр твердый,1.1,кг,450,495.0
2025-09-29,1,Сыр пармезан,0.5,кг,800,400.0
2025-09-29,1,Молоко,2.0,л,70,140.0
2025-09-29,1,Макароны,1.8,кг,80,144.0
2025-09-29,1,Мука,1.1,кг,50,55.0
2025-09-29,1,Сахар,0.4,кг,60,24.0
2025-09-29,1,Чай листовой,0.1,кг,500,50.0
2025-09-29,1,Соки,2.3,л,120,276.0
2025-09-29,1,Пиво,2.3,л,150,345.0
2025-09-29,2,Говядина,1.4,кг,500,700.0
2025-09-29,2,Свинина,0.9,кг,400,360.0
2025-09-29,2,Креветки,0.5,кг,800,400.0
2025-09-29,2,Помидоры,2.5,кг,120,300.0
2025-09-29,2,Огурцы,1.9,кг,100,190.0
2025-09-29,2,Салат айсберг,1.0,кг,150,150.0
2025-09-29,2,Сливки,1.4,л,200,280.0
2025-09-29,2,Макароны,1.7,кг,80,136.0
2025-09-29,2,Рис,1.4,кг,90,126.0
2025-09-29,2,Мука,1.1,кг,50,55.0
2025-09-29,2,Сахар,0.5,кг,60,30.0
2025-09-29,2,Кофе в зернах,0.3,кг,800,240.0
2025-09-29,8,Говядина,1.2,кг,500,600.0
2025-09-29,8,Свинина,0.9,кг,400,360.0
2025-09-29,8,Рыба (филе),1.1,кг,600,660.0
2025-09-29,8,Креветки,0.5,кг,800,400.0
2025-09-29,8,Помидоры,2.0,кг,120,240.0
2025-09-29,8,Картофель,4.5,кг,40,180.0
2025-09-29,8,Сыр пармезан,0.4,кг,800,320.0
2025-09-29,8,Сливки,1.4,л,200,280.0
2025-09-29,8,Молоко,3.1,л,70,217.0
2025-09-29,8,Рис,1.4,кг,90,126.0
2025-09-29,8,Сахар,0.5,кг,60,30.0
2025-09-30,3,Куриное филе,2.1,кг,250,525.0
2025-09-30,3,Свинина,1.1,кг,400,440.0
2025-09-30,3,Креветки,0.5,кг,800,400.0
2025-09-30,3,Помидоры,2.4,кг,120,288.0
2025-09-30,3,Огурцы,1.5,кг,100,150.0
2025-09-30,3,Салат айсберг,0.9,кг,150,135.0
2025-09-30,3,Сыр твердый,0.9,кг,450,405.0
2025-09-30,3,Сыр пармезан,0.4,кг,800,320.0
2025-09-30,3,Сливки,1.4,л,200,280.0
2025-09-30,3,Молоко,2.4,л,70,168.0
2025-09-30,3,Рис,1.2,кг,90,108.0
2025-09-30,3,Мука,1.2,кг,50,60.0
2025-09-30,3,Сахар,0.4,кг,60,24.0
2025-09-30,3,Кофе в зернах,0.3,кг,800,240.0
2025-09-30,3,Соки,1.8,л,120,216.0
2025-09-30,3,Пиво,2.1,л,150,315.0
2025-09-30,5,Куриное филе,2.5,кг,250,625.0
2025-09-30,5,Говядина,1.7,кг,500,850.0
2025-09-30,5,Свинина,1.2,кг,400,480.0
2025-09-30,5,Рыба (филе),0.8,кг,600,480.0
2025-09-30,5,Креветки,0.6,кг,800,480.0
2025-09-30,5,Огурцы,1.3,кг,100,130.0
2025-09-30,5,Картофель,4.4,кг,40,176.0
2025-09-30,5,Сыр твердый,0.9,кг,450,405.0
2025-09-30,5,Сыр пармезан,0.5,кг,800,400.0
2025-09-30,5,Сливки,1.4,л,200,280.0
2025-09-30,5,Молоко,2.2,л,70,154.0
2025-09-30,5,Макароны,2.4,кг,80,192.0
2025-09-30,5,Рис,1.6,кг,90,144.0
2025-09-30,5,Мука,0.9,кг,50,45.0
2025-09-30,5,Кофе в зернах,0.2,кг,800,160.0
2025-09-30,5,Чай листовой,0.2,кг,500,100.0
2025-09-30,5,Соки,1.8,л,120,216.0
2025-09-30,5,Пиво,2.4,л,150,360.0
2025-09-30,6,Куриное филе,2.5,кг,250,625.0
2025-09-30,6,Говядина,1.5,кг,500,750.0
2025-09-30,6,Свинина,0.9,кг,400,360.0
2025-09-30,6,Рыба (филе),0.9,кг,600,540.0
2025-09-30,6,Креветки,0.6,кг,800,480.0
2025-09-30,6,Помидоры,2.3,кг,120,276.0
2025-09-30,6,Огурцы,1.5,кг,100,150.0
2025-09-30,6,Салат айсберг,0.8,кг,150,120.0
2025-09-30,6,Картофель,3.9,кг,40,156.0
2025-09-30,6,Сыр пармезан,0.4,кг,800,320.0
2025-09-30,6,Молоко,2.2,л,70,154.0
2025-09-30,6,Макароны,2.0,кг,80,160.0
2025-09-30,6,Рис,1.7,кг,90,153.0
2025-09-30,6,Мука,1.0,кг,50,50.0
2025-09-30,6,Сахар,0.5,кг,60,30.0
2025-09-30,6,Соки,2.0,л,120,240.0
2025-09-30,6,Пиво,2.8,л,150,420.0
2025-09-30,7,Куриное филе,2.2,кг,250,550.0
2025-09-30,7,Говядина,1.6,кг,500,800.0
2025-09-30,7,Помидоры,1.7,кг,120,204.0
2025-09-30,7,Огурцы,1.6,кг,100,160.0
2025-09-30,7,Сыр твердый,1.1,кг,450,495.0
2025-09-30,7,Сливки,1.6,л,200,320.0
2025-09-30,7,Молоко,2.3,л,70,161.0
2025-09-30,7,Макароны,1.8,кг,80,144.0
2025-09-30,7,Рис,1.7,кг,90,153.0
2025-09-30,7,Мука,1.2,кг,50,60.0
2025-09-30,7,Сахар,0.6,кг,60,36.0
2025-09-30,7,Кофе в зернах,0.2,кг,800,160.0
2025-09-30,7,Чай листовой,0.1,кг,500,50.0
2025-09-30,7,Соки,2.2,л,120,264.0
2025-09-30,7,Пиво,2.1,л,150,315.0
2025-09-30,10,Куриное филе,2.8,кг,250,700.0
2025-09-30,10,Говядина,1.8,кг,500,900.0
2025-09-30,10,Свинина,0.9,кг,400,360.0
2025-09-30,10,Рыба (филе),0.9,кг,600,540.0
2025-09-30,10,Креветки,0.5,кг,800,400.0
2025-09-30,10,Огурцы,1.5,кг,100,150.0
2025-09-30,10,Картофель,4.5,кг,40,180.0
2025-09-30,10,Сыр твердый,1.1,кг,450,495.0
2025-09-30,10,Сливки,1.4,л,200,280.0
2025-09-30,10,Молоко,2.5,л,70,175.0
2025-09-30,10,Макароны,2.1,кг,80,168.0
2025-09-30,10,Рис,1.2,кг,90,108.0
2025-09-30,10,Мука,1.0,кг,50,50.0
2025-09-30,10,Сахар,0.5,кг,60,30.0
2025-09-30,10,Соки,2.4,л,120,288.0
2025-10-01,3,Куриное филе,2.4,кг,250,600.0
2025-10-01,3,Рыба (филе),1.1,кг,600,660.0
2025-10-01,3,Креветки,0.6,кг,800,480.0
2025-10-01,3,Помидоры,1.6,кг,120,192.0
2025-10-01,3,Огурцы,1.8,кг,100,180.0
2025-10-01,3,Салат айсберг,0.9,кг,150,135.0
2025-10-01,3,Картофель,3.3,кг,40,132.0
2025-10-01,3,Сыр твердый,1.0,кг,450,450.0
2025-10-01,3,Сыр пармезан,0.6,кг,800,480.0
2025-10-01,3,Сливки,1.4,л,200,280.0
2025-10-01,3,Молоко,2.3,л,70,161.0
2025-10-01,3,Макароны,2.2,кг,80,176.0
2025-10-01,3,Рис,1.7,кг,90,153.0
2025-10-01,3,Мука,1.2,кг,50,60.0
2025-10-01,3,Сахар,0.5,кг,60,30.0
2025-10-01,5,Куриное филе,2.2,кг,250,550.0
2025-10-01,5,Говядина,1.5,кг,500,750.0
2025-10-01,5,Свинина,0.9,кг,400,360.0
2025-10-01,5,Рыба (филе),1.0,кг,600,600.0
2025-10-01,5,Помидоры,1.8,кг,120,216.0
2025-10-01,5,Огурцы,1.3,кг,100,130.0
2025-10-01,5,Салат айсберг,1.0,кг,150,150.0
2025-10-01,5,Сыр твердый,1.1,кг,450,495.0
2025-10-01,5,Сыр пармезан,0.4,кг,800,320.0
2025-10-01,5,Кофе в зернах,0.2,кг,800,160.0
2025-10-01,5,Чай листовой,0.2,кг,500,100.0
2025-10-01,5,Пиво,2.4,л,150,360.0
2025-10-01,7,Куриное филе,2.7,кг,250,675.0
2025-10-01,7,Говядина,1.6,кг,500,800.0
2025-10-01,7,Свинина,1.1,кг,400,440.0
2025-10-01,7,Рыба (филе),0.9,кг,600,540.0
2025-10-01,7,Креветки,0.5,кг,800,400.0
2025-10-01,7,Помидоры,1.7,кг,120,204.0
2025-10-01,7,Огурцы,1.4,кг,100,140.0
2025-10-01,7,Салат айсберг,0.9,кг,150,135.0
2025-10-01,7,Картофель,3.8,кг,40,152.0
2025-10-01,7,Сыр твердый,1.1,кг,450,495.0
2025-10-01,7,Сливки,1.6,л,200,320.0
2025-10-01,7,Макароны,2.4,кг,80,192.0
2025-10-01,7,Сахар,0.5,кг,60,30.0
2025-10-01,7,Кофе в зернах,0.2,кг,800,160.0
2025-10-01,7,Чай листовой,0.2,кг,500,100.0
2025-10-01,7,Пиво,2.7,л,150,405.0
2025-10-01,9,Говядина,1.7,кг,500,850.0
2025-10-01,9,Помидоры,2.1,кг,120,252.0
2025-10-01,9,Огурцы,1.5,кг,100,150.0
2025-10-01,9,Картофель,3.7,кг,40,148.0
2025-10-01,9,Сыр твердый,1.1,кг,450,495.0
2025-10-01,9,Сыр пармезан,0.6,кг,800,480.0
2025-10-01,9,Сливки,1.8,л,200,360.0
2025-10-01,9,Молоко,2.7,л,70,189.0
2025-10-01,9,Макароны,2.2,кг,80,176.0
2025-10-01,9,Рис,1.6,кг,90,144.0
2025-10-01,9,Мука,1.2,кг,50,60.0
2025-10-01,9,Сахар,0.5,кг,60,30.0
2025-10-01,9,Кофе в зернах,0.3,кг,800,240.0
2025-10-01,9,Чай листовой,0.1,кг,500,50.0
2025-10-01,9,Соки,2.1,л,120,252.0
2025-10-01,9,Пиво,2.2,л,150,330.0
2025-10-02,1,Куриное филе,2.7,кг,250,675.0
2025-10-02,1,Говядина,1.8,кг,500,900.0
2025-10-02,1,Креветки,0.4,кг,800,320.0
2025-10-02,1,Помидоры,1.6,кг,120,192.0
2025-10-02,1,Огурцы,1.3,кг,100,130.0
2025-10-02,1,Салат айсберг,1.0,кг,150,150.0
2025-10-02,1,Картофель,4.7,кг,40,188.0
2025-10-02,1,Сыр пармезан,0.5,кг,800,400.0
2025-10-02,1,Молоко,2.9,л,70,203.0
2025-10-02,1,Макароны,2.0,кг,80,160.0
2025-10-02,1,Рис,1.5,кг,90,135.0
2025-10-02,1,Сахар,0.5,кг,60,30.0
2025-10-02,1,Кофе в зернах,0.2,кг,800,160.0
2025-10-02,1,Чай листовой,0.2,кг,500,100.0
2025-10-02,1,Соки,2.2,л,120,264.0
2025-10-02,1,Пиво,2.6,л,150,390.0
2025-10-02,2,Говядина,1.8,кг,500,900.0
2025-10-02,2,Свинина,1.1,кг,400,440.0
2025-10-02,2,Рыба (филе),1.0,кг,600,600.0
2025-10-02,2,Креветки,0.5,кг,800,400.0
2025-10-02,2,Картофель,3.9,кг,40,156.0
2025-10-02,2,Сыр твердый,1.0,кг,450,450.0
2025-10-02,2,Сыр пармезан,0.5,кг,800,400.0
2025-10-02,2,Сливки,1.4,л,200,280.0
2025-10-02,2,Молоко,2.4,л,70,168.0
2025-10-02,2,Макароны,1.8,кг,80,144.0
2025-10-02,2,Мука,1.2,кг,50,60.0
2025-10-02,2,Сахар,0.5,кг,60,30.0
2025-10-02,2,Чай листовой,0.2,кг,500,100.0
2025-10-02,2,Соки,2.4,л,120,288.0
2025-10-02,6,Куриное филе,2.5,кг,250,625.0
2025-10-02,6,Креветки,0.5,кг,800,400.0
2025-10-02,6,Помидоры,2.2,кг,120,264.0
2025-10-02,6,Огурцы,1.4,кг,100,140.0
2025-10-02,6,Салат айсберг,1.0,кг,150,150.0
2025-10-02,6,Сыр твердый,1.1,кг,450,495.0
2025-10-02,6,Сыр пармезан,0.5,кг,800,400.0
2025-10-02,6,Молоко,2.3,л,70,161.0
2025-10-02,6,Рис,1.6,кг,90,144.0
2025-10-02,6,Мука,1.1,кг,50,55.0
2025-10-02,6,Сахар,0.5,кг,60,30.0
2025-10-02,6,Чай листовой,0.2,кг,500,100.0
2025-10-02,6,Соки,2.1,л,120,252.0
2025-10-02,6,Пиво,2.7,л,150,405.0
2025-10-02,9,Свинина,1.3,кг,400,520.0
2025-10-02,9,Рыба (филе),0.9,кг,600,540.0
2025-10-02,9,Креветки,0.6,кг,800,480.0
2025-10-02,9,Помидоры,2.0,кг,120,240.0
2025-10-02,9,Огурцы,1.5,кг,100,150.0
2025-10-02,9,Салат айсберг,0.9,кг,150,135.0
2025-10-02,9,Сыр твердый,0.9,кг,450,405.0
2025-10-02,9,Сыр пармезан,0.6,кг,800,480.0
2025-10-02,9,Макароны,2.3,кг,80,184.0
2025-10-02,9,Рис,1.8,кг,90,162.0
2025-10-02,9,Мука,1.1,кг,50,55.0
2025-10-02,9,Кофе в зернах,0.3,кг,800,240.0
2025-10-02,9,Чай листовой,0.2,кг,500,100.0
2025-10-02,9,Соки,1.8,л,120,216.0
2025-10-02,9,Пиво,2.8,л,150,420.0
2025-10-02,10,Куриное филе,2.8,кг,250,700.0
2025-10-02,10,Говядина,1.6,кг,500,800.0
2025-10-02,10,Свинина,1.0,кг,400,400.0
2025-10-02,10,Рыба (филе),1.1,кг,600,660.0
2025-10-02,10,Креветки,0.5,кг,800,400.0
2025-10-02,10,Сыр пармезан,0.4,кг,800,320.0
2025-10-02,10,Сливки,1.6,л,200,320.0
2025-10-02,10,Молоко,3.1,л,70,217.0
2025-10-02,10,Макароны,2.5,кг,80,200.0
2025-10-02,10,Мука,0.9,кг,50,45.0
2025-10-02,10,Сахар,0.5,кг,60,30.0
2025-10-02,10,Кофе в зернах,0.3,кг,800,240.0
2025-10-02,10,Чай листовой,0.2,кг,500,100.0
2025-10-02,10,Соки,2.4,л,120,288.0
2025-10-02,10,Пиво,2.2,л,150,330.0
2025-10-03,2,Говядина,1.7,кг,500,850.0
2025-10-03,2,Рыба (филе),1.0,кг,600,600.0
2025-10-03,2,Огурцы,1.3,кг,100,130.0
2025-10-03,2,Салат айсберг,1.0,кг,150,150.0
2025-10-03,2,Картофель,3.8,кг,40,152.0
2025-10-03,2,Сыр твердый,0.9,кг,450,405.0
2025-10-03,2,Сыр пармезан,0.5,кг,800,400.0
2025-10-03,2,Молоко,2.3,л,70,161.0
2025-10-03,2,Рис,1.4,кг,90,126.0
2025-10-03,2,Мука,0.9,кг,50,45.0
2025-10-03,2,Кофе в зернах,0.2,кг,800,160.0
2025-10-03,7,Куриное филе,3.2,кг,250,800.0
2025-10-03,7,Говядина,1.4,кг,500,700.0
2025-10-03,7,Свинина,0.9,кг,400,360.0
2025-10-03,7,Креветки,0.5,кг,800,400.0
2025-10-03,7,Помидоры,2.1,кг,120,252.0
2025-10-03,7,Огурцы,1.4,кг,100,140.0
2025-10-03,7,Салат айсберг,1.1,кг,150,165.0
2025-10-03,7,Сыр твердый,1.0,кг,450,450.0
2025-10-03,7,Молоко,2.6,л,70,182.0
2025-10-03,7,Макароны,1.9,кг,80,152.0
2025-10-03,7,Сахар,0.5,кг,60,30.0
2025-10-03,7,Кофе в зернах,0.3,кг,800,240.0
2025-10-03,7,Соки,2.1,л,120,252.0
2025-10-03,7,Пиво,3.0,л,150,450.0
2025-10-03,8,Куриное филе,2.8,кг,250,700.0
2025-10-03,8,Говядина,1.5,кг,500,750.0
2025-10-03,8,Рыба (филе),0.9,кг,600,540.0
2025-10-03,8,Креветки,0.5,кг,800,400.0
2025-10-03,8,Помидоры,2.4,кг,120,288.0
2025-10-03,8,Огурцы,1.5,кг,100,150.0
2025-10-03,8,Салат айсберг,1.0,кг,150,150.0
2025-10-03,8,Картофель,4.9,кг,40,196.0
2025-10-03,8,Сыр твердый,1.0,кг,450,450.0
2025-10-03,8,Сыр пармезан,0.5,кг,800,400.0
2025-10-03,8,Сливки,1.4,л,200,280.0
2025-10-03,8,Молоко,2.2,л,70,154.0
2025-10-03,8,Рис,1.4,кг,90,126.0
2025-10-03,8,Мука,1.0,кг,50,50.0
2025-10-03,8,Чай листовой,0.2,кг,500,100.0
2025-10-03,8,Соки,1.8,л,120,216.0
2025-10-03,10,Куриное филе,2.8,кг,250,700.0
2025-10-03,10,Говядина,1.6,кг,500,800.0
2025-10-03,10,Свинина,1.0,кг,400,400.0
2025-10-03,10,Креветки,0.5,кг,800,400.0
2025-10-03,10,Огурцы,1.5,кг,100,150.0
2025-10-03,10,Салат айсберг,1.0,кг,150,150.0
2025-10-03,10,Сыр твердый,0.8,кг,450,360.0
2025-10-03,10,Макароны,2.0,кг,80,160.0
2025-10-03,10,Рис,1.7,кг,90,153.0
2025-10-03,10,Мука,1.1,кг,50,55.0
2025-10-03,10,Сахар,0.6,кг,60,36.0
2025-10-03,10,Чай листовой,0.2,кг,500,100.0
2025-10-03,10,Пиво,2.5,л,150,375.0
2025-10-04,1,Куриное филе,2.5,кг,250,625.0
2025-10-04,1,Свинина,1.0,кг,400,400.0
2025-10-04,1,Рыба (филе),0.9,кг,600,540.0
2025-10-04,1,Креветки,0.5,кг,800,400.0
2025-10-04,1,Огурцы,1.6,кг,100,160.0
2025-10-04,1,Картофель,3.9,кг,40,156.0
2025-10-04,1,Сыр твердый,1.0,кг,450,450.0
2025-10-04,1,Сыр пармезан,0.5,кг,800,400.0
2025-10-04,1,Сливки,1.5,л,200,300.0
2025-10-04,1,Молоко,2.2,л,70,154.0
2025-10-04,1,Макароны,1.8,кг,80,144.0
2025-10-04,1,Рис,1.6,кг,90,144.0
2025-10-04,1,Кофе в зернах,0.2,кг,800,160.0
2025-10-04,1,Чай листовой,0.1,кг,500,50.0
2025-10-04,1,Соки,2.1,л,120,252.0
2025-10-04,5,Куриное филе,2.8,кг,250,700.0
2025-10-04,5,Рыба (филе),1.2,кг,600,720.0
2025-10-04,5,Помидоры,1.8,кг,120,216.0
2025-10-04,5,Огурцы,1.6,кг,100,160.0
2025-10-04,5,Салат айсберг,0.9,кг,150,135.0
2025-10-04,5,Картофель,3.7,кг,40,148.0
2025-10-04,5,Сыр твердый,0.9,кг,450,405.0
2025-10-04,5,Сливки,1.4,л,200,280.0
2025-10-04,5,Молоко,2.6,л,70,182.0
2025-10-04,5,Макароны,2.1,кг,80,168.0
2025-10-04,5,Рис,1.5,кг,90,135.0
2025-10-04,5,Сахар,0.5,кг,60,30.0
2025-10-04,5,Чай листовой,0.2,кг,500,100.0
2025-10-04,5,Соки,2.2,л,120,264.0
2025-10-04,5,Пиво,2.2,л,150,330.0
2025-10-04,7,Куриное филе,3.0,кг,250,750.0
2025-10-04,7,Говядина,1.7,кг,500,850.0
2025-10-04,7,Свинина,0.9,кг,400,360.0
2025-10-04,7,Рыба (филе),1.1,кг,600,660.0
2025-10-04,7,Креветки,0.5,кг,800,400.0
2025-10-04,7,Помидоры,2.0,кг,120,240.0
2025-10-04,7,Картофель,4.7,кг,40,188.0
2025-10-04,7,Сыр твердый,0.8,кг,450,360.0
2025-10-04,7,Сыр пармезан,0.5,кг,800,400.0
2025-10-04,7,Макароны,2.1,кг,80,168.0
2025-10-04,7,Рис,1.7,кг,90,153.0
2025-10-04,7,Мука,1.1,кг,50,55.0
2025-10-04,7,Кофе в зернах,0.2,кг,800,160.0
2025-10-04,7,Чай листовой,0.2,кг,500,100.0
2025-10-04,7,Соки,1.8,л,120,216.0
2025-10-04,9,Говядина,1.8,кг,500,900.0
2025-10-04,9,Свинина,1.1,кг,400,440.0
2025-10-04,9,Рыба (филе),0.9,кг,600,540.0
2025-10-04,9,Помидоры,2.2,кг,120,264.0
2025-10-04,9,Салат айсберг,1.1,кг,150,165.0
2025-10-04,9,Сыр твердый,1.0,кг,450,450.0
2025-10-04,9,Сыр пармезан,0.5,кг,800,400.0
2025-10-04,9,Сливки,1.6,л,200,320.0
2025-10-04,9,Молоко,2.5,л,70,175.0
2025-10-04,9,Макароны,2.4,кг,80,192.0
2025-10-04,9,Чай листовой,0.2,кг,500,100.0
2025-10-04,9,Соки,1.8,л,120,216.0
2025-10-05,4,Куриное филе,2.3,кг,250,575.0
2025-10-05,4,Говядина,1.6,кг,500,800.0
2025-10-05,4,Огурцы,1.5,кг,100,150.0
2025-10-05,4,Салат айсберг,1.1,кг,150,165.0
2025-10-05,4,Картофель,3.6,кг,40,144.0
2025-10-05,4,Молоко,2.7,л,70,189.0
2025-10-05,4,Макароны,1.6,кг,80,128.0
2025-10-05,4,Мука,0.8,кг,50,40.0
2025-10-05,4,Чай листовой,0.2,кг,500,100.0
2025-10-05,4,Пиво,2.4,л,150,360.0
2025-10-05,5,Куриное филе,3.1,кг,250,775.0
2025-10-05,5,Говядина,1.6,кг,500,800.0
2025-10-05,5,Рыба (филе),1.0,кг,600,600.0
2025-10-05,5,Помидоры,2.2,кг,120,264.0
2025-10-05,5,Огурцы,1.5,кг,100,150.0
2025-10-05,5,Картофель,4.3,кг,40,172.0
2025-10-05,5,Сыр твердый,1.1,кг,450,495.0
2025-10-05,5,Сыр пармезан,0.6,кг,800,480.0
2025-10-05,5,Сливки,1.6,л,200,320.0
2025-10-05,5,Молоко,2.2,л,70,154.0
2025-10-05,5,Макароны,2.1,кг,80,168.0
2025-10-05,5,Рис,1.8,кг,90,162.0
2025-10-05,5,Мука,1.0,кг,50,50.0
2025-10-05,5,Кофе в зернах,0.2,кг,800,160.0
2025-10-05,5,Чай листовой,0.1,кг,500,50.0
2025-10-05,5,Пиво,2.4,л,150,360.0
2025-10-05,6,Куриное филе,2.6,кг,250,650.0
2025-10-05,6,Говядина,1.3,кг,500,650.0
2025-10-05,6,Рыба (филе),1.0,кг,600,600.0
2025-10-05,6,Помидоры,2.1,кг,120,252.0
2025-10-05,6,Салат айсберг,0.9,кг,150,135.0
2025-10-05,6,Картофель,4.1,кг,40,164.0
2025-10-05,6,Сыр твердый,0.9,кг,450,405.0
2025-10-05,6,Сливки,1.5,л,200,300.0
2025-10-05,6,Молоко,2.2,л,70,154.0
2025-10-05,6,Макароны,2.4,кг,80,192.0
2025-10-05,6,Рис,1.3,кг,90,117.0
2025-10-05,6,Мука,1.0,кг,50,50.0
2025-10-05,6,Соки,2.0,л,120,240.0
2025-10-05,6,Пиво,2.2,л,150,330.0
2025-10-05,8,Говядина,1.6,кг,500,800.0
2025-10-05,8,Свинина,1.1,кг,400,440.0
2025-10-05,8,Помидоры,1.9,кг,120,228.0
2025-10-05,8,Огурцы,1.4,кг,100,140.0
2025-10-05,8,Салат айсберг,1.1,кг,150,165.0
2025-10-05,8,Картофель,4.3,кг,40,172.0
2025-10-05,8,Сыр твердый,0.9,кг,450,405.0
2025-10-05,8,Сыр пармезан,0.5,кг,800,400.0
2025-10-05,8,Рис,1.2,кг,90,108.0
2025-10-05,8,Мука,1.0,кг,50,50.0
2025-10-05,8,Сахар,0.6,кг,60,36.0
2025-10-05,8,Соки,2.2,л,120,264.0
2025-10-05,8,Пиво,2.1,л,150,315.0
2025-10-06,4,Куриное филе,2.5,кг,250,625.0
2025-10-06,4,Говядина,1.6,кг,500,800.0
2025-10-06,4,Свинина,0.9,кг,400,360.0
2025-10-06,4,Рыба (филе),0.9,кг,600,540.0
2025-10-06,4,Креветки,0.4,кг,800,320.0
2025-10-06,4,Помидоры,2.1,кг,120,252.0
2025-10-06,4,Огурцы,1.7,кг,100,170.0
2025-10-06,4,Сыр твердый,0.9,кг,450,405.0
2025-10-06,4,Сыр пармезан,0.5,кг,800,400.0
2025-10-06,4,Сливки,1.7,л,200,340.0
2025-10-06,4,Молоко,2.5,л,70,175.0
2025-10-06,4,Макароны,2.2,кг,80,176.0
2025-10-06,4,Рис,1.6,кг,90,144.0
2025-10-06,4,Мука,1.2,кг,50,60.0
2025-10-06,4,Чай листовой,0.1,кг,500,50.0
2025-10-06,4,Соки,1.9,л,120,228.0
2025-10-06,4,Пиво,2.9,л,150,435.0
2025-10-06,7,Говядина,1.6,кг,500,800.0
2025-10-06,7,Свинина,1.1,кг,400,440.0
2025-10-06,7,Рыба (филе),1.1,кг,600,660.0
2025-10-06,7,Помидоры,2.3,кг,120,276.0
2025-10-06,7,Огурцы,1.3,кг,100,130.0
2025-10-06,7,Салат айсберг,1.0,кг,150,150.0
2025-10-06,7,Картофель,4.0,кг,40,160.0
2025-10-06,7,Сыр твердый,0.9,кг,450,405.0
2025-10-06,7,Сыр пармезан,0.5,кг,800,400.0
2025-10-06,7,Сливки,1.5,л,200,300.0
2025-10-06,7,Молоко,2.9,л,70,203.0
2025-10-06,7,Рис,1.6,кг,90,144.0
2025-10-06,7,Сахар,0.6,кг,60,36.0
2025-10-06,7,Кофе в зернах,0.2,кг,800,160.0
2025-10-06,7,Соки,2.0,л,120,240.0
2025-10-06,7,Пиво,2.4,л,150,360.0
2025-10-07,4,Куриное филе,2.1,кг,250,525.0
2025-10-07,4,Говядина,1.5,кг,500,750.0
2025-10-07,4,Рыба (филе),0.8,кг,600,480.0
2025-10-07,4,Креветки,0.6,кг,800,480.0
2025-10-07,4,Помидоры,2.1,кг,120,252.0
2025-10-07,4,Огурцы,1.6,кг,100,160.0
2025-10-07,4,Салат айсберг,1.0,кг,150,150.0
2025-10-07,4,Сыр твердый,1.0,кг,450,450.0
2025-10-07,4,Сыр пармезан,0.4,кг,800,320.0
2025-10-07,4,Молоко,2.9,л,70,203.0
2025-10-07,4,Макароны,2.2,кг,80,176.0
2025-10-07,4,Рис,1.9,кг,90,171.0
2025-10-07,4,Мука,1.1,кг,50,55.0
2025-10-07,4,Кофе в зернах,0.3,кг,800,240.0
2025-10-07,4,Пиво,2.1,л,150,315.0
2025-10-07,6,Куриное филе,2.6,кг,250,650.0
2025-10-07,6,Свинина,0.9,кг,400,360.0
2025-10-07,6,Рыба (филе),0.9,кг,600,540.0
2025-10-07,6,Креветки,0.6,кг,800,480.0
2025-10-07,6,Помидоры,1.7,кг,120,204.0
2025-10-07,6,Салат айсберг,1.1,кг,150,165.0
2025-10-07,6,Картофель,3.8,кг,40,152.0
2025-10-07,6,Сыр твердый,0.9,кг,450,405.0
2025-10-07,6,Сыр пармезан,0.5,кг,800,400.0
2025-10-07,6,Сливки,1.6,л,200,320.0
2025-10-07,6,Молоко,2.6,л,70,182.0
2025-10-07,6,Макароны,1.9,кг,80,152.0
2025-10-07,6,Рис,1.5,кг,90,135.0
2025-10-07,6,Сахар,0.4,кг,60,24.0
2025-10-07,6,Кофе в зернах,0.2,кг,800,160.0
2025-10-07,6,Чай листовой,0.1,кг,500,50.0
2025-10-07,8,Куриное филе,2.4,кг,250,600.0
2025-10-07,8,Свинина,1.1,кг,400,440.0
2025-10-07,8,Сыр твердый,1.0,кг,450,450.0
2025-10-07,8,Сыр пармезан,0.5,кг,800,400.0
2025-10-07,8,Сливки,1.5,л,200,300.0
2025-10-07,8,Мука,1.1,кг,50,55.0
2025-10-07,8,Кофе в зернах,0.3,кг,800,240.0
2025-10-07,8,Пиво,2.3,л,150,345.0
2025-10-08,1,Куриное филе,2.3,кг,250,575.0
2025-10-08,1,Креветки,0.4,кг,800,320.0
2025-10-08,1,Огурцы,1.9,кг,100,190.0
2025-10-08,1,Картофель,3.9,кг,40,156.0
2025-10-08,1,Сливки,1.6,л,200,320.0
2025-10-08,1,Молоко,2.7,л,70,189.0
2025-10-08,1,Макароны,1.9,кг,80,152.0
2025-10-08,1,Рис,1.4,кг,90,126.0
2025-10-08,1,Мука,1.0,кг,50,50.0
2025-10-08,1,Сахар,0.4,кг,60,24.0
2025-10-08,1,Чай листовой,0.2,кг,500,100.0
2025-10-08,1,Соки,2.3,л,120,276.0
2025-10-08,1,Пиво,3.0,л,150,450.0
2025-10-08,6,Куриное филе,2.5,кг,250,625.0
2025-10-08,6,Говядина,1.2,кг,500,600.0
2025-10-08,6,Свинина,1.0,кг,400,400.0
2025-10-08,6,Рыба (филе),1.0,кг,600,600.0
2025-10-08,6,Креветки,0.5,кг,800,400.0
2025-10-08,6,Огурцы,1.3,кг,100,130.0
2025-10-08,6,Салат айсберг,1.2,кг,150,180.0
2025-10-08,6,Картофель,4.1,кг,40,164.0
2025-10-08,6,Сливки,1.4,л,200,280.0
2025-10-08,6,Молоко,2.5,л,70,175.0
2025-10-08,6,Макароны,1.8,кг,80,144.0
2025-10-08,6,Сахар,0.5,кг,60,30.0
2025-10-08,6,Кофе в зернах,0.2,кг,800,160.0
2025-10-08,6,Чай листовой,0.2,кг,500,100.0
2025-10-08,6,Пиво,2.8,л,150,420.0
2025-10-08,8,Куриное филе,2.5,кг,250,625.0
2025-10-08,8,Говядина,1.6,кг,500,800.0
2025-10-08,8,Рыба (филе),1.0,кг,600,600.0
2025-10-08,8,Салат айсберг,1.1,кг,150,165.0
2025-10-08,8,Сыр твердый,1.2,кг,450,540.0
2025-10-08,8,Сыр пармезан,0.5,кг,800,400.0
2025-10-08,8,Сливки,1.2,л,200,240.0
2025-10-08,8,Молоко,2.7,л,70,189.0
2025-10-08,8,Рис,1.7,кг,90,153.0
2025-10-08,8,Мука,0.9,кг,50,45.0
2025-10-08,8,Сахар,0.4,кг,60,24.0
2025-10-08,8,Чай листовой,0.1,кг,500,50.0
2025-10-08,8,Пиво,2.6,л,150,390.0
2025-10-09,1,Куриное филе,2.2,кг,250,550.0
2025-10-09,1,Говядина,1.9,кг,500,950.0
2025-10-09,1,Свинина,0.9,кг,400,360.0
2025-10-09,1,Рыба (филе),1.1,кг,600,660.0
2025-10-09,1,Креветки,0.4,кг,800,320.0
2025-10-09,1,Помидоры,1.5,кг,120,180.0
2025-10-09,1,Огурцы,1.4,кг,100,140.0
2025-10-09,1,Салат айсберг,1.1,кг,150,165.0
2025-10-09,1,Сыр твердый,0.9,кг,450,405.0
2025-10-09,1,Сыр пармезан,0.6,кг,800,480.0
2025-10-09,1,Сливки,1.3,л,200,260.0
2025-10-09,1,Молоко,2.1,л,70,147.0
2025-10-09,1,Макароны,2.3,кг,80,184.0
2025-10-09,1,Рис,1.4,кг,90,126.0
2025-10-09,1,Сахар,0.4,кг,60,24.0
2025-10-09,1,Кофе в зернах,0.2,кг,800,160.0
2025-10-09,1,Соки,1.8,л,120,216.0
2025-10-09,1,Пиво,3.0,л,150,450.0
2025-10-09,4,Куриное филе,2.6,кг,250,650.0
2025-10-09,4,Говядина,1.8,кг,500,900.0
2025-10-09,4,Свинина,0.8,кг,400,320.0
2025-10-09,4,Рыба (филе),1.0,кг,600,600.0
2025-10-09,4,Креветки,0.5,кг,800,400.0
2025-10-09,4,Помидоры,2.0,кг,120,240.0
2025-10-09,4,Огурцы,1.5,кг,100,150.0
2025-10-09,4,Салат айсберг,1.0,кг,150,150.0
2025-10-09,4,Картофель,3.3,кг,40,132.0
2025-10-09,4,Сыр твердый,0.9,кг,450,405.0
2025-10-09,4,Сыр пармезан,0.5,кг,800,400.0
2025-10-09,4,Сливки,1.6,л,200,320.0
2025-10-09,4,Молоко,2.8,л,70,196.0
2025-10-09,4,Макароны,2.1,кг,80,168.0
2025-10-09,4,Рис,1.3,кг,90,117.0
2025-10-09,4,Кофе в зернах,0.3,кг,800,240.0
2025-10-09,4,Чай листовой,0.1,кг,500,50.0
2025-10-09,4,Соки,2.4,л,120,288.0
2025-10-09,4,Пиво,2.3,л,150,345.0
2025-10-09,5,Куриное филе,2.7,кг,250,675.0
2025-10-09,5,Говядина,1.4,кг,500,700.0
2025-10-09,5,Рыба (филе),1.0,кг,600,600.0
2025-10-09,5,Креветки,0.5,кг,800,400.0
2025-10-09,5,Помидоры,2.1,кг,120,252.0
2025-10-09,5,Сыр пармезан,0.5,кг,800,400.0
2025-10-09,5,Сливки,1.6,л,200,320.0
2025-10-09,5,Макароны,2.5,кг,80,200.0
2025-10-09,5,Рис,1.4,кг,90,126.0
2025-10-09,5,Кофе в зернах,0.2,кг,800,160.0
2025-10-09,5,Чай листовой,0.2,кг,500,100.0
2025-10-09,8,Куриное филе,2.5,кг,250,625.0
2025-10-09,8,Говядина,1.6,кг,500,800.0
2025-10-09,8,Рыба (филе),1.1,кг,600,660.0
2025-10-09,8,Креветки,0.6,кг,800,480.0
2025-10-09,8,Огурцы,1.7,кг,100,170.0
2025-10-09,8,Салат айсберг,0.9,кг,150,135.0
2025-10-09,8,Сыр твердый,1.0,кг,450,450.0
2025-10-09,8,Молоко,2.7,л,70,189.0
2025-10-09,8,Рис,1.5,кг,90,135.0
2025-10-09,8,Мука,1.0,кг,50,50.0
2025-10-09,8,Сахар,0.5,кг,60,30.0
2025-10-09,8,Кофе в зернах,0.3,кг,800,240.0
2025-10-09,8,Чай листовой,0.1,кг,500,50.0
2025-10-09,8,Пиво,2.2,л,150,330.0
2025-10-10,6,Говядина,1.8,кг,500,900.0
2025-10-10,6,Помидоры,2.0,кг,120,240.0
2025-10-10,6,Картофель,3.6,кг,40,144.0
2025-10-10,6,Сыр пармезан,0.6,кг,800,480.0
2025-10-10,6,Молоко,2.6,л,70,182.0
2025-10-10,6,Макароны,1.8,кг,80,144.0
2025-10-10,6,Рис,1.8,кг,90,162.0
2025-10-10,6,Сахар,0.5,кг,60,30.0
2025-10-10,6,Кофе в зернах,0.3,кг,800,240.0
2025-10-10,6,Чай листовой,0.1,кг,500,50.0
2025-10-10,6,Соки,2.1,л,120,252.0
2025-10-10,6,Пиво,2.8,л,150,420.0
2025-10-10,7,Куриное филе,2.3,кг,250,575.0
2025-10-10,7,Свинина,1.2,кг,400,480.0
2025-10-10,7,Креветки,0.5,кг,800,400.0
2025-10-10,7,Помидоры,1.7,кг,120,204.0
2025-10-10,7,Салат айсберг,1.2,кг,150,180.0
2025-10-10,7,Картофель,4.0,кг,40,160.0
2025-10-10,7,Сыр твердый,0.9,кг,450,405.0
2025-10-10,7,Сливки,1.5,л,200,300.0
2025-10-10,7,Молоко,2.6,л,70,182.0
2025-10-10,7,Макароны,2.0,кг,80,160.0
2025-10-10,7,Рис,1.6,кг,90,144.0
2025-10-10,7,Мука,1.2,кг,50,60.0
2025-10-10,7,Кофе в зернах,0.3,кг,800,240.0
2025-10-10,7,Чай листовой,0.1,кг,500,50.0
2025-10-10,7,Пиво,2.5,л,150,375.0
2025-10-10,8,Куриное филе,2.5,кг,250,625.0
2025-10-10,8,Говядина,1.7,кг,500,850.0
2025-10-10,8,Свинина,1.0,кг,400,400.0
2025-10-10,8,Рыба (филе),1.1,кг,600,660.0
2025-10-10,8,Огурцы,1.4,кг,100,140.0
2025-10-10,8,Салат айсберг,1.0,кг,150,150.0
2025-10-10,8,Картофель,3.7,кг,40,148.0
2025-10-10,8,Сыр твердый,0.9,кг,450,405.0
2025-10-10,8,Сыр пармезан,0.5,кг,800,400.0
2025-10-10,8,Сливки,1.4,л,200,280.0
2025-10-10,8,Молоко,2.7,л,70,189.0
2025-10-10,8,Рис,1.3,кг,90,117.0
2025-10-10,8,Мука,0.9,кг,50,45.0
2025-10-10,8,Кофе в зернах,0.3,кг,800,240.0
2025-10-10,8,Соки,2.1,л,120,252.0
2025-10-10,8,Пиво,2.4,л,150,360.0
2025-10-11,1,Куриное филе,2.5,кг,250,625.0
2025-10-11,1,Свинина,1.0,кг,400,400.0
2025-10-11,1,Рыба (филе),1.0,кг,600,600.0
2025-10-11,1,Креветки,0.5,кг,800,400.0
2025-10-11,1,Помидоры,2.0,кг,120,240.0
2025-10-11,1,Огурцы,1.5,кг,100,150.0
2025-10-11,1,Картофель,4.1,кг,40,164.0
2025-10-11,1,Сыр твердый,0.9,кг,450,405.0
2025-10-11,1,Сыр пармезан,0.5,кг,800,400.0
2025-10-11,1,Сливки,1.4,л,200,280.0
2025-10-11,1,Молоко,2.6,л,70,182.0
2025-10-11,1,Макароны,2.1,кг,80,168.0
2025-10-11,1,Рис,1.5,кг,90,135.0
2025-10-11,1,Мука,1.1,кг,50,55.0
2025-10-11,1,Кофе в зернах,0.2,кг,800,160.0
2025-10-11,1,Чай листовой,0.1,кг,500,50.0
2025-10-11,1,Соки,2.2,л,120,264.0
2025-10-11,1,Пиво,2.9,л,150,435.0
2025-10-11,4,Свинина,1.0,кг,400,400.0
2025-10-11,4,Креветки,0.5,кг,800,400.0
2025-10-11,4,Помидоры,2.5,кг,120,300.0
2025-10-11,4,Огурцы,1.6,кг,100,160.0
2025-10-11,4,Салат айсберг,1.0,кг,150,150.0
2025-10-11,4,Сливки,1.6,л,200,320.0
2025-10-11,4,Молоко,2.2,л,70,154.0
2025-10-11,4,Макароны,2.0,кг,80,160.0
2025-10-11,4,Рис,1.6,кг,90,144.0
2025-10-11,4,Мука,1.1,кг,50,55.0
2025-10-11,4,Сахар,0.5,кг,60,30.0
2025-10-11,4,Соки,2.3,л,120,276.0
2025-10-11,4,Пиво,2.4,л,150,360.0
2025-10-11,6,Куриное филе,2.8,кг,250,700.0
2025-10-11,6,Говядина,1.6,кг,500,800.0
2025-10-11,6,Свинина,1.0,кг,400,400.0
2025-10-11,6,Рыба (филе),1.1,кг,600,660.0
2025-10-11,6,Креветки,0.5,кг,800,400.0
2025-10-11,6,Огурцы,1.7,кг,100,170.0
2025-10-11,6,Салат айсберг,1.1,кг,150,165.0
2025-10-11,6,Сыр твердый,1.0,кг,450,450.0
2025-10-11,6,Сливки,1.7,л,200,340.0
2025-10-11,6,Макароны,2.1,кг,80,168.0
2025-10-11,6,Рис,1.5,кг,90,135.0
2025-10-11,6,Мука,1.1,кг,50,55.0
2025-10-11,6,Сахар,0.5,кг,60,30.0
2025-10-11,6,Кофе в зернах,0.3,кг,800,240.0
2025-10-11,6,Соки,1.7,л,120,204.0
2025-10-11,6,Пиво,2.6,л,150,390.0
2025-10-11,8,Куриное филе,2.1,кг,250,525.0
2025-10-11,8,Говядина,1.6,кг,500,800.0
2025-10-11,8,Свинина,1.0,кг,400,400.0
2025-10-11,8,Рыба (филе),1.0,кг,600,600.0
2025-10-11,8,Креветки,0.6,кг,800,480.0
2025-10-11,8,Салат айсберг,0.9,кг,150,135.0
2025-10-11,8,Картофель,3.5,кг,40,140.0
2025-10-11,8,Сыр твердый,0.9,кг,450,405.0
2025-10-11,8,Рис,1.9,кг,90,171.0
2025-10-11,8,Сахар,0.5,кг,60,30.0
2025-10-11,8,Кофе в зернах,0.2,кг,800,160.0
2025-10-11,8,Чай листовой,0.2,кг,500,100.0
2025-10-11,8,Соки,1.7,л,120,204.0
2025-10-11,10,Говядина,1.6,кг,500,800.0
2025-10-11,10,Свинина,1.0,кг,400,400.0
2025-10-11,10,Рыба (филе),1.1,кг,600,660.0
2025-10-11,10,Креветки,0.5,кг,800,400.0
2025-10-11,10,Помидоры,2.0,кг,120,240.0
2025-10-11,10,Огурцы,1.9,кг,100,190.0
2025-10-11,10,Салат айсберг,0.9,кг,150,135.0
2025-10-11,10,Сыр твердый,1.1,кг,450,495.0
2025-10-11,10,Сыр пармезан,0.6,кг,800,480.0
2025-10-11,10,Сливки,1.7,л,200,340.0
2025-10-11,10,Молоко,2.6,л,70,182.0
2025-10-11,10,Макароны,2.0,кг,80,160.0
2025-10-11,10,Рис,1.3,кг,90,117.0
2025-10-11,10,Сахар,0.6,кг,60,36.0
2025-10-11,10,Кофе в зернах,0.3,кг,800,240.0
2025-10-11,10,Соки,2.0,л,120,240.0
2025-10-11,10,Пиво,2.4,л,150,360.0
2025-10-12,1,Говядина,1.4,кг,500,700.0
2025-10-12,1,Рыба (филе),1.1,кг,600,660.0
2025-10-12,1,Помидоры,2.2,кг,120,264.0
2025-10-12,1,Огурцы,1.6,кг,100,160.0
2025-10-12,1,Салат айсберг,1.1,кг,150,165.0
2025-10-12,1,Сыр твердый,1.1,кг,450,495.0
2025-10-12,1,Сыр пармезан,0.5,кг,800,400.0
2025-10-12,1,Молоко,2.1,л,70,147.0
2025-10-12,1,Макароны,1.9,кг,80,152.0
2025-10-12,1,Рис,1.4,кг,90,126.0
2025-10-12,1,Мука,0.9,кг,50,45.0
2025-10-12,1,Сахар,0.6,кг,60,36.0
2025-10-12,1,Кофе в зернах,0.2,кг,800,160.0
2025-10-12,1,Чай листовой,0.2,кг,500,100.0
2025-10-12,1,Соки,2.4,л,120,288.0
2025-10-12,2,Куриное филе,2.8,кг,250,700.0
2025-10-12,2,Говядина,1.4,кг,500,700.0
2025-10-12,2,Свинина,1.0,кг,400,400.0
2025-10-12,2,Креветки,0.5,кг,800,400.0
2025-10-12,2,Помидоры,2.3,кг,120,276.0
2025-10-12,2,Огурцы,1.4,кг,100,140.0
2025-10-12,2,Салат айсберг,1.0,кг,150,150.0
2025-10-12,2,Картофель,3.3,кг,40,132.0
2025-10-12,2,Сыр твердый,1.2,кг,450,540.0
2025-10-12,2,Сыр пармезан,0.5,кг,800,400.0
2025-10-12,2,Молоко,2.8,л,70,196.0
2025-10-12,2,Макароны,1.6,кг,80,128.0
2025-10-12,2,Рис,1.6,кг,90,144.0
2025-10-12,2,Мука,1.0,кг,50,50.0
2025-10-12,2,Кофе в зернах,0.2,кг,800,160.0
2025-10-12,2,Соки,1.9,л,120,228.0
2025-10-12,2,Пиво,2.5,л,150,375.0
2025-10-12,6,Куриное филе,2.4,кг,250,600.0
2025-10-12,6,Говядина,1.4,кг,500,700.0
2025-10-12,6,Свинина,0.9,кг,400,360.0
2025-10-12,6,Рыба (филе),1.0,кг,600,600.0
2025-10-12,6,Помидоры,2.3,кг,120,276.0
2025-10-12,6,Сыр твердый,1.1,кг,450,495.0
2025-10-12,6,Сыр пармезан,0.5,кг,800,400.0
2025-10-12,6,Сливки,1.6,л,200,320.0
2025-10-12,6,Макароны,2.3,кг,80,184.0
2025-10-12,6,Сахар,0.4,кг,60,24.0
2025-10-12,6,Кофе в зернах,0.3,кг,800,240.0
2025-10-12,6,Соки,1.7,л,120,204.0
2025-10-12,7,Говядина,1.3,кг,500,650.0
2025-10-12,7,Свинина,1.0,кг,400,400.0
2025-10-12,7,Огурцы,1.4,кг,100,140.0
2025-10-12,7,Картофель,4.1,кг,40,164.0
2025-10-12,7,Сыр пармезан,0.5,кг,800,400.0
2025-10-12,7,Сливки,1.5,л,200,300.0
2025-10-12,7,Макароны,1.8,кг,80,144.0
2025-10-12,7,Мука,0.9,кг,50,45.0
2025-10-12,7,Сахар,0.5,кг,60,30.0
2025-10-12,7,Кофе в зернах,0.2,кг,800,160.0
2025-10-12,7,Соки,2.2,л,120,264.0
2025-10-12,9,Говядина,1.7,кг,500,850.0
2025-10-12,9,Свинина,0.9,кг,400,360.0
2025-10-12,9,Креветки,0.6,кг,800,480.0
2025-10-12,9,Помидоры,2.1,кг,120,252.0
2025-10-12,9,Салат айсберг,0.9,кг,150,135.0
2025-10-12,9,Картофель,4.2,кг,40,168.0
2025-10-12,9,Сыр пармезан,0.6,кг,800,480.0
2025-10-12,9,Сливки,1.4,л,200,280.0
2025-10-12,9,Молоко,2.8,л,70,196.0
2025-10-12,9,Макароны,1.9,кг,80,152.0
2025-10-12,9,Мука,1.2,кг,50,60.0
2025-10-12,9,Сахар,0.4,кг,60,24.0
2025-10-12,9,Чай листовой,0.1,кг,500,50.0
2025-10-12,9,Соки,1.9,л,120,228.0
2025-10-12,10,Говядина,1.7,кг,500,850.0
2025-10-12,10,Свинина,1.2,кг,400,480.0
2025-10-12,10,Рыба (филе),0.9,кг,600,540.0
2025-10-12,10,Креветки,0.5,кг,800,400.0
2025-10-12,10,Помидоры,1.8,кг,120,216.0
2025-10-12,10,Огурцы,1.5,кг,100,150.0
2025-10-12,10,Салат айсберг,1.0,кг,150,150.0
2025-10-12,10,Картофель,3.4,кг,40,136.0
2025-10-12,10,Сыр твердый,1.0,кг,450,450.0
2025-10-12,10,Сыр пармезан,0.5,кг,800,400.0
2025-10-12,10,Сливки,1.5,л,200,300.0
2025-10-12,10,Молоко,2.9,л,70,203.0
2025-10-12,10,Макароны,2.3,кг,80,184.0
2025-10-12,10,Рис,1.2,кг,90,108.0
2025-10-12,10,Мука,1.0,кг,50,50.0
2025-10-12,10,Кофе в зернах,0.3,кг,800,240.0
2025-10-12,10,Соки,2.3,л,120,276.0
2025-10-12,10,Пиво,2.5,л,150,375.0
2025-10-13,3,Свинина,0.9,кг,400,360.0
2025-10-13,3,Рыба (филе),1.0,кг,600,600.0
2025-10-13,3,Креветки,0.5,кг,800,400.0
2025-10-13,3,Огурцы,1.6,кг,100,160.0
2025-10-13,3,Картофель,3.7,кг,40,148.0
2025-10-13,3,Сливки,1.6,л,200,320.0
2025-10-13,3,Макароны,1.8,кг,80,144.0
2025-10-13,3,Мука,1.1,кг,50,55.0
2025-10-13,3,Сахар,0.5,кг,60,30.0
2025-10-13,3,Соки,2.1,л,120,252.0
2025-10-13,3,Пиво,2.2,л,150,330.0
2025-10-13,4,Куриное филе,2.8,кг,250,700.0
2025-10-13,4,Свинина,1.0,кг,400,400.0
2025-10-13,4,Креветки,0.6,кг,800,480.0
2025-10-13,4,Помидоры,2.2,кг,120,264.0
2025-10-13,4,Огурцы,1.4,кг,100,140.0
2025-10-13,4,Сыр твердый,1.1,кг,450,495.0
2025-10-13,4,Сыр пармезан,0.5,кг,800,400.0
2025-10-13,4,Сливки,1.5,л,200,300.0
2025-10-13,4,Молоко,2.1,л,70,147.0
2025-10-13,4,Рис,1.4,кг,90,126.0
2025-10-13,4,Сахар,0.5,кг,60,30.0
2025-10-13,4,Соки,2.3,л,120,276.0
2025-10-13,4,Пиво,2.5,л,150,375.0
2025-10-14,3,Куриное филе,2.0,кг,250,500.0
2025-10-14,3,Говядина,1.4,кг,500,700.0
2025-10-14,3,Свинина,0.9,кг,400,360.0
2025-10-14,3,Рыба (филе),1.2,кг,600,720.0
2025-10-14,3,Огурцы,1.7,кг,100,170.0
2025-10-14,3,Картофель,3.3,кг,40,132.0
2025-10-14,3,Сыр твердый,0.8,кг,450,360.0
2025-10-14,3,Сыр пармезан,0.5,кг,800,400.0
2025-10-14,3,Сливки,1.5,л,200,300.0
2025-10-14,3,Молоко,2.5,л,70,175.0
2025-10-14,3,Макароны,2.1,кг,80,168.0
2025-10-14,3,Мука,1.0,кг,50,50.0
2025-10-14,3,Сахар,0.5,кг,60,30.0
2025-10-14,3,Кофе в зернах,0.3,кг,800,240.0
2025-10-14,3,Чай листовой,0.2,кг,500,100.0
2025-10-14,3,Соки,2.3,л,120,276.0
2025-10-14,5,Куриное филе,2.1,кг,250,525.0
2025-10-14,5,Говядина,1.7,кг,500,850.0
2025-10-14,5,Рыба (филе),1.0,кг,600,600.0
2025-10-14,5,Креветки,0.5,кг,800,400.0
2025-10-14,5,Картофель,4.3,кг,40,172.0
2025-10-14,5,Сыр твердый,0.9,кг,450,405.0
2025-10-14,5,Сыр пармезан,0.5,кг,800,400.0
2025-10-14,5,Молоко,2.9,л,70,203.0
2025-10-14,5,Рис,1.5,кг,90,135.0
2025-10-14,5,Чай листовой,0.2,кг,500,100.0
2025-10-14,5,Соки,2.4,л,120,288.0
2025-10-14,5,Пиво,2.3,л,150,345.0
2025-10-14,6,Куриное филе,3.1,кг,250,775.0
2025-10-14,6,Говядина,1.7,кг,500,850.0
2025-10-14,6,Свинина,1.0,кг,400,400.0
2025-10-14,6,Креветки,0.5,кг,800,400.0
2025-10-14,6,Огурцы,1.6,кг,100,160.0
2025-10-14,6,Молоко,2.3,л,70,161.0
2025-10-14,6,Макароны,2.4,кг,80,192.0
2025-10-14,6,Рис,1.3,кг,90,117.0
2025-10-14,6,Мука,0.9,кг,50,45.0
2025-10-14,6,Сахар,0.5,кг,60,30.0
2025-10-14,6,Кофе в зернах,0.3,кг,800,240.0
2025-10-14,6,Чай листовой,0.2,кг,500,100.0
2025-10-14,6,Соки,1.8,л,120,216.0
2025-10-14,10,Говядина,1.1,кг,500,550.0
2025-10-14,10,Свинина,1.2,кг,400,480.0
2025-10-14,10,Рыба (филе),1.0,кг,600,600.0
2025-10-14,10,Креветки,0.5,кг,800,400.0
2025-10-14,10,Помидоры,2.2,кг,120,264.0
2025-10-14,10,Огурцы,1.3,кг,100,130.0
2025-10-14,10,Картофель,3.6,кг,40,144.0
2025-10-14,10,Сыр твердый,0.8,кг,450,360.0
2025-10-14,10,Сыр пармезан,0.5,кг,800,400.0
2025-10-14,10,Рис,1.5,кг,90,135.0
2025-10-14,10,Мука,1.1,кг,50,55.0
2025-10-14,10,Чай листовой,0.2,кг,500,100.0
2025-10-14,10,Пиво,2.3,л,150,345.0
2025-10-15,1,Куриное филе,2.4,кг,250,600.0
2025-10-15,1,Говядина,1.7,кг,500,850.0
2025-10-15,1,Свинина,1.0,кг,400,400.0
2025-10-15,1,Рыба (филе),1.0,кг,600,600.0
2025-10-15,1,Креветки,0.5,кг,800,400.0
2025-10-15,1,Огурцы,1.2,кг,100,120.0
2025-10-15,1,Картофель,4.8,кг,40,192.0
2025-10-15,1,Сыр пармезан,0.6,кг,800,480.0
2025-10-15,1,Сливки,1.5,л,200,300.0
2025-10-15,1,Макароны,2.3,кг,80,184.0
2025-10-15,1,Рис,1.5,кг,90,135.0
2025-10-15,1,Мука,1.2,кг,50,60.0
2025-10-15,1,Кофе в зернах,0.2,кг,800,160.0
2025-10-15,1,Чай листовой,0.2,кг,500,100.0
2025-10-15,1,Пиво,2.7,л,150,405.0
2025-10-15,2,Куриное филе,2.6,кг,250,650.0
2025-10-15,2,Свинина,0.9,кг,400,360.0
2025-10-15,2,Креветки,0.4,кг,800,320.0
2025-10-15,2,Помидоры,2.3,кг,120,276.0
2025-10-15,2,Огурцы,1.5,кг,100,150.0
2025-10-15,2,Салат айсберг,0.8,кг,150,120.0
2025-10-15,2,Сыр твердый,1.0,кг,450,450.0
2025-10-15,2,Сыр пармезан,0.5,кг,800,400.0
2025-10-15,2,Сливки,1.3,л,200,260.0
2025-10-15,2,Молоко,3.0,л,70,210.0
2025-10-15,2,Рис,1.8,кг,90,162.0
2025-10-15,2,Мука,0.9,кг,50,45.0
2025-10-15,2,Сахар,0.4,кг,60,24.0
2025-10-15,2,Кофе в зернах,0.3,кг,800,240.0
2025-10-15,2,Чай листовой,0.2,кг,500,100.0
2025-10-15,2,Пиво,2.9,л,150,435.0
2025-10-15,3,Куриное филе,2.7,кг,250,675.0
2025-10-15,3,Говядина,1.3,кг,500,650.0
2025-10-15,3,Помидоры,2.3,кг,120,276.0
2025-10-15,3,Салат айсберг,0.9,кг,150,135.0
2025-10-15,3,Картофель,4.7,кг,40,188.0
2025-10-15,3,Сыр твердый,0.9,кг,450,405.0
2025-10-15,3,Сыр пармезан,0.6,кг,800,480.0
2025-10-15,3,Сливки,1.3,л,200,260.0
2025-10-15,3,Молоко,2.1,л,70,147.0
2025-10-15,3,Макароны,2.0,кг,80,160.0
2025-10-15,3,Рис,1.7,кг,90,153.0
2025-10-15,3,Мука,0.9,кг,50,45.0
2025-10-15,3,Сахар,0.5,кг,60,30.0
2025-10-15,3,Кофе в зернах,0.2,кг,800,160.0
2025-10-15,3,Соки,2.1,л,120,252.0
2025-10-15,3,Пиво,2.6,л,150,390.0
2025-10-15,10,Свинина,1.1,кг,400,440.0
2025-10-15,10,Помидоры,1.7,кг,120,204.0
2025-10-15,10,Огурцы,1.3,кг,100,130.0
2025-10-15,10,Сыр твердый,1.0,кг,450,450.0
2025-10-15,10,Сыр пармезан,0.5,кг,800,400.0
2025-10-15,10,Макароны,2.1,кг,80,168.0
2025-10-15,10,Рис,1.6,кг,90,144.0
2025-10-15,10,Сахар,0.5,кг,60,30.0
2025-10-15,10,Чай листовой,0.2,кг,500,100.0
2025-10-15,10,Соки,1.9,л,120,228.0
2025-10-15,10,Пиво,3.0,л,150,450.0
2025-10-16,4,Говядина,1.7,кг,500,850.0
2025-10-16,4,Креветки,0.6,кг,800,480.0
2025-10-16,4,Помидоры,2.3,кг,120,276.0
2025-10-16,4,Салат айсберг,0.8,кг,150,120.0
2025-10-16,4,Сыр пармезан,0.5,кг,800,400.0
2025-10-16,4,Сливки,1.4,л,200,280.0
2025-10-16,4,Молоко,2.0,л,70,140.0
2025-10-16,4,Макароны,2.2,кг,80,176.0
2025-10-16,4,Рис,1.5,кг,90,135.0
2025-10-16,4,Мука,1.1,кг,50,55.0
2025-10-16,4,Кофе в зернах,0.3,кг,800,240.0
2025-10-16,4,Чай листовой,0.1,кг,500,50.0
2025-10-16,4,Соки,2.0,л,120,240.0
2025-10-16,4,Пиво,2.6,л,150,390.0
2025-10-16,5,Куриное филе,2.1,кг,250,525.0
2025-10-16,5,Говядина,1.8,кг,500,900.0
2025-10-16,5,Свинина,1.0,кг,400,400.0
2025-10-16,5,Креветки,0.5,кг,800,400.0
2025-10-16,5,Помидоры,2.0,кг,120,240.0
2025-10-16,5,Огурцы,1.6,кг,100,160.0
2025-10-16,5,Салат айсберг,1.2,кг,150,180.0
2025-10-16,5,Сыр твердый,1.0,кг,450,450.0
2025-10-16,5,Сливки,1.5,л,200,300.0
2025-10-16,5,Макароны,2.5,кг,80,200.0
2025-10-16,5,Рис,1.7,кг,90,153.0
2025-10-16,5,Кофе в зернах,0.3,кг,800,240.0
2025-10-16,5,Чай листовой,0.1,кг,500,50.0
2025-10-16,5,Пиво,2.5,л,150,375.0
2025-10-17,2,Говядина,1.3,кг,500,650.0
2025-10-17,2,Свинина,1.0,кг,400,400.0
2025-10-17,2,Рыба (филе),0.9,кг,600,540.0
2025-10-17,2,Креветки,0.6,кг,800,480.0
2025-10-17,2,Огурцы,1.3,кг,100,130.0
2025-10-17,2,Картофель,3.1,кг,40,124.0
2025-10-17,2,Сыр твердый,1.1,кг,450,495.0
2025-10-17,2,Сыр пармезан,0.5,кг,800,400.0
2025-10-17,2,Рис,1.7,кг,90,153.0
2025-10-17,2,Мука,1.1,кг,50,55.0
2025-10-17,2,Кофе в зернах,0.2,кг,800,160.0
2025-10-17,2,Чай листовой,0.2,кг,500,100.0
2025-10-17,2,Соки,2.0,л,120,240.0
2025-10-17,2,Пиво,2.6,л,150,390.0
2025-10-17,3,Куриное филе,2.9,кг,250,725.0
2025-10-17,3,Свинина,1.2,кг,400,480.0
2025-10-17,3,Рыба (филе),0.9,кг,600,540.0
2025-10-17,3,Креветки,0.6,кг,800,480.0
2025-10-17,3,Помидоры,1.9,кг,120,228.0
2025-10-17,3,Огурцы,1.6,кг,100,160.0
2025-10-17,3,Салат айсберг,1.0,кг,150,150.0
2025-10-17,3,Картофель,3.8,кг,40,152.0
2025-10-17,3,Сыр твердый,1.1,кг,450,495.0
2025-10-17,3,Сыр пармезан,0.6,кг,800,480.0
2025-10-17,3,Сливки,1.4,л,200,280.0
2025-10-17,3,Макароны,2.0,кг,80,160.0
2025-10-17,3,Сахар,0.5,кг,60,30.0
2025-10-17,3,Кофе в зернах,0.3,кг,800,240.0
2025-10-17,3,Чай листовой,0.2,кг,500,100.0
2025-10-17,3,Пиво,2.3,л,150,345.0
2025-10-17,5,Куриное филе,3.0,кг,250,750.0
2025-10-17,5,Говядина,1.3,кг,500,650.0
2025-10-17,5,Свинина,1.0,кг,400,400.0
2025-10-17,5,Креветки,0.5,кг,800,400.0
2025-10-17,5,Картофель,4.2,кг,40,168.0
2025-10-17,5,Сыр твердый,1.2,кг,450,540.0
2025-10-17,5,Сыр пармезан,0.5,кг,800,400.0
2025-10-17,5,Сливки,1.6,л,200,320.0
2025-10-17,5,Молоко,2.6,л,70,182.0
2025-10-17,5,Рис,1.4,кг,90,126.0
2025-10-17,5,Сахар,0.5,кг,60,30.0
2025-10-17,5,Кофе в зернах,0.2,кг,800,160.0
2025-10-17,5,Чай листовой,0.1,кг,500,50.0
2025-10-17,5,Соки,2.3,л,120,276.0
2025-10-17,5,Пиво,2.7,л,150,405.0
2025-10-18,1,Говядина,1.6,кг,500,800.0
2025-10-18,1,Креветки,0.5,кг,800,400.0
2025-10-18,1,Салат айсберг,1.2,кг,150,180.0
2025-10-18,1,Сыр твердый,1.1,кг,450,495.0
2025-10-18,1,Сыр пармезан,0.5,кг,800,400.0
2025-10-18,1,Молоко,2.1,л,70,147.0
2025-10-18,1,Макароны,1.9,кг,80,152.0
2025-10-18,1,Рис,1.2,кг,90,108.0
2025-10-18,1,Мука,1.2,кг,50,60.0
2025-10-18,1,Сахар,0.6,кг,60,36.0
2025-10-18,1,Кофе в зернах,0.3,кг,800,240.0
2025-10-18,1,Чай листовой,0.2,кг,500,100.0
2025-10-18,1,Соки,2.0,л,120,240.0
2025-10-18,2,Говядина,1.6,кг,500,800.0
2025-10-18,2,Свинина,1.0,кг,400,400.0
2025-10-18,2,Рыба (филе),1.1,кг,600,660.0
2025-10-18,2,Креветки,0.5,кг,800,400.0
2025-10-18,2,Помидоры,2.0,кг,120,240.0
2025-10-18,2,Огурцы,1.3,кг,100,130.0
2025-10-18,2,Салат айсберг,0.9,кг,150,135.0
2025-10-18,2,Картофель,3.7,кг,40,148.0
2025-10-18,2,Сыр твердый,1.1,кг,450,495.0
2025-10-18,2,Сливки,1.6,л,200,320.0
2025-10-18,2,Рис,1.8,кг,90,162.0
2025-10-18,2,Мука,0.9,кг,50,45.0
2025-10-18,2,Кофе в зернах,0.3,кг,800,240.0
2025-10-18,2,Чай листовой,0.1,кг,500,50.0
2025-10-18,2,Соки,1.6,л,120,192.0
2025-10-18,2,Пиво,2.3,л,150,345.0
2025-10-18,5,Куриное филе,2.4,кг,250,600.0
2025-10-18,5,Говядина,1.5,кг,500,750.0
2025-10-18,5,Креветки,0.6,кг,800,480.0
2025-10-18,5,Огурцы,1.4,кг,100,140.0
2025-10-18,5,Салат айсберг,0.8,кг,150,120.0
2025-10-18,5,Картофель,4.3,кг,40,172.0
2025-10-18,5,Сыр твердый,1.0,кг,450,450.0
2025-10-18,5,Макароны,1.9,кг,80,152.0
2025-10-18,5,Рис,1.5,кг,90,135.0
2025-10-18,5,Сахар,0.5,кг,60,30.0
2025-10-18,5,Кофе в зернах,0.2,кг,800,160.0
2025-10-18,5,Чай листовой,0.1,кг,500,50.0
2025-10-18,5,Соки,1.9,л,120,228.0
2025-10-18,5,Пиво,2.2,л,150,330.0
2025-10-18,6,Куриное филе,2.6,кг,250,650.0
2025-10-18,6,Говядина,1.4,кг,500,700.0
2025-10-18,6,Свинина,1.0,кг,400,400.0
2025-10-18,6,Креветки,0.5,кг,800,400.0
2025-10-18,6,Салат айсберг,1.1,кг,150,165.0
2025-10-18,6,Картофель,4.9,кг,40,196.0
2025-10-18,6,Сыр пармезан,0.5,кг,800,400.0
2025-10-18,6,Молоко,2.7,л,70,189.0
2025-10-18,6,Рис,1.3,кг,90,117.0
2025-10-18,6,Мука,1.0,кг,50,50.0
2025-10-18,6,Сахар,0.6,кг,60,36.0
2025-10-18,6,Соки,1.9,л,120,228.0
2025-10-18,7,Говядина,1.5,кг,500,750.0
2025-10-18,7,Свинина,1.1,кг,400,440.0
2025-10-18,7,Рыба (филе),1.0,кг,600,600.0
2025-10-18,7,Помидоры,2.0,кг,120,240.0
2025-10-18,7,Огурцы,1.3,кг,100,130.0
2025-10-18,7,Салат айсберг,1.1,кг,150,165.0
2025-10-18,7,Картофель,4.1,кг,40,164.0
2025-10-18,7,Сыр твердый,1.1,кг,450,495.0
2025-10-18,7,Сыр пармезан,0.6,кг,800,480.0
2025-10-18,7,Сливки,1.8,л,200,360.0
2025-10-18,7,Молоко,2.3,л,70,161.0
2025-10-18,7,Рис,1.6,кг,90,144.0
2025-10-18,7,Мука,1.2,кг,50,60.0
2025-10-18,7,Сахар,0.5,кг,60,30.0
2025-10-18,7,Кофе в зернах,0.3,кг,800,240.0
2025-10-18,7,Чай листовой,0.2,кг,500,100.0
2025-10-18,7,Пиво,2.4,л,150,360.0
2025-10-18,9,Свинина,1.1,кг,400,440.0
2025-10-18,9,Рыба (филе),1.0,кг,600,600.0
2025-10-18,9,Креветки,0.6,кг,800,480.0
2025-10-18,9,Помидоры,2.1,кг,120,252.0
2025-10-18,9,Огурцы,1.6,кг,100,160.0
2025-10-18,9,Картофель,4.7,кг,40,188.0
2025-10-18,9,Сыр твердый,0.9,кг,450,405.0
2025-10-18,9,Сыр пармезан,0.5,кг,800,400.0
2025-10-18,9,Сливки,1.5,л,200,300.0
2025-10-18,9,Молоко,2.2,л,70,154.0
2025-10-18,9,Рис,1.3,кг,90,117.0
2025-10-18,9,Мука,1.0,кг,50,50.0
2025-10-18,9,Чай листовой,0.2,кг,500,100.0
2025-10-19,3,Говядина,1.5,кг,500,750.0
2025-10-19,3,Помидоры,2.3,кг,120,276.0
2025-10-19,3,Огурцы,1.6,кг,100,160.0
2025-10-19,3,Салат айсберг,1.1,кг,150,165.0
2025-10-19,3,Сыр твердый,1.0,кг,450,450.0
2025-10-19,3,Сливки,1.4,л,200,280.0
2025-10-19,3,Молоко,2.4,л,70,168.0
2025-10-19,3,Мука,0.9,кг,50,45.0
2025-10-19,3,Сахар,0.4,кг,60,24.0
2025-10-19,3,Чай листовой,0.2,кг,500,100.0
2025-10-19,4,Куриное филе,2.3,кг,250,575.0
2025-10-19,4,Говядина,1.7,кг,500,850.0
2025-10-19,4,Свинина,1.0,кг,400,400.0
2025-10-19,4,Рыба (филе),1.0,кг,600,600.0
2025-10-19,4,Помидоры,1.8,кг,120,216.0
2025-10-19,4,Картофель,4.3,кг,40,172.0
2025-10-19,4,Сливки,1.5,л,200,300.0
2025-10-19,4,Макароны,2.1,кг,80,168.0
2025-10-19,4,Мука,0.9,кг,50,45.0
2025-10-19,4,Сахар,0.4,кг,60,24.0
2025-10-19,4,Чай листовой,0.2,кг,500,100.0
2025-10-19,4,Пиво,2.4,л,150,360.0
2025-10-19,6,Куриное филе,3.0,кг,250,750.0
2025-10-19,6,Говядина,1.8,кг,500,900.0
2025-10-19,6,Рыба (филе),1.0,кг,600,600.0
2025-10-19,6,Креветки,0.4,кг,800,320.0
2025-10-19,6,Салат айсберг,0.9,кг,150,135.0
2025-10-19,6,Сыр пармезан,0.6,кг,800,480.0
2025-10-19,6,Сливки,1.2,л,200,240.0
2025-10-19,6,Макароны,1.9,кг,80,152.0
2025-10-19,6,Рис,1.7,кг,90,153.0
2025-10-19,6,Мука,1.0,кг,50,50.0
2025-10-19,6,Кофе в зернах,0.3,кг,800,240.0
2025-10-19,6,Соки,2.3,л,120,276.0
2025-10-19,6,Пиво,2.5,л,150,375.0
2025-10-19,7,Свинина,0.8,кг,400,320.0
2025-10-19,7,Креветки,0.5,кг,800,400.0
2025-10-19,7,Огурцы,1.5,кг,100,150.0
2025-10-19,7,Салат айсберг,1.3,кг,150,195.0
2025-10-19,7,Картофель,4.6,кг,40,184.0
2025-10-19,7,Сыр твердый,0.9,кг,450,405.0
2025-10-19,7,Сыр пармезан,0.4,кг,800,320.0
2025-10-19,7,Молоко,2.6,л,70,182.0
2025-10-19,7,Рис,1.5,кг,90,135.0
2025-10-19,7,Мука,1.0,кг,50,50.0
2025-10-19,7,Сахар,0.5,кг,60,30.0
2025-10-19,7,Чай листовой,0.2,кг,500,100.0
2025-10-19,7,Пиво,2.0,л,150,300.0
2025-10-20,4,Куриное филе,2.9,кг,250,725.0
2025-10-20,4,Говядина,1.3,кг,500,650.0
2025-10-20,4,Свинина,1.2,кг,400,480.0
2025-10-20,4,Рыба (филе),1.0,кг,600,600.0
2025-10-20,4,Помидоры,1.8,кг,120,216.0
2025-10-20,4,Огурцы,1.3,кг,100,130.0
2025-10-20,4,Сыр твердый,1.0,кг,450,450.0
2025-10-20,4,Сыр пармезан,0.6,кг,800,480.0
2025-10-20,4,Сливки,1.3,л,200,260.0
2025-10-20,4,Макароны,1.9,кг,80,152.0
2025-10-20,4,Рис,1.5,кг,90,135.0
2025-10-20,4,Мука,0.9,кг,50,45.0
2025-10-20,4,Сахар,0.6,кг,60,36.0
2025-10-20,4,Кофе в зернах,0.3,кг,800,240.0
2025-10-20,4,Чай листовой,0.1,кг,500,50.0
2025-10-20,4,Соки,2.1,л,120,252.0
2025-10-20,8,Куриное филе,2.0,кг,250,500.0
2025-10-20,8,Говядина,1.5,кг,500,750.0
2025-10-20,8,Свинина,1.0,кг,400,400.0
2025-10-20,8,Креветки,0.5,кг,800,400.0
2025-10-20,8,Помидоры,2.3,кг,120,276.0
2025-10-20,8,Огурцы,1.5,кг,100,150.0
2025-10-20,8,Картофель,4.3,кг,40,172.0
2025-10-20,8,Сыр пармезан,0.5,кг,800,400.0
2025-10-20,8,Сливки,1.7,л,200,340.0
2025-10-20,8,Молоко,2.6,л,70,182.0
2025-10-20,8,Макароны,2.0,кг,80,160.0
2025-10-20,8,Мука,1.2,кг,50,60.0
2025-10-20,8,Сахар,0.5,кг,60,30.0
2025-10-20,8,Кофе в зернах,0.2,кг,800,160.0
2025-10-20,8,Чай листовой,0.2,кг,500,100.0
2025-10-20,8,Соки,1.9,л,120,228.0
2025-10-20,8,Пиво,2.1,л,150,315.0
2025-10-21,1,Говядина,1.4,кг,500,700.0
2025-10-21,1,Свинина,1.1,кг,400,440.0
2025-10-21,1,Рыба (филе),0.9,кг,600,540.0
2025-10-21,1,Креветки,0.6,кг,800,480.0
2025-10-21,1,Помидоры,1.9,кг,120,228.0
2025-10-21,1,Огурцы,1.6,кг,100,160.0
2025-10-21,1,Картофель,4.9,кг,40,196.0
2025-10-21,1,Сыр твердый,1.2,кг,450,540.0
2025-10-21,1,Сливки,1.6,л,200,320.0
2025-10-21,1,Молоко,2.4,л,70,168.0
2025-10-21,1,Мука,1.0,кг,50,50.0
2025-10-21,1,Сахар,0.4,кг,60,24.0
2025-10-21,1,Кофе в зернах,0.3,кг,800,240.0
2025-10-21,1,Чай листовой,0.1,кг,500,50.0
2025-10-21,1,Пиво,2.3,л,150,345.0
2025-10-21,2,Говядина,1.5,кг,500,750.0
2025-10-21,2,Свинина,1.1,кг,400,440.0
2025-10-21,2,Рыба (филе),0.9,кг,600,540.0
2025-10-21,2,Помидоры,1.9,кг,120,228.0
2025-10-21,2,Огурцы,1.6,кг,100,160.0
2025-10-21,2,Картофель,4.6,кг,40,184.0
2025-10-21,2,Сливки,1.8,л,200,360.0
2025-10-21,2,Рис,1.7,кг,90,153.0
2025-10-21,2,Сахар,0.5,кг,60,30.0
2025-10-21,2,Кофе в зернах,0.3,кг,800,240.0
2025-10-21,2,Чай листовой,0.2,кг,500,100.0
2025-10-21,2,Соки,1.7,л,120,204.0
2025-10-21,2,Пиво,2.8,л,150,420.0
2025-10-21,5,Куриное филе,3.0,кг,250,750.0
2025-10-21,5,Свинина,1.0,кг,400,400.0
2025-10-21,5,Рыба (филе),1.0,кг,600,600.0
2025-10-21,5,Креветки,0.5,кг,800,400.0
2025-10-21,5,Салат айсберг,1.2,кг,150,180.0
2025-10-21,5,Картофель,3.6,кг,40,144.0
2025-10-21,5,Сыр твердый,1.1,кг,450,495.0
2025-10-21,5,Сыр пармезан,0.6,кг,800,480.0
2025-10-21,5,Сливки,1.3,л,200,260.0
2025-10-21,5,Молоко,2.0,л,70,140.0
2025-10-21,5,Макароны,2.1,кг,80,168.0
2025-10-21,5,Сахар,0.5,кг,60,30.0
2025-10-21,5,Кофе в зернах,0.2,кг,800,160.0
2025-10-21,5,Пиво,2.4,л,150,360.0
2025-10-21,7,Куриное филе,2.3,кг,250,575.0
2025-10-21,7,Говядина,1.5,кг,500,750.0
2025-10-21,7,Свинина,0.8,кг,400,320.0
2025-10-21,7,Помидоры,1.9,кг,120,228.0
2025-10-21,7,Огурцы,1.2,кг,100,120.0
2025-10-21,7,Картофель,3.6,кг,40,144.0
2025-10-21,7,Сыр пармезан,0.6,кг,800,480.0
2025-10-21,7,Молоко,2.7,л,70,189.0
2025-10-21,7,Рис,1.5,кг,90,135.0
2025-10-21,7,Мука,1.0,кг,50,50.0
2025-10-21,7,Сахар,0.5,кг,60,30.0
2025-10-21,7,Кофе в зернах,0.3,кг,800,240.0
2025-10-21,7,Чай листовой,0.2,кг,500,100.0
2025-10-21,7,Соки,2.1,л,120,252.0
2025-10-21,7,Пиво,2.9,л,150,435.0
2025-10-21,8,Куриное филе,2.5,кг,250,625.0
2025-10-21,8,Говядина,1.3,кг,500,650.0
2025-10-21,8,Свинина,1.1,кг,400,440.0
2025-10-21,8,Рыба (филе),0.9,кг,600,540.0
2025-10-21,8,Креветки,0.6,кг,800,480.0
2025-10-21,8,Помидоры,2.3,кг,120,276.0
2025-10-21,8,Салат айсберг,0.9,кг,150,135.0
2025-10-21,8,Картофель,4.4,кг,40,176.0
2025-10-21,8,Сыр пармезан,0.6,кг,800,480.0
2025-10-21,8,Молоко,3.0,л,70,210.0
2025-10-21,8,Рис,1.8,кг,90,162.0
2025-10-21,8,Сахар,0.5,кг,60,30.0
2025-10-21,8,Кофе в зернах,0.3,кг,800,240.0
2025-10-21,8,Чай листовой,0.1,кг,500,50.0
2025-10-21,8,Соки,1.7,л,120,204.0
2025-10-21,8,Пиво,2.5,л,150,375.0
2025-10-21,10,Куриное филе,2.7,кг,250,675.0
2025-10-21,10,Свинина,1.1,кг,400,440.0
2025-10-21,10,Рыба (филе),0.9,кг,600,540.0
2025-10-21,10,Креветки,0.4,кг,800,320.0
2025-10-21,10,Помидоры,1.6,кг,120,192.0
2025-10-21,10,Огурцы,1.5,кг,100,150.0
2025-10-21,10,Салат айсберг,1.2,кг,150,180.0
2025-10-21,10,Сыр твердый,1.1,кг,450,495.0
2025-10-21,10,Сыр пармезан,0.4,кг,800,320.0
2025-10-21,10,Молоко,2.5,л,70,175.0
2025-10-21,10,Макароны,1.9,кг,80,152.0
2025-10-21,10,Мука,0.8,кг,50,40.0
2025-10-21,10,Сахар,0.5,кг,60,30.0
2025-10-21,10,Чай листовой,0.2,кг,500,100.0
2025-10-21,10,Соки,1.9,л,120,228.0
2025-10-21,10,Пиво,2.3,л,150,345.0
2025-10-22,1,Куриное филе,2.8,кг,250,700.0
2025-10-22,1,Говядина,1.4,кг,500,700.0
2025-10-22,1,Свинина,0.9,кг,400,360.0
2025-10-22,1,Рыба (филе),1.1,кг,600,660.0
2025-10-22,1,Креветки,0.5,кг,800,400.0
2025-10-22,1,Помидоры,2.2,кг,120,264.0
2025-10-22,1,Салат айсберг,1.1,кг,150,165.0
2025-10-22,1,Сыр твердый,0.9,кг,450,405.0
2025-10-22,1,Сыр пармезан,0.5,кг,800,400.0
2025-10-22,1,Сливки,1.6,л,200,320.0
2025-10-22,1,Молоко,2.6,л,70,182.0
2025-10-22,1,Рис,1.6,кг,90,144.0
2025-10-22,1,Сахар,0.5,кг,60,30.0
2025-10-22,1,Пиво,2.7,л,150,405.0
2025-10-22,4,Говядина,1.8,кг,500,900.0
2025-10-22,4,Свинина,1.1,кг,400,440.0
2025-10-22,4,Креветки,0.5,кг,800,400.0
2025-10-22,4,Помидоры,1.6,кг,120,192.0
2025-10-22,4,Салат айсберг,0.9,кг,150,135.0
2025-10-22,4,Картофель,4.0,кг,40,160.0
2025-10-22,4,Сыр твердый,1.0,кг,450,450.0
2025-10-22,4,Сыр пармезан,0.5,кг,800,400.0
2025-10-22,4,Сливки,1.6,л,200,320.0
2025-10-22,4,Молоко,2.6,л,70,182.0
2025-10-22,4,Макароны,2.2,кг,80,176.0
2025-10-22,4,Рис,1.3,кг,90,117.0
2025-10-22,4,Сахар,0.4,кг,60,24.0
2025-10-22,4,Чай листовой,0.2,кг,500,100.0
2025-10-22,4,Соки,2.0,л,120,240.0
2025-10-22,4,Пиво,2.9,л,150,435.0
2025-10-22,9,Куриное филе,2.0,кг,250,500.0
2025-10-22,9,Креветки,0.6,кг,800,480.0
2025-10-22,9,Помидоры,1.9,кг,120,228.0
2025-10-22,9,Огурцы,1.2,кг,100,120.0
2025-10-22,9,Салат айсберг,1.0,кг,150,150.0
2025-10-22,9,Картофель,4.3,кг,40,172.0
2025-10-22,9,Сыр твердый,0.9,кг,450,405.0
2025-10-22,9,Сыр пармезан,0.6,кг,800,480.0
2025-10-22,9,Сливки,1.3,л,200,260.0
2025-10-22,9,Молоко,2.8,л,70,196.0
2025-10-22,9,Рис,1.3,кг,90,117.0
2025-10-22,9,Сахар,0.5,кг,60,30.0
2025-10-22,9,Чай листовой,0.1,кг,500,50.0
2025-10-22,9,Соки,2.1,л,120,252.0
2025-10-22,9,Пиво,3.0,л,150,450.0
2025-10-23,9,Куриное филе,2.8,кг,250,700.0
2025-10-23,9,Свинина,1.2,кг,400,480.0
2025-10-23,9,Рыба (филе),1.2,кг,600,720.0
2025-10-23,9,Креветки,0.6,кг,800,480.0
2025-10-23,9,Помидоры,2.1,кг,120,252.0
2025-10-23,9,Салат айсберг,1.0,кг,150,150.0
2025-10-23,9,Картофель,4.3,кг,40,172.0
2025-10-23,9,Сыр пармезан,0.5,кг,800,400.0
2025-10-23,9,Сливки,1.4,л,200,280.0
2025-10-23,9,Рис,1.6,кг,90,144.0
2025-10-23,9,Чай листовой,0.1,кг,500,50.0
2025-10-23,9,Соки,2.0,л,120,240.0
2025-10-24,4,Куриное филе,2.5,кг,250,625.0
2025-10-24,4,Свинина,1.0,кг,400,400.0
2025-10-24,4,Рыба (филе),0.8,кг,600,480.0
2025-10-24,4,Креветки,0.5,кг,800,400.0
2025-10-24,4,Помидоры,1.9,кг,120,228.0
2025-10-24,4,Огурцы,1.5,кг,100,150.0
2025-10-24,4,Салат айсберг,1.1,кг,150,165.0
2025-10-24,4,Картофель,3.2,кг,40,128.0
2025-10-24,4,Сыр твердый,0.9,кг,450,405.0
2025-10-24,4,Сыр пармезан,0.5,кг,800,400.0
2025-10-24,4,Сливки,1.8,л,200,360.0
2025-10-24,4,Макароны,2.2,кг,80,176.0
2025-10-24,4,Мука,0.9,кг,50,45.0
2025-10-24,4,Сахар,0.5,кг,60,30.0
2025-10-24,4,Кофе в зернах,0.2,кг,800,160.0
2025-10-24,4,Чай листовой,0.2,кг,500,100.0
2025-10-24,4,Соки,2.2,л,120,264.0
2025-10-24,6,Свинина,1.3,кг,400,520.0
2025-10-24,6,Рыба (филе),1.0,кг,600,600.0
2025-10-24,6,Креветки,0.4,кг,800,320.0
2025-10-24,6,Огурцы,1.3,кг,100,130.0
2025-10-24,6,Салат айсберг,1.0,кг,150,150.0
2025-10-24,6,Сыр твердый,1.2,кг,450,540.0
2025-10-24,6,Сливки,1.4,л,200,280.0
2025-10-24,6,Молоко,2.5,л,70,175.0
2025-10-24,6,Макароны,1.6,кг,80,128.0
2025-10-24,6,Мука,0.9,кг,50,45.0
2025-10-24,6,Сахар,0.5,кг,60,30.0
2025-10-24,6,Кофе в зернах,0.3,кг,800,240.0
2025-10-24,6,Чай листовой,0.2,кг,500,100.0
2025-10-24,8,Говядина,1.6,кг,500,800.0
2025-10-24,8,Рыба (филе),1.2,кг,600,720.0
2025-10-24,8,Креветки,0.6,кг,800,480.0
2025-10-24,8,Помидоры,2.2,кг,120,264.0
2025-10-24,8,Огурцы,1.5,кг,100,150.0
2025-10-24,8,Салат айсберг,1.1,кг,150,165.0
2025-10-24,8,Картофель,4.0,кг,40,160.0
2025-10-24,8,Сыр пармезан,0.5,кг,800,400.0
2025-10-24,8,Сливки,1.9,л,200,380.0
2025-10-24,8,Макароны,2.0,кг,80,160.0
2025-10-24,8,Рис,1.7,кг,90,153.0
2025-10-24,8,Мука,1.1,кг,50,55.0
2025-10-24,8,Сахар,0.5,кг,60,30.0
2025-10-24,8,Кофе в зернах,0.3,кг,800,240.0
2025-10-24,8,Чай листовой,0.2,кг,500,100.0
2025-10-24,9,Куриное филе,2.2,кг,250,550.0
2025-10-24,9,Рыба (филе),1.1,кг,600,660.0
2025-10-24,9,Помидоры,2.1,кг,120,252.0
2025-10-24,9,Картофель,4.4,кг,40,176.0
2025-10-24,9,Сыр пармезан,0.5,кг,800,400.0
2025-10-24,9,Сливки,1.3,л,200,260.0
2025-10-24,9,Макароны,1.8,кг,80,144.0
2025-10-24,9,Рис,1.3,кг,90,117.0
2025-10-24,9,Мука,1.1,кг,50,55.0
2025-10-24,9,Сахар,0.6,кг,60,36.0
2025-10-24,9,Кофе в зернах,0.3,кг,800,240.0
2025-10-24,9,Чай листовой,0.2,кг,500,100.0
2025-10-24,9,Соки,1.9,л,120,228.0
2025-10-24,9,Пиво,2.4,л,150,360.0
2025-10-25,2,Куриное филе,2.5,кг,250,625.0
2025-10-25,2,Говядина,1.3,кг,500,650.0
2025-10-25,2,Рыба (филе),0.8,кг,600,480.0
2025-10-25,2,Креветки,0.5,кг,800,400.0
2025-10-25,2,Помидоры,1.6,кг,120,192.0
2025-10-25,2,Салат айсберг,1.0,кг,150,150.0
2025-10-25,2,Картофель,3.8,кг,40,152.0
2025-10-25,2,Сыр пармезан,0.5,кг,800,400.0
2025-10-25,2,Сливки,1.5,л,200,300.0
2025-10-25,2,Молоко,2.7,л,70,189.0
2025-10-25,2,Макароны,1.9,кг,80,152.0
2025-10-25,2,Рис,1.6,кг,90,144.0
2025-10-25,2,Мука,0.9,кг,50,45.0
2025-10-25,2,Кофе в зернах,0.3,кг,800,240.0
2025-10-25,2,Соки,1.7,л,120,204.0
2025-10-25,2,Пиво,2.0,л,150,300.0
2025-10-25,6,Куриное филе,2.7,кг,250,675.0
2025-10-25,6,Свинина,0.9,кг,400,360.0
2025-10-25,6,Рыба (филе),1.1,кг,600,660.0
2025-10-25,6,Креветки,0.6,кг,800,480.0
2025-10-25,6,Помидоры,2.4,кг,120,288.0
2025-10-25,6,Салат айсберг,1.1,кг,150,165.0
2025-10-25,6,Картофель,4.0,кг,40,160.0
2025-10-25,6,Сливки,1.7,л,200,340.0
2025-10-25,6,Макароны,2.5,кг,80,200.0
2025-10-25,6,Мука,1.1,кг,50,55.0
2025-10-25,6,Сахар,0.5,кг,60,30.0
2025-10-25,6,Кофе в зернах,0.2,кг,800,160.0
2025-10-25,6,Чай листовой,0.1,кг,500,50.0
2025-10-25,6,Соки,1.7,л,120,204.0
2025-10-25,6,Пиво,2.7,л,150,405.0
2025-10-25,7,Говядина,1.5,кг,500,750.0
2025-10-25,7,Свинина,1.1,кг,400,440.0
2025-10-25,7,Рыба (филе),1.1,кг,600,660.0
2025-10-25,7,Креветки,0.5,кг,800,400.0
2025-10-25,7,Огурцы,1.3,кг,100,130.0
2025-10-25,7,Салат айсберг,0.9,кг,150,135.0
2025-10-25,7,Картофель,4.3,кг,40,172.0
2025-10-25,7,Сыр твердый,0.9,кг,450,405.0
2025-10-25,7,Сыр пармезан,0.5,кг,800,400.0
2025-10-25,7,Сливки,1.8,л,200,360.0
2025-10-25,7,Макароны,1.9,кг,80,152.0
2025-10-25,7,Рис,1.5,кг,90,135.0
2025-10-25,7,Сахар,0.5,кг,60,30.0
2025-10-25,7,Чай листовой,0.2,кг,500,100.0
2025-10-25,7,Соки,2.3,л,120,276.0
2025-10-25,7,Пиво,2.0,л,150,300.0
2025-10-25,8,Свинина,0.9,кг,400,360.0
2025-10-25,8,Помидоры,2.1,кг,120,252.0
2025-10-25,8,Салат айсберг,1.1,кг,150,165.0
2025-10-25,8,Сыр твердый,1.0,кг,450,450.0
2025-10-25,8,Сыр пармезан,0.5,кг,800,400.0
2025-10-25,8,Сливки,1.8,л,200,360.0
2025-10-25,8,Макароны,2.1,кг,80,168.0
2025-10-25,8,Рис,1.6,кг,90,144.0
2025-10-25,8,Мука,0.9,кг,50,45.0
2025-10-26,2,Куриное филе,2.2,кг,250,550.0
2025-10-26,2,Говядина,1.8,кг,500,900.0
2025-10-26,2,Свинина,0.9,кг,400,360.0
2025-10-26,2,Рыба (филе),1.1,кг,600,660.0
2025-10-26,2,Креветки,0.5,кг,800,400.0
2025-10-26,2,Огурцы,1.5,кг,100,150.0
2025-10-26,2,Сыр твердый,0.9,кг,450,405.0
2025-10-26,2,Сыр пармезан,0.4,кг,800,320.0
2025-10-26,2,Сливки,1.7,л,200,340.0
2025-10-26,2,Рис,1.3,кг,90,117.0
2025-10-26,2,Мука,1.1,кг,50,55.0
2025-10-26,2,Сахар,0.5,кг,60,30.0
2025-10-26,2,Кофе в зернах,0.3,кг,800,240.0
2025-10-26,2,Чай листовой,0.1,кг,500,50.0
2025-10-26,2,Пиво,2.7,л,150,405.0
2025-10-26,3,Говядина,1.4,кг,500,700.0
2025-10-26,3,Свинина,0.9,кг,400,360.0
2025-10-26,3,Рыба (филе),1.0,кг,600,600.0
2025-10-26,3,Помидоры,1.8,кг,120,216.0
2025-10-26,3,Огурцы,1.4,кг,100,140.0
2025-10-26,3,Салат айсберг,0.9,кг,150,135.0
2025-10-26,3,Картофель,4.0,кг,40,160.0
2025-10-26,3,Сыр пармезан,0.6,кг,800,480.0
2025-10-26,3,Молоко,2.7,л,70,189.0
2025-10-26,3,Макароны,1.7,кг,80,136.0
2025-10-26,3,Рис,1.6,кг,90,144.0
2025-10-26,3,Сахар,0.6,кг,60,36.0
2025-10-26,3,Кофе в зернах,0.3,кг,800,240.0
2025-10-26,3,Чай листовой,0.2,кг,500,100.0
2025-10-26,3,Пиво,2.5,л,150,375.0
2025-10-26,4,Куриное филе,3.0,кг,250,750.0
2025-10-26,4,Говядина,1.2,кг,500,600.0
2025-10-26,4,Свинина,0.9,кг,400,360.0
2025-10-26,4,Рыба (филе),1.0,кг,600,600.0
2025-10-26,4,Огурцы,1.5,кг,100,150.0
2025-10-26,4,Салат айсберг,1.1,кг,150,165.0
2025-10-26,4,Картофель,3.2,кг,40,128.0
2025-10-26,4,Сливки,1.4,л,200,280.0
2025-10-26,4,Молоко,2.8,л,70,196.0
2025-10-26,4,Макароны,1.8,кг,80,144.0
2025-10-26,4,Рис,1.4,кг,90,126.0
2025-10-26,4,Сахар,0.6,кг,60,36.0
2025-10-26,4,Кофе в зернах,0.2,кг,800,160.0
2025-10-26,4,Чай листовой,0.2,кг,500,100.0
2025-10-26,4,Соки,2.1,л,120,252.0
2025-10-26,4,Пиво,2.6,л,150,390.0
2025-10-26,7,Куриное филе,2.4,кг,250,600.0
2025-10-26,7,Свинина,0.8,кг,400,320.0
2025-10-26,7,Креветки,0.5,кг,800,400.0
2025-10-26,7,Помидоры,1.8,кг,120,216.0
2025-10-26,7,Огурцы,1.5,кг,100,150.0
2025-10-26,7,Картофель,4.5,кг,40,180.0
2025-10-26,7,Сыр пармезан,0.6,кг,800,480.0
2025-10-26,7,Сливки,1.5,л,200,300.0
2025-10-26,7,Молоко,2.4,л,70,168.0
2025-10-26,7,Макароны,2.5,кг,80,200.0
2025-10-26,7,Рис,1.6,кг,90,144.0
2025-10-26,7,Мука,1.1,кг,50,55.0
2025-10-26,7,Кофе в зернах,0.3,кг,800,240.0
2025-10-26,7,Чай листовой,0.1,кг,500,50.0
2025-10-26,7,Соки,2.2,л,120,264.0
2025-10-26,7,Пиво,2.6,л,150,390.0
2025-10-26,10,Куриное филе,2.9,кг,250,725.0
2025-10-26,10,Говядина,1.5,кг,500,750.0
2025-10-26,10,Свинина,1.2,кг,400,480.0
2025-10-26,10,Рыба (филе),1.2,кг,600,720.0
2025-10-26,10,Креветки,0.5,кг,800,400.0
2025-10-26,10,Помидоры,1.7,кг,120,204.0
2025-10-26,10,Салат айсберг,0.9,кг,150,135.0
2025-10-26,10,Картофель,3.6,кг,40,144.0
2025-10-26,10,Сыр пармезан,0.5,кг,800,400.0
2025-10-26,10,Сливки,1.6,л,200,320.0
2025-10-26,10,Молоко,2.4,л,70,168.0
2025-10-26,10,Макароны,2.0,кг,80,160.0
2025-10-26,10,Рис,1.6,кг,90,144.0
2025-10-26,10,Сахар,0.5,кг,60,30.0
2025-10-26,10,Кофе в зернах,0.3,кг,800,240.0
2025-10-26,10,Чай листовой,0.1,кг,500,50.0
2025-10-26,10,Соки,1.8,л,120,216.0
2025-10-26,10,Пиво,2.8,л,150,420.0
2025-10-27,1,Куриное филе,2.6,кг,250,650.0
2025-10-27,1,Говядина,1.4,кг,500,700.0
2025-10-27,1,Свинина,1.1,кг,400,440.0
2025-10-27,1,Помидоры,1.7,кг,120,204.0
2025-10-27,1,Салат айсберг,0.9,кг,150,135.0
2025-10-27,1,Картофель,3.2,кг,40,128.0
2025-10-27,1,Сливки,1.7,л,200,340.0
2025-10-27,1,Молоко,2.4,л,70,168.0
2025-10-27,1,Макароны,2.1,кг,80,168.0
2025-10-27,1,Мука,1.1,кг,50,55.0
2025-10-27,1,Кофе в зернах,0.2,кг,800,160.0
2025-10-27,1,Чай листовой,0.2,кг,500,100.0
2025-10-27,1,Соки,2.0,л,120,240.0
2025-10-27,1,Пиво,2.4,л,150,360.0
2025-10-27,2,Куриное филе,2.6,кг,250,650.0
2025-10-27,2,Говядина,1.7,кг,500,850.0
2025-10-27,2,Свинина,1.1,кг,400,440.0
2025-10-27,2,Рыба (филе),0.9,кг,600,540.0
2025-10-27,2,Креветки,0.5,кг,800,400.0
2025-10-27,2,Помидоры,2.0,кг,120,240.0
2025-10-27,2,Огурцы,1.5,кг,100,150.0
2025-10-27,2,Салат айсберг,0.9,кг,150,135.0
2025-10-27,2,Картофель,3.6,кг,40,144.0
2025-10-27,2,Сыр твердый,1.0,кг,450,450.0
2025-10-27,2,Сливки,1.2,л,200,240.0
2025-10-27,2,Молоко,2.3,л,70,161.0
2025-10-27,2,Макароны,1.8,кг,80,144.0
2025-10-27,2,Рис,1.4,кг,90,126.0
2025-10-27,2,Сахар,0.6,кг,60,36.0
2025-10-27,2,Кофе в зернах,0.3,кг,800,240.0
2025-10-27,2,Чай листовой,0.2,кг,500,100.0
2025-10-27,2,Соки,1.9,л,120,228.0
2025-10-27,2,Пиво,2.6,л,150,390.0
2025-10-27,3,Рыба (филе),1.1,кг,600,660.0
2025-10-27,3,Креветки,0.5,кг,800,400.0
2025-10-27,3,Помидоры,1.9,кг,120,228.0
2025-10-27,3,Огурцы,1.3,кг,100,130.0
2025-10-27,3,Салат айсберг,1.1,кг,150,165.0
2025-10-27,3,Картофель,4.2,кг,40,168.0
2025-10-27,3,Сыр твердый,1.0,кг,450,450.0
2025-10-27,3,Макароны,2.5,кг,80,200.0
2025-10-27,3,Рис,1.7,кг,90,153.0
2025-10-27,3,Мука,1.0,кг,50,50.0
2025-10-27,3,Сахар,0.5,кг,60,30.0
2025-10-27,3,Чай листовой,0.2,кг,500,100.0
2025-10-27,3,Соки,2.2,л,120,264.0
2025-10-27,3,Пиво,2.3,л,150,345.0
2025-10-27,4,Свинина,1.1,кг,400,440.0
2025-10-27,4,Креветки,0.5,кг,800,400.0
2025-10-27,4,Помидоры,2.1,кг,120,252.0
2025-10-27,4,Салат айсберг,1.1,кг,150,165.0
2025-10-27,4,Картофель,4.3,кг,40,172.0
2025-10-27,4,Сыр пармезан,0.5,кг,800,400.0
2025-10-27,4,Сливки,1.2,л,200,240.0
2025-10-27,4,Молоко,3.1,л,70,217.0
2025-10-27,4,Макароны,1.9,кг,80,152.0
2025-10-27,4,Рис,1.6,кг,90,144.0
2025-10-27,4,Мука,1.1,кг,50,55.0
2025-10-27,4,Сахар,0.6,кг,60,36.0
2025-10-27,4,Кофе в зернах,0.2,кг,800,160.0
2025-10-27,4,Чай листовой,0.1,кг,500,50.0
2025-10-27,4,Соки,1.7,л,120,204.0
2025-10-27,4,Пиво,2.5,л,150,375.0
2025-10-27,6,Куриное филе,2.4,кг,250,600.0
2025-10-27,6,Свинина,1.1,кг,400,440.0
2025-10-27,6,Огурцы,1.6,кг,100,160.0
2025-10-27,6,Салат айсберг,1.0,кг,150,150.0
2025-10-27,6,Сыр твердый,0.9,кг,450,405.0
2025-10-27,6,Сливки,1.5,л,200,300.0
2025-10-27,6,Мука,0.9,кг,50,45.0
2025-10-27,6,Сахар,0.4,кг,60,24.0
2025-10-27,6,Кофе в зернах,0.2,кг,800,160.0
2025-10-27,6,Пиво,2.8,л,150,420.0
2025-10-27,8,Куриное филе,2.1,кг,250,525.0
2025-10-27,8,Свинина,1.0,кг,400,400.0
2025-10-27,8,Рыба (филе),0.9,кг,600,540.0
2025-10-27,8,Креветки,0.5,кг,800,400.0
2025-10-27,8,Помидоры,2.4,кг,120,288.0
2025-10-27,8,Салат айсберг,0.9,кг,150,135.0
2025-10-27,8,Картофель,4.4,кг,40,176.0
2025-10-27,8,Сыр твердый,1.1,кг,450,495.0
2025-10-27,8,Сыр пармезан,0.4,кг,800,320.0
2025-10-27,8,Сливки,1.4,л,200,280.0
2025-10-27,8,Молоко,2.2,л,70,154.0
2025-10-27,8,Макароны,2.5,кг,80,200.0
2025-10-27,8,Рис,1.9,кг,90,171.0
2025-10-27,8,Мука,0.8,кг,50,40.0
2025-10-27,8,Кофе в зернах,0.3,кг,800,240.0
2025-10-27,8,Чай листовой,0.1,кг,500,50.0
2025-10-27,8,Пиво,2.0,л,150,300.0
2025-10-28,4,Куриное филе,2.9,кг,250,725.0
2025-10-28,4,Говядина,1.2,кг,500,600.0
2025-10-28,4,Рыба (филе),1.2,кг,600,720.0
2025-10-28,4,Помидоры,1.8,кг,120,216.0
2025-10-28,4,Огурцы,1.5,кг,100,150.0
2025-10-28,4,Салат айсберг,1.0,кг,150,150.0
2025-10-28,4,Сливки,1.4,л,200,280.0
2025-10-28,4,Молоко,2.7,л,70,189.0
2025-10-28,4,Рис,1.6,кг,90,144.0
2025-10-28,4,Сахар,0.5,кг,60,30.0
2025-10-28,4,Кофе в зернах,0.3,кг,800,240.0
2025-10-28,4,Чай листовой,0.1,кг,500,50.0
2025-10-28,4,Соки,2.0,л,120,240.0
2025-10-28,10,Куриное филе,2.5,кг,250,625.0
2025-10-28,10,Свинина,1.1,кг,400,440.0
2025-10-28,10,Креветки,0.4,кг,800,320.0
2025-10-28,10,Огурцы,1.8,кг,100,180.0
2025-10-28,10,Салат айсберг,0.8,кг,150,120.0
2025-10-28,10,Картофель,4.4,кг,40,176.0
2025-10-28,10,Сыр пармезан,0.5,кг,800,400.0
2025-10-28,10,Сливки,1.4,л,200,280.0
2025-10-28,10,Молоко,2.3,л,70,161.0
2025-10-28,10,Макароны,2.3,кг,80,184.0
2025-10-28,10,Рис,1.6,кг,90,144.0
2025-10-28,10,Мука,1.0,кг,50,50.0
2025-10-28,10,Сахар,0.6,кг,60,36.0
2025-10-28,10,Кофе в зернах,0.3,кг,800,240.0
2025-10-28,10,Пиво,2.4,л,150,360.0
2025-10-29,2,Говядина,1.4,кг,500,700.0
2025-10-29,2,Свинина,1.2,кг,400,480.0
2025-10-29,2,Рыба (филе),1.0,кг,600,600.0
2025-10-29,2,Креветки,0.5,кг,800,400.0
2025-10-29,2,Помидоры,1.6,кг,120,192.0
2025-10-29,2,Картофель,4.6,кг,40,184.0
2025-10-29,2,Сливки,1.9,л,200,380.0
2025-10-29,2,Молоко,2.7,л,70,189.0
2025-10-29,2,Мука,1.2,кг,50,60.0
2025-10-29,2,Сахар,0.5,кг,60,30.0
2025-10-29,2,Чай листовой,0.2,кг,500,100.0
2025-10-29,2,Соки,1.8,л,120,216.0
2025-10-29,2,Пиво,2.8,л,150,420.0
2025-10-29,3,Говядина,1.6,кг,500,800.0
2025-10-29,3,Рыба (филе),0.9,кг,600,540.0
2025-10-29,3,Помидоры,2.3,кг,120,276.0
2025-10-29,3,Салат айсберг,1.0,кг,150,150.0
2025-10-29,3,Картофель,4.6,кг,40,184.0
2025-10-29,3,Сыр твердый,1.0,кг,450,450.0
2025-10-29,3,Сыр пармезан,0.6,кг,800,480.0
2025-10-29,3,Молоко,2.4,л,70,168.0
2025-10-29,3,Макароны,2.2,кг,80,176.0
2025-10-29,3,Рис,1.5,кг,90,135.0
2025-10-29,3,Мука,1.0,кг,50,50.0
2025-10-29,3,Сахар,0.5,кг,60,30.0
2025-10-29,3,Чай листовой,0.1,кг,500,50.0
2025-10-29,3,Соки,2.1,л,120,252.0
2025-10-29,4,Куриное филе,2.1,кг,250,525.0
2025-10-29,4,Говядина,1.5,кг,500,750.0
2025-10-29,4,Рыба (филе),1.1,кг,600,660.0
2025-10-29,4,Креветки,0.4,кг,800,320.0
2025-10-29,4,Помидоры,2.1,кг,120,252.0
2025-10-29,4,Огурцы,1.6,кг,100,160.0
2025-10-29,4,Салат айсберг,1.1,кг,150,165.0
2025-10-29,4,Картофель,3.5,кг,40,140.0
2025-10-29,4,Сыр твердый,0.9,кг,450,405.0
2025-10-29,4,Сыр пармезан,0.5,кг,800,400.0
2025-10-29,4,Сливки,1.2,л,200,240.0
2025-10-29,4,Молоко,2.5,л,70,175.0
2025-10-29,4,Рис,1.4,кг,90,126.0
2025-10-29,4,Мука,1.0,кг,50,50.0
2025-10-29,4,Соки,2.2,л,120,264.0
2025-10-29,6,Куриное филе,2.2,кг,250,550.0
2025-10-29,6,Рыба (филе),1.1,кг,600,660.0
2025-10-29,6,Креветки,0.6,кг,800,480.0
2025-10-29,6,Помидоры,1.8,кг,120,216.0
2025-10-29,6,Салат айсберг,1.1,кг,150,165.0
2025-10-29,6,Картофель,3.8,кг,40,152.0
2025-10-29,6,Сыр твердый,0.8,кг,450,360.0
2025-10-29,6,Сыр пармезан,0.5,кг,800,400.0
2025-10-29,6,Сливки,1.3,л,200,260.0
2025-10-29,6,Макароны,2.0,кг,80,160.0
2025-10-29,6,Рис,1.4,кг,90,126.0
2025-10-29,6,Мука,1.0,кг,50,50.0
2025-10-29,6,Чай листовой,0.2,кг,500,100.0
2025-10-29,6,Пиво,2.8,л,150,420.0
2025-10-29,10,Говядина,1.8,кг,500,900.0
2025-10-29,10,Свинина,0.9,кг,400,360.0
2025-10-29,10,Помидоры,2.1,кг,120,252.0
2025-10-29,10,Огурцы,1.6,кг,100,160.0
2025-10-29,10,Салат айсберг,1.0,кг,150,150.0
2025-10-29,10,Картофель,4.5,кг,40,180.0
2025-10-29,10,Сыр твердый,1.1,кг,450,495.0
2025-10-29,10,Сыр пармезан,0.5,кг,800,400.0
2025-10-29,10,Макароны,2.1,кг,80,168.0
2025-10-29,10,Рис,1.5,кг,90,135.0
2025-10-29,10,Мука,1.0,кг,50,50.0
2025-10-29,10,Сахар,0.6,кг,60,36.0
2025-10-29,10,Чай листовой,0.1,кг,500,50.0
2025-10-29,10,Пиво,2.4,л,150,360.0
2025-10-30,3,Куриное филе,2.6,кг,250,650.0
2025-10-30,3,Говядина,1.6,кг,500,800.0
2025-10-30,3,Свинина,0.8,кг,400,320.0
2025-10-30,3,Рыба (филе),1.1,кг,600,660.0
2025-10-30,3,Креветки,0.5,кг,800,400.0
2025-10-30,3,Помидоры,1.9,кг,120,228.0
2025-10-30,3,Огурцы,1.7,кг,100,170.0
2025-10-30,3,Картофель,4.3,кг,40,172.0
2025-10-30,3,Сыр твердый,1.2,кг,450,540.0
2025-10-30,3,Сыр пармезан,0.4,кг,800,320.0
2025-10-30,3,Сливки,1.2,л,200,240.0
2025-10-30,3,Молоко,2.3,л,70,161.0
2025-10-30,3,Макароны,2.0,кг,80,160.0
2025-10-30,3,Мука,1.1,кг,50,55.0
2025-10-30,3,Сахар,0.4,кг,60,24.0
2025-10-30,4,Куриное филе,2.6,кг,250,650.0
2025-10-30,4,Свинина,0.9,кг,400,360.0
2025-10-30,4,Рыба (филе),1.2,кг,600,720.0
2025-10-30,4,Креветки,0.6,кг,800,480.0
2025-10-30,4,Помидоры,1.7,кг,120,204.0
2025-10-30,4,Картофель,3.9,кг,40,156.0
2025-10-30,4,Сыр пармезан,0.5,кг,800,400.0
2025-10-30,4,Сливки,1.8,л,200,360.0
2025-10-30,4,Макароны,1.9,кг,80,152.0
2025-10-30,4,Мука,1.0,кг,50,50.0
2025-10-30,4,Сахар,0.5,кг,60,30.0
2025-10-30,4,Чай листовой,0.2,кг,500,100.0
2025-10-30,4,Соки,2.1,л,120,252.0
2025-10-30,8,Куриное филе,3.0,кг,250,750.0
2025-10-30,8,Говядина,1.4,кг,500,700.0
2025-10-30,8,Свинина,0.9,кг,400,360.0
2025-10-30,8,Креветки,0.5,кг,800,400.0
2025-10-30,8,Помидоры,2.1,кг,120,252.0
2025-10-30,8,Салат айсберг,1.1,кг,150,165.0
2025-10-30,8,Картофель,3.6,кг,40,144.0
2025-10-30,8,Сыр твердый,1.1,кг,450,495.0
2025-10-30,8,Сыр пармезан,0.4,кг,800,320.0
2025-10-30,8,Сливки,1.6,л,200,320.0
2025-10-30,8,Макароны,2.3,кг,80,184.0
2025-10-30,8,Мука,1.0,кг,50,50.0
2025-10-30,8,Кофе в зернах,0.2,кг,800,160.0
2025-10-30,8,Пиво,2.6,л,150,390.0
2025-10-31,6,Говядина,1.3,кг,500,650.0
2025-10-31,6,Свинина,1.1,кг,400,440.0
2025-10-31,6,Рыба (филе),1.0,кг,600,600.0
2025-10-31,6,Креветки,0.5,кг,800,400.0
2025-10-31,6,Помидоры,1.9,кг,120,228.0
2025-10-31,6,Огурцы,1.8,кг,100,180.0
2025-10-31,6,Салат айсберг,1.1,кг,150,165.0
2025-10-31,6,Картофель,4.5,кг,40,180.0
2025-10-31,6,Сыр твердый,1.0,кг,450,450.0
2025-10-31,6,Сливки,1.6,л,200,320.0
2025-10-31,6,Молоко,2.2,л,70,154.0
2025-10-31,6,Рис,1.6,кг,90,144.0
2025-10-31,6,Чай листовой,0.2,кг,500,100.0
2025-10-31,6,Соки,2.0,л,120,240.0
2025-10-31,7,Говядина,1.5,кг,500,750.0
2025-10-31,7,Рыба (филе),1.1,кг,600,660.0
2025-10-31,7,Креветки,0.5,кг,800,400.0
2025-10-31,7,Помидоры,1.8,кг,120,216.0
2025-10-31,7,Огурцы,1.4,кг,100,140.0
2025-10-31,7,Картофель,4.1,кг,40,164.0
2025-10-31,7,Сыр твердый,1.2,кг,450,540.0
2025-10-31,7,Сыр пармезан,0.5,кг,800,400.0
2025-10-31,7,Сливки,1.2,л,200,240.0
2025-10-31,7,Молоко,2.4,л,70,168.0
2025-10-31,7,Макароны,1.7,кг,80,136.0
2025-10-31,7,Рис,1.7,кг,90,153.0
2025-10-31,7,Мука,0.9,кг,50,45.0
2025-10-31,7,Сахар,0.4,кг,60,24.0
2025-10-31,7,Кофе в зернах,0.3,кг,800,240.0
2025-10-31,7,Чай листовой,0.1,кг,500,50.0
2025-10-31,8,Говядина,1.7,кг,500,850.0
2025-10-31,8,Рыба (филе),1.0,кг,600,600.0
2025-10-31,8,Креветки,0.5,кг,800,400.0
2025-10-31,8,Помидоры,2.1,кг,120,252.0
2025-10-31,8,Сыр пармезан,0.5,кг,800,400.0
2025-10-31,8,Молоко,2.9,л,70,203.0
2025-10-31,8,Макароны,1.9,кг,80,152.0
2025-10-31,8,Рис,1.3,кг,90,117.0
2025-10-31,8,Мука,1.1,кг,50,55.0
2025-10-31,8,Сахар,0.6,кг,60,36.0
2025-10-31,8,Кофе в зернах,0.3,кг,800,240.0
2025-10-31,8,Чай листовой,0.2,кг,500,100.0
2025-10-31,8,Соки,1.7,л,120,204.0
2025-10-31,9,Куриное филе,2.1,кг,250,525.0
2025-10-31,9,Говядина,1.7,кг,500,850.0
2025-10-31,9,Рыба (филе),1.0,кг,600,600.0
2025-10-31,9,Креветки,0.6,кг,800,480.0
2025-10-31,9,Огурцы,1.4,кг,100,140.0
2025-10-31,9,Салат айсберг,0.9,кг,150,135.0
2025-10-31,9,Картофель,4.1,кг,40,164.0
2025-10-31,9,Сыр твердый,0.9,кг,450,405.0
2025-10-31,9,Сыр пармезан,0.5,кг,800,400.0
2025-10-31,9,Сливки,1.3,л,200,260.0
2025-10-31,9,Молоко,2.8,л,70,196.0
2025-10-31,9,Макароны,2.3,кг,80,184.0
2025-10-31,9,Рис,1.6,кг,90,144.0
2025-10-31,9,Мука,1.0,кг,50,50.0
2025-10-31,9,Сахар,0.6,кг,60,36.0
2025-10-31,9,Кофе в зернах,0.3,кг,800,240.0
2025-10-31,9,Чай листовой,0.1,кг,500,50.0
2025-10-31,9,Пиво,2.6,л,150,390.0
2025-11-01,4,Куриное филе,2.5,кг,250,625.0
2025-11-01,4,Говядина,1.7,кг,500,850.0
2025-11-01,4,Свинина,0.9,кг,400,360.0
2025-11-01,4,Рыба (филе),0.9,кг,600,540.0
2025-11-01,4,Огурцы,1.6,кг,100,160.0
2025-11-01,4,Салат айсберг,0.9,кг,150,135.0
2025-11-01,4,Картофель,3.4,кг,40,136.0
2025-11-01,4,Сыр твердый,1.0,кг,450,450.0
2025-11-01,4,Сыр пармезан,0.5,кг,800,400.0
2025-11-01,4,Макароны,2.3,кг,80,184.0
2025-11-01,4,Рис,1.5,кг,90,135.0
2025-11-01,4,Мука,0.8,кг,50,40.0
2025-11-01,4,Сахар,0.5,кг,60,30.0
2025-11-01,4,Чай листовой,0.1,кг,500,50.0
2025-11-01,4,Соки,2.2,л,120,264.0
2025-11-01,4,Пиво,2.1,л,150,315.0
2025-11-01,5,Говядина,1.4,кг,500,700.0
2025-11-01,5,Свинина,0.9,кг,400,360.0
2025-11-01,5,Креветки,0.5,кг,800,400.0
2025-11-01,5,Помидоры,2.1,кг,120,252.0
2025-11-01,5,Огурцы,1.5,кг,100,150.0
2025-11-01,5,Сыр пармезан,0.5,кг,800,400.0
2025-11-01,5,Сливки,1.6,л,200,320.0
2025-11-01,5,Макароны,1.6,кг,80,128.0
2025-11-01,5,Рис,1.8,кг,90,162.0
2025-11-01,5,Сахар,0.6,кг,60,36.0
2025-11-01,5,Соки,2.3,л,120,276.0
2025-11-01,6,Куриное филе,2.2,кг,250,550.0
2025-11-01,6,Говядина,1.9,кг,500,950.0
2025-11-01,6,Свинина,1.0,кг,400,400.0
2025-11-01,6,Креветки,0.5,кг,800,400.0
2025-11-01,6,Помидоры,2.4,кг,120,288.0
2025-11-01,6,Огурцы,1.5,кг,100,150.0
2025-11-01,6,Салат айсберг,0.9,кг,150,135.0
2025-11-01,6,Картофель,4.1,кг,40,164.0
2025-11-01,6,Сыр пармезан,0.5,кг,800,400.0
2025-11-01,6,Рис,1.7,кг,90,153.0
2025-11-01,6,Сахар,0.4,кг,60,24.0
2025-11-01,6,Кофе в зернах,0.3,кг,800,240.0
2025-11-01,6,Чай листовой,0.2,кг,500,100.0
2025-11-02,1,Куриное филе,2.1,кг,250,525.0
2025-11-02,1,Свинина,1.1,кг,400,440.0
2025-11-02,1,Креветки,0.4,кг,800,320.0
2025-11-02,1,Помидоры,1.8,кг,120,216.0
2025-11-02,1,Огурцы,1.3,кг,100,130.0
2025-11-02,1,Сыр пармезан,0.5,кг,800,400.0
2025-11-02,1,Молоко,2.2,л,70,154.0
2025-11-02,1,Рис,1.7,кг,90,153.0
2025-11-02,1,Мука,0.8,кг,50,40.0
2025-11-02,1,Сахар,0.6,кг,60,36.0
2025-11-02,1,Чай листовой,0.1,кг,500,50.0
2025-11-02,1,Пиво,2.6,л,150,390.0
2025-11-02,3,Куриное филе,2.4,кг,250,600.0
2025-11-02,3,Говядина,1.4,кг,500,700.0
2025-11-02,3,Свинина,1.0,кг,400,400.0
2025-11-02,3,Креветки,0.4,кг,800,320.0
2025-11-02,3,Огурцы,1.5,кг,100,150.0
2025-11-02,3,Картофель,4.8,кг,40,192.0
2025-11-02,3,Сыр твердый,0.9,кг,450,405.0
2025-11-02,3,Рис,1.8,кг,90,162.0
2025-11-02,3,Сахар,0.5,кг,60,30.0
2025-11-02,3,Чай листовой,0.2,кг,500,100.0
2025-11-02,3,Пиво,2.4,л,150,360.0
2025-11-02,4,Куриное филе,2.2,кг,250,550.0
2025-11-02,4,Говядина,1.5,кг,500,750.0
2025-11-02,4,Свинина,1.0,кг,400,400.0
2025-11-02,4,Креветки,0.4,кг,800,320.0
2025-11-02,4,Помидоры,1.8,кг,120,216.0
2025-11-02,4,Огурцы,1.6,кг,100,160.0
2025-11-02,4,Салат айсберг,1.0,кг,150,150.0
2025-11-02,4,Сыр твердый,1.0,кг,450,450.0
2025-11-02,4,Сыр пармезан,0.5,кг,800,400.0
2025-11-02,4,Сливки,1.3,л,200,260.0
2025-11-02,4,Макароны,2.1,кг,80,168.0
2025-11-02,4,Сахар,0.4,кг,60,24.0
2025-11-02,4,Кофе в зернах,0.3,кг,800,240.0
2025-11-02,4,Чай листовой,0.2,кг,500,100.0
2025-11-02,4,Соки,2.3,л,120,276.0
2025-11-02,4,Пиво,3.0,л,150,450.0
2025-11-02,5,Рыба (филе),1.1,кг,600,660.0
2025-11-02,5,Креветки,0.4,кг,800,320.0
2025-11-02,5,Помидоры,1.8,кг,120,216.0
2025-11-02,5,Огурцы,1.6,кг,100,160.0
2025-11-02,5,Салат айсберг,1.2,кг,150,180.0
2025-11-02,5,Картофель,4.4,кг,40,176.0
2025-11-02,5,Сыр пармезан,0.5,кг,800,400.0
2025-11-02,5,Сливки,1.8,л,200,360.0
2025-11-02,5,Макароны,2.1,кг,80,168.0
2025-11-02,5,Рис,1.6,кг,90,144.0
2025-11-02,5,Мука,1.0,кг,50,50.0
2025-11-02,5,Сахар,0.6,кг,60,36.0
2025-11-02,5,Кофе в зернах,0.3,кг,800,240.0
2025-11-02,5,Чай листовой,0.2,кг,500,100.0
2025-11-02,5,Соки,2.2,л,120,264.0
2025-11-02,5,Пиво,2.8,л,150,420.0
2025-11-02,6,Куриное филе,2.1,кг,250,525.0
2025-11-02,6,Говядина,1.5,кг,500,750.0
2025-11-02,6,Креветки,0.5,кг,800,400.0
2025-11-02,6,Помидоры,2.1,кг,120,252.0
2025-11-02,6,Огурцы,1.3,кг,100,130.0
2025-11-02,6,Сыр твердый,1.1,кг,450,495.0
2025-11-02,6,Сыр пармезан,0.5,кг,800,400.0
2025-11-02,6,Сливки,1.6,л,200,320.0
2025-11-02,6,Соки,2.2,л,120,264.0
2025-11-02,6,Пиво,2.5,л,150,375.0
2025-11-03,2,Куриное филе,2.9,кг,250,725.0
2025-11-03,2,Рыба (филе),0.9,кг,600,540.0
2025-11-03,2,Помидоры,1.7,кг,120,204.0
2025-11-03,2,Салат айсберг,0.9,кг,150,135.0
2025-11-03,2,Сыр твердый,1.0,кг,450,450.0
2025-11-03,2,Сыр пармезан,0.5,кг,800,400.0
2025-11-03,2,Сливки,1.7,л,200,340.0
2025-11-03,2,Молоко,3.0,л,70,210.0
2025-11-03,2,Макароны,2.1,кг,80,168.0
2025-11-03,2,Рис,1.3,кг,90,117.0
2025-11-03,2,Мука,1.2,кг,50,60.0
2025-11-03,2,Сахар,0.4,кг,60,24.0
2025-11-03,2,Чай листовой,0.1,кг,500,50.0
2025-11-03,2,Соки,2.1,л,120,252.0
2025-11-03,2,Пиво,2.3,л,150,345.0
2025-11-03,7,Говядина,1.4,кг,500,700.0
2025-11-03,7,Свинина,1.0,кг,400,400.0
2025-11-03,7,Помидоры,2.0,кг,120,240.0
2025-11-03,7,Огурцы,1.3,кг,100,130.0
2025-11-03,7,Картофель,3.9,кг,40,156.0
2025-11-03,7,Сыр твердый,0.9,кг,450,405.0
2025-11-03,7,Сливки,1.4,л,200,280.0
2025-11-03,7,Макароны,2.0,кг,80,160.0
2025-11-03,7,Мука,0.9,кг,50,45.0
2025-11-03,7,Соки,1.9,л,120,228.0
2025-11-03,8,Куриное филе,3.1,кг,250,775.0
2025-11-03,8,Свинина,1.0,кг,400,400.0
2025-11-03,8,Рыба (филе),1.2,кг,600,720.0
2025-11-03,8,Креветки,0.5,кг,800,400.0
2025-11-03,8,Салат айсберг,1.1,кг,150,165.0
2025-11-03,8,Картофель,4.1,кг,40,164.0
2025-11-03,8,Сливки,1.6,л,200,320.0
2025-11-03,8,Молоко,2.8,л,70,196.0
2025-11-03,8,Макароны,2.0,кг,80,160.0
2025-11-03,8,Рис,1.3,кг,90,117.0
2025-11-03,8,Мука,1.1,кг,50,55.0
2025-11-03,8,Сахар,0.5,кг,60,30.0
2025-11-03,8,Кофе в зернах,0.2,кг,800,160.0
2025-11-03,8,Соки,2.2,л,120,264.0
2025-11-03,8,Пиво,2.6,л,150,390.0
2025-11-03,10,Куриное филе,2.5,кг,250,625.0
2025-11-03,10,Говядина,1.8,кг,500,900.0
2025-11-03,10,Свинина,0.9,кг,400,360.0
2025-11-03,10,Рыба (филе),0.8,кг,600,480.0
2025-11-03,10,Помидоры,1.8,кг,120,216.0
2025-11-03,10,Огурцы,1.6,кг,100,160.0
2025-11-03,10,Картофель,4.3,кг,40,172.0
2025-11-03,10,Сыр пармезан,0.6,кг,800,480.0
2025-11-03,10,Сливки,1.4,л,200,280.0
2025-11-03,10,Молоко,2.1,л,70,147.0
2025-11-03,10,Макароны,2.3,кг,80,184.0
2025-11-03,10,Рис,1.7,кг,90,153.0
2025-11-03,10,Сахар,0.4,кг,60,24.0
2025-11-03,10,Кофе в зернах,0.3,кг,800,240.0
2025-11-03,10,Чай листовой,0.1,кг,500,50.0
2025-11-03,10,Соки,2.3,л,120,276.0
2025-11-04,1,Говядина,1.6,кг,500,800.0
2025-11-04,1,Свинина,1.0,кг,400,400.0
2025-11-04,1,Рыба (филе),1.0,кг,600,600.0
2025-11-04,1,Креветки,0.4,кг,800,320.0
2025-11-04,1,Помидоры,1.7,кг,120,204.0
2025-11-04,1,Картофель,4.5,кг,40,180.0
2025-11-04,1,Сыр пармезан,0.5,кг,800,400.0
2025-11-04,1,Макароны,2.0,кг,80,160.0
2025-11-04,1,Чай листовой,0.1,кг,500,50.0
2025-11-04,1,Соки,1.9,л,120,228.0
2025-11-04,2,Куриное филе,2.0,кг,250,500.0
2025-11-04,2,Говядина,1.5,кг,500,750.0
2025-11-04,2,Рыба (филе),1.2,кг,600,720.0
2025-11-04,2,Помидоры,1.8,кг,120,216.0
2025-11-04,2,Огурцы,1.7,кг,100,170.0
2025-11-04,2,Салат айсберг,0.9,кг,150,135.0
2025-11-04,2,Сыр твердый,0.8,кг,450,360.0
2025-11-04,2,Сыр пармезан,0.5,кг,800,400.0
2025-11-04,2,Сливки,1.3,л,200,260.0
2025-11-04,2,Рис,1.5,кг,90,135.0
2025-11-04,2,Мука,1.1,кг,50,55.0
2025-11-04,2,Сахар,0.5,кг,60,30.0
2025-11-04,2,Кофе в зернах,0.3,кг,800,240.0
2025-11-04,2,Чай листовой,0.2,кг,500,100.0
2025-11-04,2,Соки,2.1,л,120,252.0
2025-11-04,2,Пиво,2.7,л,150,405.0
2025-11-04,6,Куриное филе,2.5,кг,250,625.0
2025-11-04,6,Говядина,1.6,кг,500,800.0
2025-11-04,6,Свинина,1.1,кг,400,440.0
2025-11-04,6,Рыба (филе),1.1,кг,600,660.0
2025-11-04,6,Креветки,0.6,кг,800,480.0
2025-11-04,6,Помидоры,1.8,кг,120,216.0
2025-11-04,6,Огурцы,1.2,кг,100,120.0
2025-11-04,6,Салат айсберг,1.0,кг,150,150.0
2025-11-04,6,Картофель,3.6,кг,40,144.0
2025-11-04,6,Сыр твердый,1.0,кг,450,450.0
2025-11-04,6,Молоко,2.4,л,70,168.0
2025-11-04,6,Макароны,2.2,кг,80,176.0
2025-11-04,6,Рис,1.7,кг,90,153.0
2025-11-04,6,Мука,1.1,кг,50,55.0
2025-11-04,6,Сахар,0.5,кг,60,30.0
2025-11-04,6,Кофе в зернах,0.2,кг,800,160.0
2025-11-04,6,Соки,1.8,л,120,216.0
2025-11-04,6,Пиво,2.8,л,150,420.0
2025-11-04,8,Куриное филе,2.5,кг,250,625.0
2025-11-04,8,Свинина,0.9,кг,400,360.0
2025-11-04,8,Рыба (филе),1.1,кг,600,660.0
2025-11-04,8,Помидоры,1.9,кг,120,228.0
2025-11-04,8,Огурцы,1.6,кг,100,160.0
2025-11-04,8,Салат айсберг,0.9,кг,150,135.0
2025-11-04,8,Картофель,4.4,кг,40,176.0
2025-11-04,8,Сыр твердый,1.2,кг,450,540.0
2025-11-04,8,Сливки,1.4,л,200,280.0
2025-11-04,8,Молоко,2.1,л,70,147.0
2025-11-04,8,Макароны,1.8,кг,80,144.0
2025-11-04,8,Рис,1.7,кг,90,153.0
2025-11-04,8,Мука,1.1,кг,50,55.0
2025-11-04,8,Кофе в зернах,0.2,кг,800,160.0
2025-11-04,8,Чай листовой,0.2,кг,500,100.0
2025-11-04,9,Куриное филе,2.8,кг,250,700.0
2025-11-04,9,Говядина,1.5,кг,500,750.0
2025-11-04,9,Креветки,0.4,кг,800,320.0
2025-11-04,9,Помидоры,2.3,кг,120,276.0
2025-11-04,9,Картофель,3.4,кг,40,136.0
2025-11-04,9,Сыр твердый,0.9,кг,450,405.0
2025-11-04,9,Сыр пармезан,0.6,кг,800,480.0
2025-11-04,9,Макароны,2.3,кг,80,184.0
2025-11-04,9,Рис,1.8,кг,90,162.0
2025-11-04,9,Мука,1.2,кг,50,60.0
2025-11-04,9,Сахар,0.4,кг,60,24.0
2025-11-04,9,Кофе в зернах,0.3,кг,800,240.0
2025-11-04,9,Соки,1.7,л,120,204.0
2025-11-04,9,Пиво,2.6,л,150,390.0
2025-11-05,3,Куриное филе,2.8,кг,250,700.0
2025-11-05,3,Говядина,1.5,кг,500,750.0
2025-11-05,3,Рыба (филе),1.0,кг,600,600.0
2025-11-05,3,Креветки,0.5,кг,800,400.0
2025-11-05,3,Помидоры,2.0,кг,120,240.0
2025-11-05,3,Огурцы,1.7,кг,100,170.0
2025-11-05,3,Салат айсберг,1.1,кг,150,165.0
2025-11-05,3,Сыр твердый,1.2,кг,450,540.0
2025-11-05,3,Сыр пармезан,0.4,кг,800,320.0
2025-11-05,3,Сливки,1.6,л,200,320.0
2025-11-05,3,Рис,1.6,кг,90,144.0
2025-11-05,3,Мука,0.9,кг,50,45.0
2025-11-05,3,Сахар,0.4,кг,60,24.0
2025-11-05,3,Кофе в зернах,0.2,кг,800,160.0
2025-11-05,3,Чай листовой,0.1,кг,500,50.0
2025-11-05,3,Пиво,2.7,л,150,405.0
2025-11-05,4,Говядина,1.5,кг,500,750.0
2025-11-05,4,Рыба (филе),1.1,кг,600,660.0
2025-11-05,4,Помидоры,1.7,кг,120,204.0
2025-11-05,4,Огурцы,1.6,кг,100,160.0
2025-11-05,4,Салат айсберг,1.1,кг,150,165.0
2025-11-05,4,Сыр твердый,0.8,кг,450,360.0
2025-11-05,4,Молоко,2.3,л,70,161.0
2025-11-05,4,Макароны,2.3,кг,80,184.0
2025-11-05,4,Рис,1.6,кг,90,144.0
2025-11-05,4,Сахар,0.5,кг,60,30.0
2025-11-05,4,Кофе в зернах,0.2,кг,800,160.0
2025-11-05,4,Чай листовой,0.2,кг,500,100.0
2025-11-05,4,Пиво,3.0,л,150,450.0
2025-11-05,5,Куриное филе,2.5,кг,250,625.0
2025-11-05,5,Говядина,1.4,кг,500,700.0
2025-11-05,5,Свинина,1.0,кг,400,400.0
2025-11-05,5,Рыба (филе),0.9,кг,600,540.0
2025-11-05,5,Креветки,0.5,кг,800,400.0
2025-11-05,5,Помидоры,2.1,кг,120,252.0
2025-11-05,5,Огурцы,1.6,кг,100,160.0
2025-11-05,5,Салат айсберг,1.1,кг,150,165.0
2025-11-05,5,Картофель,3.8,кг,40,152.0
2025-11-05,5,Сыр твердый,1.0,кг,450,450.0
2025-11-05,5,Сыр пармезан,0.6,кг,800,480.0
2025-11-05,5,Молоко,2.9,л,70,203.0
2025-11-05,5,Макароны,1.9,кг,80,152.0
2025-11-05,5,Рис,1.4,кг,90,126.0
2025-11-05,5,Мука,1.0,кг,50,50.0
2025-11-05,5,Сахар,0.6,кг,60,36.0
2025-11-05,5,Кофе в зернах,0.2,кг,800,160.0
2025-11-05,5,Чай листовой,0.1,кг,500,50.0
2025-11-05,5,Пиво,2.3,л,150,345.0
2025-11-05,8,Куриное филе,2.1,кг,250,525.0
2025-11-05,8,Свинина,1.0,кг,400,400.0
2025-11-05,8,Рыба (филе),1.0,кг,600,600.0
2025-11-05,8,Креветки,0.6,кг,800,480.0
2025-11-05,8,Огурцы,1.4,кг,100,140.0
2025-11-05,8,Картофель,3.4,кг,40,136.0
2025-11-05,8,Сыр твердый,0.8,кг,450,360.0
2025-11-05,8,Макароны,2.4,кг,80,192.0
2025-11-05,8,Рис,1.3,кг,90,117.0
2025-11-05,8,Мука,1.0,кг,50,50.0
2025-11-05,8,Сахар,0.5,кг,60,30.0
2025-11-05,8,Чай листовой,0.2,кг,500,100.0
2025-11-05,8,Пиво,2.6,л,150,390.0
2025-11-06,4,Куриное филе,2.6,кг,250,650.0
2025-11-06,4,Говядина,1.2,кг,500,600.0
2025-11-06,4,Свинина,0.9,кг,400,360.0
2025-11-06,4,Картофель,3.5,кг,40,140.0
2025-11-06,4,Сыр твердый,1.1,кг,450,495.0
2025-11-06,4,Сыр пармезан,0.5,кг,800,400.0
2025-11-06,4,Сливки,1.4,л,200,280.0
2025-11-06,4,Молоко,2.1,л,70,147.0
2025-11-06,4,Макароны,1.6,кг,80,128.0
2025-11-06,4,Рис,1.3,кг,90,117.0
2025-11-06,4,Мука,0.8,кг,50,40.0
2025-11-06,4,Сахар,0.4,кг,60,24.0
2025-11-06,4,Кофе в зернах,0.3,кг,800,240.0
2025-11-06,4,Чай листовой,0.2,кг,500,100.0
2025-11-06,4,Пиво,2.9,л,150,435.0
2025-11-06,5,Свинина,1.0,кг,400,400.0
2025-11-06,5,Рыба (филе),1.2,кг,600,720.0
2025-11-06,5,Креветки,0.5,кг,800,400.0
2025-11-06,5,Картофель,3.9,кг,40,156.0
2025-11-06,5,Сыр твердый,1.2,кг,450,540.0
2025-11-06,5,Сыр пармезан,0.5,кг,800,400.0
2025-11-06,5,Сливки,1.2,л,200,240.0
2025-11-06,5,Молоко,2.7,л,70,189.0
2025-11-06,5,Макароны,2.2,кг,80,176.0
2025-11-06,5,Рис,1.5,кг,90,135.0
2025-11-06,5,Мука,1.1,кг,50,55.0
2025-11-06,5,Сахар,0.5,кг,60,30.0
2025-11-06,5,Чай листовой,0.2,кг,500,100.0
2025-11-06,5,Пиво,2.3,л,150,345.0
2025-11-06,6,Куриное филе,2.5,кг,250,625.0
2025-11-06,6,Говядина,1.6,кг,500,800.0
2025-11-06,6,Свинина,1.0,кг,400,400.0
2025-11-06,6,Рыба (филе),0.9,кг,600,540.0
2025-11-06,6,Креветки,0.5,кг,800,400.0
2025-11-06,6,Огурцы,1.2,кг,100,120.0
2025-11-06,6,Салат айсберг,1.0,кг,150,150.0
2025-11-06,6,Картофель,4.5,кг,40,180.0
2025-11-06,6,Сыр твердый,0.9,кг,450,405.0
2025-11-06,6,Сливки,1.3,л,200,260.0
2025-11-06,6,Макароны,2.1,кг,80,168.0
2025-11-06,6,Рис,1.6,кг,90,144.0
2025-11-06,6,Сахар,0.4,кг,60,24.0
2025-11-06,6,Кофе в зернах,0.2,кг,800,160.0
2025-11-06,6,Чай листовой,0.2,кг,500,100.0
2025-11-06,6,Соки,2.0,л,120,240.0
2025-11-06,6,Пиво,2.4,л,150,360.0
2025-11-06,7,Куриное филе,2.8,кг,250,700.0
2025-11-06,7,Говядина,1.4,кг,500,700.0
2025-11-06,7,Свинина,1.1,кг,400,440.0
2025-11-06,7,Рыба (филе),0.8,кг,600,480.0
2025-11-06,7,Креветки,0.4,кг,800,320.0
2025-11-06,7,Огурцы,1.6,кг,100,160.0
2025-11-06,7,Картофель,4.0,кг,40,160.0
2025-11-06,7,Сыр твердый,1.0,кг,450,450.0
2025-11-06,7,Сыр пармезан,0.5,кг,800,400.0
2025-11-06,7,Макароны,1.9,кг,80,152.0
2025-11-06,7,Рис,1.5,кг,90,135.0
2025-11-06,7,Мука,0.9,кг,50,45.0
2025-11-06,7,Сахар,0.5,кг,60,30.0
2025-11-06,7,Кофе в зернах,0.3,кг,800,240.0
2025-11-06,7,Соки,1.9,л,120,228.0
2025-11-06,7,Пиво,2.6,л,150,390.0
2025-11-06,9,Куриное филе,2.4,кг,250,600.0
2025-11-06,9,Свинина,1.1,кг,400,440.0
2025-11-06,9,Рыба (филе),0.9,кг,600,540.0
2025-11-06,9,Помидоры,2.0,кг,120,240.0
2025-11-06,9,Огурцы,1.6,кг,100,160.0
2025-11-06,9,Салат айсберг,0.8,кг,150,120.0
2025-11-06,9,Картофель,4.0,кг,40,160.0
2025-11-06,9,Сыр твердый,1.0,кг,450,450.0
2025-11-06,9,Сыр пармезан,0.5,кг,800,400.0
2025-11-06,9,Сливки,1.7,л,200,340.0
2025-11-06,9,Молоко,2.0,л,70,140.0
2025-11-06,9,Макароны,2.3,кг,80,184.0
2025-11-06,9,Мука,1.1,кг,50,55.0
2025-11-06,9,Сахар,0.5,кг,60,30.0
2025-11-06,9,Кофе в зернах,0.2,кг,800,160.0
2025-11-06,9,Соки,2.0,л,120,240.0
2025-11-06,9,Пиво,2.1,л,150,315.0
2025-11-07,6,Куриное филе,3.0,кг,250,750.0
2025-11-07,6,Говядина,1.2,кг,500,600.0
2025-11-07,6,Свинина,0.9,кг,400,360.0
2025-11-07,6,Рыба (филе),1.0,кг,600,600.0
2025-11-07,6,Помидоры,1.9,кг,120,228.0
2025-11-07,6,Салат айсберг,1.0,кг,150,150.0
2025-11-07,6,Картофель,3.4,кг,40,136.0
2025-11-07,6,Сыр твердый,0.8,кг,450,360.0
2025-11-07,6,Сыр пармезан,0.6,кг,800,480.0
2025-11-07,6,Сливки,1.5,л,200,300.0
2025-11-07,6,Молоко,2.3,л,70,161.0
2025-11-07,6,Макароны,2.2,кг,80,176.0
2025-11-07,6,Рис,1.7,кг,90,153.0
2025-11-07,6,Мука,1.0,кг,50,50.0
2025-11-07,6,Сахар,0.5,кг,60,30.0
2025-11-07,6,Кофе в зернах,0.3,кг,800,240.0
2025-11-07,6,Чай листовой,0.1,кг,500,50.0
2025-11-07,6,Пиво,2.8,л,150,420.0
2025-11-07,7,Куриное филе,3.0,кг,250,750.0
2025-11-07,7,Креветки,0.5,кг,800,400.0
2025-11-07,7,Помидоры,2.4,кг,120,288.0
2025-11-07,7,Огурцы,1.5,кг,100,150.0
2025-11-07,7,Салат айсберг,1.0,кг,150,150.0
2025-11-07,7,Картофель,4.4,кг,40,176.0
2025-11-07,7,Сыр пармезан,0.4,кг,800,320.0
2025-11-07,7,Молоко,2.7,л,70,189.0
2025-11-07,7,Макароны,1.8,кг,80,144.0
2025-11-07,7,Кофе в зернах,0.3,кг,800,240.0
2025-11-07,7,Соки,2.2,л,120,264.0
2025-11-07,7,Пиво,2.2,л,150,330.0
2025-11-07,8,Куриное филе,2.6,кг,250,650.0
2025-11-07,8,Говядина,1.8,кг,500,900.0
2025-11-07,8,Рыба (филе),1.0,кг,600,600.0
2025-11-07,8,Салат айсберг,1.1,кг,150,165.0
2025-11-07,8,Картофель,4.1,кг,40,164.0
2025-11-07,8,Сыр твердый,1.1,кг,450,495.0
2025-11-07,8,Сыр пармезан,0.6,кг,800,480.0
2025-11-07,8,Сливки,1.5,л,200,300.0
2025-11-07,8,Макароны,1.7,кг,80,136.0
2025-11-07,8,Рис,1.4,кг,90,126.0
2025-11-07,8,Мука,0.9,кг,50,45.0
2025-11-07,8,Сахар,0.6,кг,60,36.0
2025-11-07,8,Чай листовой,0.2,кг,500,100.0
2025-11-07,8,Пиво,2.6,л,150,390.0
2025-11-07,9,Говядина,1.3,кг,500,650.0
2025-11-07,9,Свинина,1.0,кг,400,400.0
2025-11-07,9,Креветки,0.6,кг,800,480.0
2025-11-07,9,Помидоры,1.8,кг,120,216.0
2025-11-07,9,Огурцы,1.5,кг,100,150.0
2025-11-07,9,Салат айсберг,1.1,кг,150,165.0
2025-11-07,9,Картофель,3.5,кг,40,140.0
2025-11-07,9,Сыр твердый,0.9,кг,450,405.0
2025-11-07,9,Сыр пармезан,0.6,кг,800,480.0
2025-11-07,9,Сливки,1.5,л,200,300.0
2025-11-07,9,Молоко,2.5,л,70,175.0
2025-11-07,9,Макароны,1.7,кг,80,136.0
2025-11-07,9,Рис,1.8,кг,90,162.0
2025-11-07,9,Сахар,0.6,кг,60,36.0
2025-11-07,9,Чай листовой,0.2,кг,500,100.0
2025-11-07,9,Пиво,2.0,л,150,300.0
2025-11-07,10,Куриное филе,2.0,кг,250,500.0
2025-11-07,10,Свинина,1.0,кг,400,400.0
2025-11-07,10,Рыба (филе),1.0,кг,600,600.0
2025-11-07,10,Помидоры,1.8,кг,120,216.0
2025-11-07,10,Салат айсберг,1.0,кг,150,150.0
2025-11-07,10,Картофель,3.9,кг,40,156.0
2025-11-07,10,Сыр твердый,1.0,кг,450,450.0
2025-11-07,10,Сыр пармезан,0.5,кг,800,400.0
2025-11-07,10,Сливки,1.5,л,200,300.0
2025-11-07,10,Молоко,2.1,л,70,147.0
2025-11-07,10,Макароны,2.0,кг,80,160.0
2025-11-07,10,Рис,1.6,кг,90,144.0
2025-11-07,10,Чай листовой,0.2,кг,500,100.0
2025-11-07,10,Пиво,2.4,л,150,360.0
2025-11-08,1,Говядина,1.6,кг,500,800.0
2025-11-08,1,Рыба (филе),1.0,кг,600,600.0
2025-11-08,1,Креветки,0.6,кг,800,480.0
2025-11-08,1,Помидоры,2.1,кг,120,252.0
2025-11-08,1,Салат айсберг,1.0,кг,150,150.0
2025-11-08,1,Картофель,4.1,кг,40,164.0
2025-11-08,1,Сыр твердый,1.0,кг,450,450.0
2025-11-08,1,Молоко,2.3,л,70,161.0
2025-11-08,1,Макароны,2.0,кг,80,160.0
2025-11-08,1,Рис,1.6,кг,90,144.0
2025-11-08,1,Мука,1.2,кг,50,60.0
2025-11-08,1,Сахар,0.5,кг,60,30.0
2025-11-08,1,Чай листовой,0.2,кг,500,100.0
2025-11-08,1,Соки,2.2,л,120,264.0
2025-11-08,3,Куриное филе,2.6,кг,250,650.0
2025-11-08,3,Свинина,1.1,кг,400,440.0
2025-11-08,3,Рыба (филе),1.0,кг,600,600.0
2025-11-08,3,Креветки,0.5,кг,800,400.0
2025-11-08,3,Помидоры,1.9,кг,120,228.0
2025-11-08,3,Огурцы,1.5,кг,100,150.0
2025-11-08,3,Салат айсберг,0.9,кг,150,135.0
2025-11-08,3,Картофель,4.5,кг,40,180.0
2025-11-08,3,Сливки,1.4,л,200,280.0
2025-11-08,3,Молоко,2.8,л,70,196.0
2025-11-08,3,Макароны,2.1,кг,80,168.0
2025-11-08,3,Мука,1.1,кг,50,55.0
2025-11-08,3,Сахар,0.5,кг,60,30.0
2025-11-08,3,Кофе в зернах,0.3,кг,800,240.0
2025-11-08,3,Соки,2.1,л,120,252.0
2025-11-08,3,Пиво,3.1,л,150,465.0
2025-11-08,10,Куриное филе,2.3,кг,250,575.0
2025-11-08,10,Говядина,1.6,кг,500,800.0
2025-11-08,10,Рыба (филе),0.8,кг,600,480.0
2025-11-08,10,Креветки,0.5,кг,800,400.0
2025-11-08,10,Помидоры,1.9,кг,120,228.0
2025-11-08,10,Огурцы,1.7,кг,100,170.0
2025-11-08,10,Сыр твердый,0.9,кг,450,405.0
2025-11-08,10,Молоко,2.6,л,70,182.0
2025-11-08,10,Рис,1.6,кг,90,144.0
2025-11-08,10,Мука,1.0,кг,50,50.0
2025-11-08,10,Кофе в зернах,0.3,кг,800,240.0
2025-11-08,10,Пиво,2.2,л,150,330.0
2025-11-09,2,Куриное филе,2.0,кг,250,500.0
2025-11-09,2,Говядина,1.5,кг,500,750.0
2025-11-09,2,Свинина,1.0,кг,400,400.0
2025-11-09,2,Креветки,0.6,кг,800,480.0
2025-11-09,2,Помидоры,2.1,кг,120,252.0
2025-11-09,2,Салат айсберг,1.2,кг,150,180.0
2025-11-09,2,Сыр твердый,0.8,кг,450,360.0
2025-11-09,2,Сыр пармезан,0.6,кг,800,480.0
2025-11-09,2,Сливки,1.5,л,200,300.0
2025-11-09,2,Молоко,2.8,л,70,196.0
2025-11-09,2,Мука,0.9,кг,50,45.0
2025-11-09,2,Пиво,2.8,л,150,420.0
2025-11-09,3,Куриное филе,2.0,кг,250,500.0
2025-11-09,3,Говядина,1.6,кг,500,800.0
2025-11-09,3,Рыба (филе),1.0,кг,600,600.0
2025-11-09,3,Креветки,0.5,кг,800,400.0
2025-11-09,3,Помидоры,2.3,кг,120,276.0
2025-11-09,3,Картофель,3.8,кг,40,152.0
2025-11-09,3,Сыр пармезан,0.5,кг,800,400.0
2025-11-09,3,Макароны,1.7,кг,80,136.0
2025-11-09,3,Рис,1.2,кг,90,108.0
2025-11-09,3,Мука,1.1,кг,50,55.0
2025-11-09,3,Кофе в зернах,0.2,кг,800,160.0
2025-11-09,3,Чай листовой,0.1,кг,500,50.0
2025-11-09,3,Соки,2.4,л,120,288.0
2025-11-09,3,Пиво,2.5,л,150,375.0
2025-11-09,4,Говядина,1.3,кг,500,650.0
2025-11-09,4,Свинина,0.9,кг,400,360.0
2025-11-09,4,Салат айсберг,0.9,кг,150,135.0
2025-11-09,4,Картофель,4.1,кг,40,164.0
2025-11-09,4,Сыр твердый,0.9,кг,450,405.0
2025-11-09,4,Сыр пармезан,0.5,кг,800,400.0
2025-11-09,4,Сливки,1.6,л,200,320.0
2025-11-09,4,Молоко,2.8,л,70,196.0
2025-11-09,4,Мука,1.1,кг,50,55.0
2025-11-09,4,Кофе в зернах,0.2,кг,800,160.0
2025-11-09,4,Пиво,2.7,л,150,405.0
2025-11-09,9,Свинина,0.9,кг,400,360.0
2025-11-09,9,Креветки,0.4,кг,800,320.0
2025-11-09,9,Помидоры,2.5,кг,120,300.0
2025-11-09,9,Салат айсберг,1.1,кг,150,165.0
2025-11-09,9,Картофель,3.6,кг,40,144.0
2025-11-09,9,Сыр твердый,1.0,кг,450,450.0
2025-11-09,9,Сыр пармезан,0.5,кг,800,400.0
2025-11-09,9,Сливки,1.4,л,200,280.0
2025-11-09,9,Молоко,2.2,л,70,154.0
2025-11-09,9,Макароны,2.0,кг,80,160.0
2025-11-09,9,Рис,1.9,кг,90,171.0
2025-11-09,9,Мука,1.1,кг,50,55.0
2025-11-09,9,Сахар,0.5,кг,60,30.0
2025-11-09,9,Соки,2.1,л,120,252.0
2025-11-09,10,Куриное филе,3.0,кг,250,750.0
2025-11-09,10,Говядина,1.4,кг,500,700.0
2025-11-09,10,Свинина,1.2,кг,400,480.0
2025-11-09,10,Рыба (филе),1.1,кг,600,660.0
2025-11-09,10,Помидоры,2.1,кг,120,252.0
2025-11-09,10,Салат айсберг,1.1,кг,150,165.0
2025-11-09,10,Картофель,4.7,кг,40,188.0
2025-11-09,10,Сыр твердый,0.8,кг,450,360.0
2025-11-09,10,Сыр пармезан,0.4,кг,800,320.0
2025-11-09,10,Молоко,3.0,л,70,210.0
2025-11-09,10,Рис,1.3,кг,90,117.0
2025-11-09,10,Мука,0.9,кг,50,45.0
2025-11-09,10,Сахар,0.6,кг,60,36.0
2025-11-09,10,Кофе в зернах,0.2,кг,800,160.0
2025-11-09,10,Соки,1.9,л,120,228.0
2025-11-10,2,Куриное филе,2.7,кг,250,675.0
2025-11-10,2,Свинина,1.1,кг,400,440.0
2025-11-10,2,Рыба (филе),1.1,кг,600,660.0
2025-11-10,2,Креветки,0.6,кг,800,480.0
2025-11-10,2,Помидоры,2.1,кг,120,252.0
2025-11-10,2,Огурцы,1.5,кг,100,150.0
2025-11-10,2,Салат айсберг,1.0,кг,150,150.0
2025-11-10,2,Картофель,4.7,кг,40,188.0
2025-11-10,2,Сыр твердый,1.1,кг,450,495.0
2025-11-10,2,Сыр пармезан,0.6,кг,800,480.0
2025-11-10,2,Сливки,1.6,л,200,320.0
2025-11-10,2,Молоко,2.7,л,70,189.0
2025-11-10,2,Макароны,1.8,кг,80,144.0
2025-11-10,2,Рис,1.5,кг,90,135.0
2025-11-10,2,Мука,1.1,кг,50,55.0
2025-11-10,2,Сахар,0.6,кг,60,36.0
2025-11-10,2,Чай листовой,0.2,кг,500,100.0
2025-11-10,2,Соки,1.9,л,120,228.0
2025-11-10,3,Куриное филе,2.8,кг,250,700.0
2025-11-10,3,Свинина,1.1,кг,400,440.0
2025-11-10,3,Рыба (филе),1.1,кг,600,660.0
2025-11-10,3,Помидоры,1.8,кг,120,216.0
2025-11-10,3,Огурцы,1.7,кг,100,170.0
2025-11-10,3,Салат айсберг,0.9,кг,150,135.0
2025-11-10,3,Картофель,3.5,кг,40,140.0
2025-11-10,3,Сыр пармезан,0.5,кг,800,400.0
2025-11-10,3,Молоко,2.5,л,70,175.0
2025-11-10,3,Макароны,2.2,кг,80,176.0
2025-11-10,3,Рис,1.2,кг,90,108.0
2025-11-10,3,Мука,1.0,кг,50,50.0
2025-11-10,3,Кофе в зернах,0.2,кг,800,160.0
2025-11-10,3,Чай листовой,0.1,кг,500,50.0
2025-11-10,3,Соки,1.9,л,120,228.0
2025-11-10,3,Пиво,2.6,л,150,390.0
2025-11-10,7,Куриное филе,2.3,кг,250,575.0
2025-11-10,7,Говядина,1.7,кг,500,850.0
2025-11-10,7,Рыба (филе),1.0,кг,600,600.0
2025-11-10,7,Креветки,0.4,кг,800,320.0
2025-11-10,7,Помидоры,1.9,кг,120,228.0
2025-11-10,7,Огурцы,1.4,кг,100,140.0
2025-11-10,7,Картофель,4.1,кг,40,164.0
2025-11-10,7,Сыр пармезан,0.5,кг,800,400.0
2025-11-10,7,Сливки,1.4,л,200,280.0
2025-11-10,7,Макароны,1.9,кг,80,152.0
2025-11-10,7,Рис,1.8,кг,90,162.0
2025-11-10,7,Мука,1.1,кг,50,55.0
2025-11-10,7,Чай листовой,0.1,кг,500,50.0
2025-11-10,7,Соки,1.6,л,120,192.0
2025-11-10,8,Куриное филе,2.7,кг,250,675.0
2025-11-10,8,Говядина,1.5,кг,500,750.0
2025-11-10,8,Свинина,1.2,кг,400,480.0
2025-11-10,8,Креветки,0.4,кг,800,320.0
2025-11-10,8,Помидоры,2.2,кг,120,264.0
2025-11-10,8,Салат айсберг,1.0,кг,150,150.0
2025-11-10,8,Сыр пармезан,0.5,кг,800,400.0
2025-11-10,8,Сливки,1.7,л,200,340.0
2025-11-10,8,Молоко,2.1,л,70,147.0
2025-11-10,8,Рис,1.6,кг,90,144.0
2025-11-10,8,Мука,0.9,кг,50,45.0
2025-11-10,8,Кофе в зернах,0.3,кг,800,240.0
2025-11-10,8,Чай листовой,0.2,кг,500,100.0
2025-11-10,8,Соки,1.6,л,120,192.0
2025-11-10,8,Пиво,2.6,л,150,390.0
2025-11-10,9,Свинина,1.0,кг,400,400.0
2025-11-10,9,Рыба (филе),1.0,кг,600,600.0
2025-11-10,9,Огурцы,1.5,кг,100,150.0
2025-11-10,9,Картофель,4.0,кг,40,160.0
2025-11-10,9,Сыр твердый,1.1,кг,450,495.0
2025-11-10,9,Сыр пармезан,0.6,кг,800,480.0
2025-11-10,9,Сливки,1.7,л,200,340.0
2025-11-10,9,Молоко,2.5,л,70,175.0
2025-11-10,9,Макароны,2.2,кг,80,176.0
2025-11-10,9,Рис,1.5,кг,90,135.0
2025-11-10,9,Мука,1.1,кг,50,55.0
2025-11-10,9,Кофе в зернах,0.2,кг,800,160.0
2025-11-10,9,Чай листовой,0.1,кг,500,50.0
2025-11-10,9,Соки,2.0,л,120,240.0
2025-11-10,9,Пиво,2.1,л,150,315.0
2025-11-11,2,Говядина,1.6,кг,500,800.0
2025-11-11,2,Рыба (филе),1.0,кг,600,600.0
2025-11-11,2,Креветки,0.5,кг,800,400.0
2025-11-11,2,Помидоры,1.8,кг,120,216.0
2025-11-11,2,Огурцы,1.5,кг,100,150.0
2025-11-11,2,Салат айсберг,1.0,кг,150,150.0
2025-11-11,2,Сыр твердый,0.8,кг,450,360.0
2025-11-11,2,Сыр пармезан,0.6,кг,800,480.0
2025-11-11,2,Молоко,2.3,л,70,161.0
2025-11-11,2,Макароны,1.8,кг,80,144.0
2025-11-11,2,Мука,1.1,кг,50,55.0
2025-11-11,2,Сахар,0.5,кг,60,30.0
2025-11-11,2,Кофе в зернах,0.2,кг,800,160.0
2025-11-11,5,Куриное филе,2.7,кг,250,675.0
2025-11-11,5,Говядина,1.3,кг,500,650.0
2025-11-11,5,Свинина,1.2,кг,400,480.0
2025-11-11,5,Рыба (филе),1.2,кг,600,720.0
2025-11-11,5,Креветки,0.5,кг,800,400.0
2025-11-11,5,Помидоры,1.5,кг,120,180.0
2025-11-11,5,Салат айсберг,0.9,кг,150,135.0
2025-11-11,5,Сыр твердый,1.0,кг,450,450.0
2025-11-11,5,Сливки,1.5,л,200,300.0
2025-11-11,5,Макароны,1.9,кг,80,152.0
2025-11-11,5,Рис,1.5,кг,90,135.0
2025-11-11,5,Мука,0.9,кг,50,45.0
2025-11-11,5,Сахар,0.6,кг,60,36.0
2025-11-11,5,Чай листовой,0.1,кг,500,50.0
2025-11-11,5,Соки,1.9,л,120,228.0
2025-11-11,5,Пиво,2.7,л,150,405.0
2025-11-11,6,Говядина,1.8,кг,500,900.0
2025-11-11,6,Свинина,1.3,кг,400,520.0
2025-11-11,6,Рыба (филе),1.0,кг,600,600.0
2025-11-11,6,Помидоры,2.2,кг,120,264.0
2025-11-11,6,Огурцы,1.5,кг,100,150.0
2025-11-11,6,Картофель,3.9,кг,40,156.0
2025-11-11,6,Сыр твердый,1.1,кг,450,495.0
2025-11-11,6,Сыр пармезан,0.5,кг,800,400.0
2025-11-11,6,Сливки,1.8,л,200,360.0
2025-11-11,6,Молоко,2.0,л,70,140.0
2025-11-11,6,Макароны,1.8,кг,80,144.0
2025-11-11,6,Рис,1.7,кг,90,153.0
2025-11-11,6,Сахар,0.5,кг,60,30.0
2025-11-11,6,Чай листовой,0.1,кг,500,50.0
2025-11-11,6,Соки,1.9,л,120,228.0
2025-11-11,6,Пиво,2.1,л,150,315.0
2025-11-11,7,Куриное филе,3.0,кг,250,750.0
2025-11-11,7,Говядина,1.7,кг,500,850.0
2025-11-11,7,Свинина,1.2,кг,400,480.0
2025-11-11,7,Рыба (филе),0.9,кг,600,540.0
2025-11-11,7,Креветки,0.6,кг,800,480.0
2025-11-11,7,Салат айсберг,0.9,кг,150,135.0
2025-11-11,7,Картофель,4.6,кг,40,184.0
2025-11-11,7,Сыр твердый,1.1,кг,450,495.0
2025-11-11,7,Сыр пармезан,0.6,кг,800,480.0
2025-11-11,7,Сливки,1.6,л,200,320.0
2025-11-11,7,Молоко,2.2,л,70,154.0
2025-11-11,7,Макароны,2.5,кг,80,200.0
2025-11-11,7,Чай листовой,0.1,кг,500,50.0
2025-11-11,7,Соки,2.0,л,120,240.0
2025-11-11,9,Куриное филе,2.7,кг,250,675.0
2025-11-11,9,Свинина,1.1,кг,400,440.0
2025-11-11,9,Рыба (филе),0.8,кг,600,480.0
2025-11-11,9,Креветки,0.6,кг,800,480.0
2025-11-11,9,Помидоры,2.3,кг,120,276.0
2025-11-11,9,Огурцы,1.3,кг,100,130.0
2025-11-11,9,Салат айсберг,1.1,кг,150,165.0
2025-11-11,9,Сыр твердый,1.1,кг,450,495.0
2025-11-11,9,Сыр пармезан,0.4,кг,800,320.0
2025-11-11,9,Молоко,2.6,л,70,182.0
2025-11-11,9,Макароны,1.7,кг,80,136.0
2025-11-11,9,Рис,1.6,кг,90,144.0
2025-11-11,9,Мука,1.0,кг,50,50.0
2025-11-11,9,Кофе в зернах,0.3,кг,800,240.0
2025-11-11,9,Чай листовой,0.2,кг,500,100.0
2025-11-11,9,Пиво,2.7,л,150,405.0
2025-11-11,10,Говядина,1.5,кг,500,750.0
2025-11-11,10,Свинина,0.9,кг,400,360.0
2025-11-11,10,Рыба (филе),0.9,кг,600,540.0
2025-11-11,10,Огурцы,1.6,кг,100,160.0
2025-11-11,10,Салат айсберг,1.0,кг,150,150.0
2025-11-11,10,Картофель,4.2,кг,40,168.0
2025-11-11,10,Сыр твердый,0.8,кг,450,360.0
2025-11-11,10,Сыр пармезан,0.4,кг,800,320.0
2025-11-11,10,Сливки,1.5,л,200,300.0
2025-11-11,10,Молоко,2.7,л,70,189.0
2025-11-11,10,Макароны,1.9,кг,80,152.0
2025-11-11,10,Мука,1.1,кг,50,55.0
2025-11-11,10,Сахар,0.5,кг,60,30.0
2025-11-11,10,Кофе в зернах,0.3,кг,800,240.0
2025-11-11,10,Чай листовой,0.1,кг,500,50.0
2025-11-11,10,Пиво,2.5,л,150,375.0
2025-11-12,1,Куриное филе,2.4,кг,250,600.0
2025-11-12,1,Говядина,1.3,кг,500,650.0
2025-11-12,1,Рыба (филе),1.2,кг,600,720.0
2025-11-12,1,Помидоры,2.4,кг,120,288.0
2025-11-12,1,Салат айсберг,1.0,кг,150,150.0
2025-11-12,1,Сыр твердый,1.0,кг,450,450.0
2025-11-12,1,Сливки,1.7,л,200,340.0
2025-11-12,1,Молоко,2.3,л,70,161.0
2025-11-12,1,Мука,0.9,кг,50,45.0
2025-11-12,1,Сахар,0.6,кг,60,36.0
2025-11-12,1,Кофе в зернах,0.2,кг,800,160.0
2025-11-12,1,Соки,2.2,л,120,264.0
2025-11-12,1,Пиво,2.4,л,150,360.0
2025-11-12,2,Куриное филе,3.2,кг,250,800.0
2025-11-12,2,Говядина,1.5,кг,500,750.0
2025-11-12,2,Свинина,1.0,кг,400,400.0
2025-11-12,2,Креветки,0.5,кг,800,400.0
2025-11-12,2,Помидоры,2.4,кг,120,288.0
2025-11-12,2,Огурцы,1.5,кг,100,150.0
2025-11-12,2,Салат айсберг,0.9,кг,150,135.0
2025-11-12,2,Картофель,3.8,кг,40,152.0
2025-11-12,2,Сыр пармезан,0.5,кг,800,400.0
2025-11-12,2,Сливки,1.5,л,200,300.0
2025-11-12,2,Молоко,2.8,л,70,196.0
2025-11-12,2,Макароны,1.9,кг,80,152.0
2025-11-12,2,Мука,0.8,кг,50,40.0
2025-11-12,2,Сахар,0.5,кг,60,30.0
2025-11-12,2,Кофе в зернах,0.3,кг,800,240.0
2025-11-12,2,Соки,2.1,л,120,252.0
2025-11-12,2,Пиво,2.8,л,150,420.0
2025-11-12,6,Куриное филе,2.9,кг,250,725.0
2025-11-12,6,Свинина,0.9,кг,400,360.0
2025-11-12,6,Рыба (филе),1.1,кг,600,660.0
2025-11-12,6,Креветки,0.4,кг,800,320.0
2025-11-12,6,Помидоры,1.8,кг,120,216.0
2025-11-12,6,Огурцы,1.7,кг,100,170.0
2025-11-12,6,Салат айсберг,1.0,кг,150,150.0
2025-11-12,6,Картофель,4.6,кг,40,184.0
2025-11-12,6,Сыр твердый,0.9,кг,450,405.0
2025-11-12,6,Сыр пармезан,0.4,кг,800,320.0
2025-11-12,6,Сливки,1.5,л,200,300.0
2025-11-12,6,Молоко,2.5,л,70,175.0
2025-11-12,6,Макароны,1.9,кг,80,152.0
2025-11-12,6,Рис,1.5,кг,90,135.0
2025-11-12,6,Мука,1.1,кг,50,55.0
2025-11-12,6,Чай листовой,0.1,кг,500,50.0
2025-11-12,6,Соки,2.0,л,120,240.0
2025-11-12,6,Пиво,2.7,л,150,405.0
2025-11-12,7,Куриное филе,2.6,кг,250,650.0
2025-11-12,7,Свинина,0.9,кг,400,360.0
2025-11-12,7,Помидоры,2.3,кг,120,276.0
2025-11-12,7,Огурцы,1.3,кг,100,130.0
2025-11-12,7,Салат айсберг,1.2,кг,150,180.0
2025-11-12,7,Картофель,4.2,кг,40,168.0
2025-11-12,7,Сыр пармезан,0.5,кг,800,400.0
2025-11-12,7,Сливки,1.5,л,200,300.0
2025-11-12,7,Молоко,2.8,л,70,196.0
2025-11-12,7,Макароны,2.0,кг,80,160.0
2025-11-12,7,Рис,1.7,кг,90,153.0
2025-11-12,7,Мука,1.1,кг,50,55.0
2025-11-12,7,Сахар,0.4,кг,60,24.0
2025-11-12,7,Кофе в зернах,0.2,кг,800,160.0
2025-11-12,7,Соки,1.9,л,120,228.0
2025-11-12,7,Пиво,2.4,л,150,360.0
2025-11-12,10,Куриное филе,2.7,кг,250,675.0
2025-11-12,10,Говядина,1.4,кг,500,700.0
2025-11-12,10,Креветки,0.4,кг,800,320.0
2025-11-12,10,Помидоры,2.0,кг,120,240.0
2025-11-12,10,Огурцы,1.9,кг,100,190.0
2025-11-12,10,Салат айсберг,1.0,кг,150,150.0
2025-11-12,10,Картофель,3.2,кг,40,128.0
2025-11-12,10,Сыр твердый,1.1,кг,450,495.0
2025-11-12,10,Сыр пармезан,0.5,кг,800,400.0
2025-11-12,10,Сливки,1.2,л,200,240.0
2025-11-12,10,Молоко,2.6,л,70,182.0
2025-11-12,10,Макароны,2.3,кг,80,184.0
2025-11-12,10,Рис,1.2,кг,90,108.0
2025-11-12,10,Мука,1.0,кг,50,50.0
2025-11-12,10,Кофе в зернах,0.3,кг,800,240.0
2025-11-12,10,Чай листовой,0.2,кг,500,100.0
2025-11-12,10,Соки,1.8,л,120,216.0
2025-11-13,1,Говядина,1.9,кг,500,950.0
2025-11-13,1,Свинина,0.9,кг,400,360.0
2025-11-13,1,Помидоры,1.7,кг,120,204.0
2025-11-13,1,Салат айсберг,1.0,кг,150,150.0
2025-11-13,1,Картофель,4.2,кг,40,168.0
2025-11-13,1,Сыр пармезан,0.4,кг,800,320.0
2025-11-13,1,Сливки,1.3,л,200,260.0
2025-11-13,1,Молоко,2.7,л,70,189.0
2025-11-13,1,Макароны,1.9,кг,80,152.0
2025-11-13,1,Рис,1.7,кг,90,153.0
2025-11-13,1,Мука,1.1,кг,50,55.0
2025-11-13,1,Сахар,0.4,кг,60,24.0
2025-11-13,1,Кофе в зернах,0.3,кг,800,240.0
2025-11-13,1,Соки,2.4,л,120,288.0
2025-11-13,1,Пиво,2.6,л,150,390.0
2025-11-13,4,Куриное филе,2.3,кг,250,575.0
2025-11-13,4,Говядина,1.8,кг,500,900.0
2025-11-13,4,Свинина,0.8,кг,400,320.0
2025-11-13,4,Рыба (филе),1.0,кг,600,600.0
2025-11-13,4,Помидоры,2.0,кг,120,240.0
2025-11-13,4,Огурцы,1.3,кг,100,130.0
2025-11-13,4,Салат айсберг,1.1,кг,150,165.0
2025-11-13,4,Картофель,4.2,кг,40,168.0
2025-11-13,4,Сыр пармезан,0.6,кг,800,480.0
2025-11-13,4,Сливки,1.7,л,200,340.0
2025-11-13,4,Рис,1.5,кг,90,135.0
2025-11-13,4,Мука,1.0,кг,50,50.0
2025-11-13,4,Сахар,0.5,кг,60,30.0
2025-11-13,4,Кофе в зернах,0.3,кг,800,240.0
2025-11-13,4,Чай листовой,0.2,кг,500,100.0
2025-11-13,4,Соки,2.0,л,120,240.0
2025-11-13,4,Пиво,2.7,л,150,405.0
2025-11-13,6,Куриное филе,2.6,кг,250,650.0
2025-11-13,6,Говядина,1.4,кг,500,700.0
2025-11-13,6,Рыба (филе),1.0,кг,600,600.0
2025-11-13,6,Креветки,0.4,кг,800,320.0
2025-11-13,6,Помидоры,1.8,кг,120,216.0
2025-11-13,6,Огурцы,1.5,кг,100,150.0
2025-11-13,6,Салат айсберг,0.8,кг,150,120.0
2025-11-13,6,Картофель,4.0,кг,40,160.0
2025-11-13,6,Сыр твердый,0.9,кг,450,405.0
2025-11-13,6,Сыр пармезан,0.4,кг,800,320.0
2025-11-13,6,Сливки,1.4,л,200,280.0
2025-11-13,6,Молоко,2.7,л,70,189.0
2025-11-13,6,Макароны,2.2,кг,80,176.0
2025-11-13,6,Мука,0.8,кг,50,40.0
2025-11-13,6,Сахар,0.4,кг,60,24.0
2025-11-13,6,Пиво,2.7,л,150,405.0
2025-11-13,7,Говядина,1.6,кг,500,800.0
2025-11-13,7,Креветки,0.4,кг,800,320.0
2025-11-13,7,Помидоры,1.8,кг,120,216.0
2025-11-13,7,Огурцы,1.4,кг,100,140.0
2025-11-13,7,Салат айсберг,1.0,кг,150,150.0
2025-11-13,7,Картофель,4.0,кг,40,160.0
2025-11-13,7,Сыр пармезан,0.4,кг,800,320.0
2025-11-13,7,Молоко,2.4,л,70,168.0
2025-11-13,7,Макароны,2.1,кг,80,168.0
2025-11-13,7,Рис,1.3,кг,90,117.0
2025-11-13,7,Мука,0.9,кг,50,45.0
2025-11-13,7,Кофе в зернах,0.3,кг,800,240.0
2025-11-13,7,Чай листовой,0.1,кг,500,50.0
2025-11-13,7,Соки,2.1,л,120,252.0
2025-11-13,7,Пиво,2.1,л,150,315.0
2025-11-13,8,Куриное филе,2.5,кг,250,625.0
2025-11-13,8,Свинина,0.9,кг,400,360.0
2025-11-13,8,Рыба (филе),1.2,кг,600,720.0
2025-11-13,8,Креветки,0.5,кг,800,400.0
2025-11-13,8,Огурцы,1.4,кг,100,140.0
2025-11-13,8,Салат айсберг,1.1,кг,150,165.0
2025-11-13,8,Сыр твердый,0.9,кг,450,405.0
2025-11-13,8,Сливки,1.4,л,200,280.0
2025-11-13,8,Макароны,2.4,кг,80,192.0
2025-11-13,8,Рис,1.7,кг,90,153.0
2025-11-13,8,Сахар,0.4,кг,60,24.0
2025-11-13,8,Кофе в зернах,0.3,кг,800,240.0
2025-11-13,8,Чай листовой,0.2,кг,500,100.0
2025-11-13,8,Соки,2.3,л,120,276.0
2025-11-13,8,Пиво,2.4,л,150,360.0
2025-11-13,9,Куриное филе,2.4,кг,250,600.0
2025-11-13,9,Свинина,0.9,кг,400,360.0
2025-11-13,9,Рыба (филе),1.1,кг,600,660.0
2025-11-13,9,Креветки,0.5,кг,800,400.0
2025-11-13,9,Помидоры,1.9,кг,120,228.0
2025-11-13,9,Огурцы,1.8,кг,100,180.0
2025-11-13,9,Картофель,3.6,кг,40,144.0
2025-11-13,9,Сыр твердый,1.1,кг,450,495.0
2025-11-13,9,Сыр пармезан,0.6,кг,800,480.0
2025-11-13,9,Молоко,2.9,л,70,203.0
2025-11-13,9,Рис,1.6,кг,90,144.0
2025-11-13,9,Мука,0.8,кг,50,40.0
2025-11-13,9,Сахар,0.5,кг,60,30.0
2025-11-13,9,Кофе в зернах,0.3,кг,800,240.0
2025-11-13,9,Чай листовой,0.2,кг,500,100.0
2025-11-13,9,Соки,1.9,л,120,228.0
2025-11-13,9,Пиво,1.9,л,150,285.0
2025-11-14,2,Говядина,1.3,кг,500,650.0
2025-11-14,2,Свинина,1.2,кг,400,480.0
2025-11-14,2,Креветки,0.5,кг,800,400.0
2025-11-14,2,Салат айсберг,1.0,кг,150,150.0
2025-11-14,2,Картофель,3.8,кг,40,152.0
2025-11-14,2,Сыр пармезан,0.4,кг,800,320.0
2025-11-14,2,Сливки,1.7,л,200,340.0
2025-11-14,2,Молоко,2.8,л,70,196.0
2025-11-14,2,Макароны,2.5,кг,80,200.0
2025-11-14,2,Мука,1.1,кг,50,55.0
2025-11-14,2,Сахар,0.5,кг,60,30.0
2025-11-14,2,Чай листовой,0.1,кг,500,50.0
2025-11-14,2,Соки,2.4,л,120,288.0
2025-11-14,3,Говядина,1.6,кг,500,800.0
2025-11-14,3,Свинина,0.9,кг,400,360.0
2025-11-14,3,Рыба (филе),1.0,кг,600,600.0
2025-11-14,3,Креветки,0.5,кг,800,400.0
2025-11-14,3,Помидоры,2.1,кг,120,252.0
2025-11-14,3,Огурцы,1.3,кг,100,130.0
2025-11-14,3,Салат айсберг,1.1,кг,150,165.0
2025-11-14,3,Картофель,3.7,кг,40,148.0
2025-11-14,3,Сыр твердый,0.9,кг,450,405.0
2025-11-14,3,Сыр пармезан,0.5,кг,800,400.0
2025-11-14,3,Сливки,1.4,л,200,280.0
2025-11-14,3,Молоко,2.4,л,70,168.0
2025-11-14,3,Макароны,1.8,кг,80,144.0
2025-11-14,3,Рис,1.4,кг,90,126.0
2025-11-14,3,Сахар,0.6,кг,60,36.0
2025-11-14,3,Кофе в зернах,0.2,кг,800,160.0
2025-11-14,3,Чай листовой,0.1,кг,500,50.0
2025-11-14,3,Соки,1.9,л,120,228.0
2025-11-14,3,Пиво,2.3,л,150,345.0
2025-11-14,4,Куриное филе,2.4,кг,250,600.0
2025-11-14,4,Говядина,1.2,кг,500,600.0
2025-11-14,4,Свинина,1.2,кг,400,480.0
2025-11-14,4,Рыба (филе),1.0,кг,600,600.0
2025-11-14,4,Креветки,0.5,кг,800,400.0
2025-11-14,4,Огурцы,1.4,кг,100,140.0
2025-11-14,4,Картофель,4.3,кг,40,172.0
2025-11-14,4,Сыр твердый,0.9,кг,450,405.0
2025-11-14,4,Сыр пармезан,0.4,кг,800,320.0
2025-11-14,4,Молоко,2.0,л,70,140.0
2025-11-14,4,Макароны,2.4,кг,80,192.0
2025-11-14,4,Рис,1.4,кг,90,126.0
2025-11-14,4,Мука,0.9,кг,50,45.0
2025-11-14,4,Сахар,0.5,кг,60,30.0
2025-11-14,4,Кофе в зернах,0.2,кг,800,160.0
2025-11-14,4,Чай листовой,0.2,кг,500,100.0
2025-11-14,4,Соки,2.0,л,120,240.0
2025-11-14,4,Пиво,2.0,л,150,300.0
2025-11-14,6,Говядина,1.7,кг,500,850.0
2025-11-14,6,Креветки,0.5,кг,800,400.0
2025-11-14,6,Огурцы,1.6,кг,100,160.0
2025-11-14,6,Картофель,4.0,кг,40,160.0
2025-11-14,6,Сыр твердый,0.9,кг,450,405.0
2025-11-14,6,Сыр пармезан,0.6,кг,800,480.0
2025-11-14,6,Сливки,1.7,л,200,340.0
2025-11-14,6,Молоко,2.4,л,70,168.0
2025-11-14,6,Мука,1.0,кг,50,50.0
2025-11-14,6,Кофе в зернах,0.3,кг,800,240.0
2025-11-14,6,Соки,2.0,л,120,240.0
2025-11-14,6,Пиво,2.6,л,150,390.0
2025-11-14,7,Куриное филе,2.1,кг,250,525.0
2025-11-14,7,Говядина,1.4,кг,500,700.0
2025-11-14,7,Свинина,1.0,кг,400,400.0
2025-11-14,7,Рыба (филе),1.0,кг,600,600.0
2025-11-14,7,Креветки,0.6,кг,800,480.0
2025-11-14,7,Огурцы,1.6,кг,100,160.0
2025-11-14,7,Картофель,4.4,кг,40,176.0
2025-11-14,7,Сыр твердый,1.2,кг,450,540.0
2025-11-14,7,Молоко,3.2,л,70,224.0
2025-11-14,7,Макароны,1.8,кг,80,144.0
2025-11-14,7,Рис,1.5,кг,90,135.0
2025-11-14,7,Мука,0.9,кг,50,45.0
2025-11-14,7,Сахар,0.5,кг,60,30.0
2025-11-14,7,Чай листовой,0.1,кг,500,50.0
2025-11-14,9,Куриное филе,1.9,кг,250,475.0
2025-11-14,9,Говядина,1.6,кг,500,800.0
2025-11-14,9,Рыба (филе),0.9,кг,600,540.0
2025-11-14,9,Помидоры,2.4,кг,120,288.0
2025-11-14,9,Огурцы,1.6,кг,100,160.0
2025-11-14,9,Салат айсберг,0.9,кг,150,135.0
2025-11-14,9,Картофель,4.2,кг,40,168.0
2025-11-14,9,Сыр пармезан,0.6,кг,800,480.0
2025-11-14,9,Сливки,1.3,л,200,260.0
2025-11-14,9,Молоко,2.8,л,70,196.0
2025-11-14,9,Макароны,1.6,кг,80,128.0
2025-11-14,9,Сахар,0.5,кг,60,30.0
2025-11-14,9,Соки,2.2,л,120,264.0
2025-11-14,10,Куриное филе,2.9,кг,250,725.0
2025-11-14,10,Говядина,1.7,кг,500,850.0
2025-11-14,10,Помидоры,2.2,кг,120,264.0
2025-11-14,10,Огурцы,1.6,кг,100,160.0
2025-11-14,10,Салат айсберг,0.8,кг,150,120.0
2025-11-14,10,Картофель,3.5,кг,40,140.0
2025-11-14,10,Сыр твердый,0.9,кг,450,405.0
2025-11-14,10,Сыр пармезан,0.4,кг,800,320.0
2025-11-14,10,Молоко,2.5,л,70,175.0
2025-11-14,10,Макароны,1.9,кг,80,152.0
2025-11-14,10,Рис,1.4,кг,90,126.0
2025-11-14,10,Сахар,0.6,кг,60,36.0
2025-11-14,10,Кофе в зернах,0.3,кг,800,240.0
2025-11-14,10,Чай листовой,0.2,кг,500,100.0
2025-11-14,10,Соки,1.9,л,120,228.0
2025-11-15,1,Куриное филе,2.6,кг,250,650.0
2025-11-15,1,Говядина,1.7,кг,500,850.0
2025-11-15,1,Свинина,1.0,кг,400,400.0
2025-11-15,1,Рыба (филе),0.9,кг,600,540.0
2025-11-15,1,Креветки,0.5,кг,800,400.0
2025-11-15,1,Помидоры,1.8,кг,120,216.0
2025-11-15,1,Салат айсберг,0.9,кг,150,135.0
2025-11-15,1,Картофель,3.2,кг,40,128.0
2025-11-15,1,Сыр твердый,0.9,кг,450,405.0
2025-11-15,1,Сыр пармезан,0.4,кг,800,320.0
2025-11-15,1,Молоко,2.3,л,70,161.0
2025-11-15,1,Рис,1.3,кг,90,117.0
2025-11-15,1,Мука,0.9,кг,50,45.0
2025-11-15,1,Кофе в зернах,0.2,кг,800,160.0
2025-11-15,1,Чай листовой,0.2,кг,500,100.0
2025-11-15,1,Соки,1.9,л,120,228.0
2025-11-15,1,Пиво,2.7,л,150,405.0
2025-11-15,2,Куриное филе,2.4,кг,250,600.0
2025-11-15,2,Говядина,1.4,кг,500,700.0
2025-11-15,2,Рыба (филе),1.0,кг,600,600.0
2025-11-15,2,Огурцы,1.7,кг,100,170.0
2025-11-15,2,Салат айсберг,1.2,кг,150,180.0
2025-11-15,2,Картофель,3.4,кг,40,136.0
2025-11-15,2,Сыр твердый,1.1,кг,450,495.0
2025-11-15,2,Молоко,2.4,л,70,168.0
2025-11-15,2,Мука,1.0,кг,50,50.0
2025-11-15,2,Сахар,0.5,кг,60,30.0
2025-11-15,2,Кофе в зернах,0.3,кг,800,240.0
2025-11-15,2,Чай листовой,0.1,кг,500,50.0
2025-11-15,3,Куриное филе,2.5,кг,250,625.0
2025-11-15,3,Говядина,1.6,кг,500,800.0
2025-11-15,3,Креветки,0.4,кг,800,320.0
2025-11-15,3,Огурцы,1.8,кг,100,180.0
2025-11-15,3,Салат айсберг,0.9,кг,150,135.0
2025-11-15,3,Картофель,4.6,кг,40,184.0
2025-11-15,3,Сыр пармезан,0.5,кг,800,400.0
2025-11-15,3,Сливки,1.6,л,200,320.0
2025-11-15,3,Макароны,1.8,кг,80,144.0
2025-11-15,3,Рис,1.5,кг,90,135.0
2025-11-15,3,Мука,0.8,кг,50,40.0
2025-11-15,3,Чай листовой,0.1,кг,500,50.0
2025-11-15,3,Соки,1.9,л,120,228.0
2025-11-15,3,Пиво,2.5,л,150,375.0
2025-11-15,4,Говядина,1.5,кг,500,750.0
2025-11-15,4,Свинина,1.2,кг,400,480.0
2025-11-15,4,Рыба (филе),1.0,кг,600,600.0
2025-11-15,4,Креветки,0.4,кг,800,320.0
2025-11-15,4,Огурцы,1.4,кг,100,140.0
2025-11-15,4,Салат айсберг,0.9,кг,150,135.0
2025-11-15,4,Картофель,3.9,кг,40,156.0
2025-11-15,4,Сыр пармезан,0.5,кг,800,400.0
2025-11-15,4,Молоко,2.7,л,70,189.0
2025-11-15,4,Макароны,2.1,кг,80,168.0
2025-11-15,4,Мука,1.1,кг,50,55.0
2025-11-15,4,Сахар,0.6,кг,60,36.0
2025-11-15,4,Кофе в зернах,0.2,кг,800,160.0
2025-11-15,4,Чай листовой,0.2,кг,500,100.0
2025-11-15,4,Соки,2.0,л,120,240.0
2025-11-15,4,Пиво,2.7,л,150,405.0
2025-11-15,7,Куриное филе,2.9,кг,250,725.0
2025-11-15,7,Свинина,1.1,кг,400,440.0
2025-11-15,7,Рыба (филе),1.0,кг,600,600.0
2025-11-15,7,Креветки,0.5,кг,800,400.0
2025-11-15,7,Помидоры,1.8,кг,120,216.0
2025-11-15,7,Огурцы,1.3,кг,100,130.0
2025-11-15,7,Салат айсберг,1.0,кг,150,150.0
2025-11-15,7,Сыр твердый,0.9,кг,450,405.0
2025-11-15,7,Молоко,2.7,л,70,189.0
2025-11-15,7,Макароны,1.6,кг,80,128.0
2025-11-15,7,Мука,1.0,кг,50,50.0
2025-11-15,7,Сахар,0.6,кг,60,36.0
2025-11-15,7,Кофе в зернах,0.3,кг,800,240.0
2025-11-15,7,Соки,2.2,л,120,264.0
2025-11-15,9,Говядина,1.7,кг,500,850.0
2025-11-15,9,Свинина,1.3,кг,400,520.0
2025-11-15,9,Рыба (филе),1.0,кг,600,600.0
2025-11-15,9,Огурцы,1.2,кг,100,120.0
2025-11-15,9,Сыр пармезан,0.5,кг,800,400.0
2025-11-15,9,Сливки,1.4,л,200,280.0
2025-11-15,9,Молоко,1.9,л,70,133.0
2025-11-15,9,Макароны,1.7,кг,80,136.0
2025-11-15,9,Рис,1.8,кг,90,162.0
2025-11-15,9,Сахар,0.5,кг,60,30.0
2025-11-15,9,Кофе в зернах,0.3,кг,800,240.0
2025-11-15,9,Чай листовой,0.2,кг,500,100.0
2025-11-15,10,Куриное филе,2.9,кг,250,725.0
2025-11-15,10,Говядина,1.5,кг,500,750.0
2025-11-15,10,Свинина,1.0,кг,400,400.0
2025-11-15,10,Рыба (филе),1.1,кг,600,660.0
2025-11-15,10,Помидоры,1.8,кг,120,216.0
2025-11-15,10,Огурцы,1.3,кг,100,130.0
2025-11-15,10,Салат айсберг,1.1,кг,150,165.0
2025-11-15,10,Картофель,3.5,кг,40,140.0
2025-11-15,10,Сыр твердый,0.8,кг,450,360.0
2025-11-15,10,Сливки,1.5,л,200,300.0
2025-11-15,10,Молоко,2.5,л,70,175.0
2025-11-15,10,Макароны,1.7,кг,80,136.0
2025-11-15,10,Мука,1.1,кг,50,55.0
2025-11-15,10,Сахар,0.4,кг,60,24.0
2025-11-15,10,Чай листовой,0.2,кг,500,100.0
2025-11-15,10,Соки,1.6,л,120,192.0
2025-11-15,10,Пиво,2.7,л,150,405.0
2025-11-16,2,Куриное филе,2.0,кг,250,500.0
2025-11-16,2,Говядина,1.5,кг,500,750.0
2025-11-16,2,Свинина,1.2,кг,400,480.0
2025-11-16,2,Помидоры,2.1,кг,120,252.0
2025-11-16,2,Сыр твердый,1.0,кг,450,450.0
2025-11-16,2,Сыр пармезан,0.5,кг,800,400.0
2025-11-16,2,Молоко,2.2,л,70,154.0
2025-11-16,2,Сахар,0.5,кг,60,30.0
2025-11-16,2,Соки,1.9,л,120,228.0
2025-11-16,6,Куриное филе,2.4,кг,250,600.0
2025-11-16,6,Говядина,1.6,кг,500,800.0
2025-11-16,6,Рыба (филе),1.0,кг,600,600.0
2025-11-16,6,Помидоры,1.6,кг,120,192.0
2025-11-16,6,Огурцы,1.5,кг,100,150.0
2025-11-16,6,Салат айсберг,1.2,кг,150,180.0
2025-11-16,6,Картофель,4.1,кг,40,164.0
2025-11-16,6,Сыр твердый,1.1,кг,450,495.0
2025-11-16,6,Сыр пармезан,0.4,кг,800,320.0
2025-11-16,6,Сливки,1.7,л,200,340.0
2025-11-16,6,Молоко,2.0,л,70,140.0
2025-11-16,6,Сахар,0.5,кг,60,30.0
2025-11-16,6,Чай листовой,0.2,кг,500,100.0
2025-11-16,6,Соки,1.9,л,120,228.0
2025-11-16,10,Говядина,1.3,кг,500,650.0
2025-11-16,10,Рыба (филе),1.2,кг,600,720.0
2025-11-16,10,Креветки,0.5,кг,800,400.0
2025-11-16,10,Помидоры,2.3,кг,120,276.0
2025-11-16,10,Картофель,4.3,кг,40,172.0
2025-11-16,10,Сыр твердый,1.0,кг,450,450.0
2025-11-16,10,Макароны,2.0,кг,80,160.0
2025-11-16,10,Рис,1.3,кг,90,117.0
2025-11-16,10,Мука,0.8,кг,50,40.0
2025-11-16,10,Сахар,0.5,кг,60,30.0
2025-11-16,10,Чай листовой,0.1,кг,500,50.0
2025-11-16,10,Соки,1.7,л,120,204.0
2025-11-16,10,Пиво,2.4,л,150,360.0
2025-11-17,1,Куриное филе,2.5,кг,250,625.0
2025-11-17,1,Говядина,1.4,кг,500,700.0
2025-11-17,1,Свинина,1.1,кг,400,440.0
2025-11-17,1,Рыба (филе),1.1,кг,600,660.0
2025-11-17,1,Креветки,0.6,кг,800,480.0
2025-11-17,1,Помидоры,1.9,кг,120,228.0
2025-11-17,1,Огурцы,1.7,кг,100,170.0
2025-11-17,1,Картофель,4.3,кг,40,172.0
2025-11-17,1,Сыр твердый,0.9,кг,450,405.0
2025-11-17,1,Сыр пармезан,0.5,кг,800,400.0
2025-11-17,1,Сливки,1.8,л,200,360.0
2025-11-17,1,Молоко,2.8,л,70,196.0
2025-11-17,1,Макароны,2.3,кг,80,184.0
2025-11-17,1,Рис,1.4,кг,90,126.0
2025-11-17,1,Мука,0.9,кг,50,45.0
2025-11-17,1,Сахар,0.6,кг,60,36.0
2025-11-17,1,Кофе в зернах,0.2,кг,800,160.0
2025-11-17,1,Чай листовой,0.2,кг,500,100.0
2025-11-17,1,Пиво,2.2,л,150,330.0
2025-11-18,1,Куриное филе,2.8,кг,250,700.0
2025-11-18,1,Говядина,1.7,кг,500,850.0
2025-11-18,1,Огурцы,1.8,кг,100,180.0
2025-11-18,1,Салат айсберг,1.1,кг,150,165.0
2025-11-18,1,Картофель,3.5,кг,40,140.0
2025-11-18,1,Сыр твердый,0.9,кг,450,405.0
2025-11-18,1,Молоко,2.0,л,70,140.0
2025-11-18,1,Рис,1.8,кг,90,162.0
2025-11-18,1,Сахар,0.5,кг,60,30.0
2025-11-18,1,Кофе в зернах,0.3,кг,800,240.0
2025-11-18,1,Чай листовой,0.2,кг,500,100.0
2025-11-18,1,Соки,1.8,л,120,216.0
2025-11-18,2,Говядина,1.4,кг,500,700.0
2025-11-18,2,Свинина,1.3,кг,400,520.0
2025-11-18,2,Огурцы,1.2,кг,100,120.0
2025-11-18,2,Салат айсберг,1.1,кг,150,165.0
2025-11-18,2,Сыр твердый,1.1,кг,450,495.0
2025-11-18,2,Сыр пармезан,0.5,кг,800,400.0
2025-11-18,2,Сливки,1.6,л,200,320.0
2025-11-18,2,Молоко,2.8,л,70,196.0
2025-11-18,2,Макароны,1.6,кг,80,128.0
2025-11-18,2,Рис,1.4,кг,90,126.0
2025-11-18,2,Мука,0.8,кг,50,40.0
2025-11-18,2,Чай листовой,0.1,кг,500,50.0
2025-11-18,2,Соки,1.8,л,120,216.0
2025-11-19,5,Говядина,1.5,кг,500,750.0
2025-11-19,5,Свинина,1.0,кг,400,400.0
2025-11-19,5,Рыба (филе),0.9,кг,600,540.0
2025-11-19,5,Креветки,0.5,кг,800,400.0
2025-11-19,5,Помидоры,2.4,кг,120,288.0
2025-11-19,5,Огурцы,1.6,кг,100,160.0
2025-11-19,5,Салат айсберг,0.9,кг,150,135.0
2025-11-19,5,Картофель,4.6,кг,40,184.0
2025-11-19,5,Сыр твердый,1.0,кг,450,450.0
2025-11-19,5,Сливки,1.7,л,200,340.0
2025-11-19,5,Молоко,2.0,л,70,140.0
2025-11-19,5,Макароны,1.9,кг,80,152.0
2025-11-19,5,Рис,1.3,кг,90,117.0
2025-11-19,5,Сахар,0.4,кг,60,24.0
2025-11-19,5,Чай листовой,0.1,кг,500,50.0
2025-11-19,5,Соки,2.1,л,120,252.0
2025-11-19,5,Пиво,2.3,л,150,345.0
2025-11-19,6,Куриное филе,2.5,кг,250,625.0
2025-11-19,6,Говядина,1.8,кг,500,900.0
2025-11-19,6,Рыба (филе),1.2,кг,600,720.0
2025-11-19,6,Помидоры,1.9,кг,120,228.0
2025-11-19,6,Огурцы,1.6,кг,100,160.0
2025-11-19,6,Салат айсберг,1.0,кг,150,150.0
2025-11-19,6,Картофель,4.8,кг,40,192.0
2025-11-19,6,Сыр твердый,1.1,кг,450,495.0
2025-11-19,6,Сыр пармезан,0.5,кг,800,400.0
2025-11-19,6,Макароны,2.2,кг,80,176.0
2025-11-19,6,Мука,1.1,кг,50,55.0
2025-11-19,6,Сахар,0.4,кг,60,24.0
2025-11-19,6,Кофе в зернах,0.2,кг,800,160.0
2025-11-19,6,Чай листовой,0.2,кг,500,100.0
2025-11-19,6,Соки,2.1,л,120,252.0
2025-11-19,7,Куриное филе,2.3,кг,250,575.0
2025-11-19,7,Говядина,1.3,кг,500,650.0
2025-11-19,7,Свинина,1.2,кг,400,480.0
2025-11-19,7,Рыба (филе),1.1,кг,600,660.0
2025-11-19,7,Помидоры,2.2,кг,120,264.0
2025-11-19,7,Огурцы,1.3,кг,100,130.0
2025-11-19,7,Салат айсберг,1.0,кг,150,150.0
2025-11-19,7,Картофель,3.5,кг,40,140.0
2025-11-19,7,Сыр пармезан,0.5,кг,800,400.0
2025-11-19,7,Сливки,1.5,л,200,300.0
2025-11-19,7,Молоко,2.8,л,70,196.0
2025-11-19,7,Макароны,2.2,кг,80,176.0
2025-11-19,7,Рис,1.4,кг,90,126.0
2025-11-19,7,Мука,0.9,кг,50,45.0
2025-11-19,7,Сахар,0.6,кг,60,36.0
2025-11-19,7,Кофе в зернах,0.2,кг,800,160.0
2025-11-19,7,Чай листовой,0.1,кг,500,50.0
2025-11-20,1,Куриное филе,2.1,кг,250,525.0
2025-11-20,1,Говядина,1.4,кг,500,700.0
2025-11-20,1,Свинина,1.1,кг,400,440.0
2025-11-20,1,Рыба (филе),1.1,кг,600,660.0
2025-11-20,1,Креветки,0.5,кг,800,400.0
2025-11-20,1,Помидоры,2.1,кг,120,252.0
2025-11-20,1,Огурцы,1.2,кг,100,120.0
2025-11-20,1,Салат айсберг,1.0,кг,150,150.0
2025-11-20,1,Картофель,3.6,кг,40,144.0
2025-11-20,1,Сыр твердый,1.2,кг,450,540.0
2025-11-20,1,Сыр пармезан,0.5,кг,800,400.0
2025-11-20,1,Сливки,1.7,л,200,340.0
2025-11-20,1,Рис,1.3,кг,90,117.0
2025-11-20,1,Сахар,0.6,кг,60,36.0
2025-11-20,1,Пиво,2.2,л,150,330.0
2025-11-20,10,Куриное филе,3.1,кг,250,775.0
2025-11-20,10,Говядина,1.7,кг,500,850.0
2025-11-20,10,Свинина,0.8,кг,400,320.0
2025-11-20,10,Рыба (филе),0.9,кг,600,540.0
2025-11-20,10,Помидоры,2.2,кг,120,264.0
2025-11-20,10,Огурцы,1.7,кг,100,170.0
2025-11-20,10,Салат айсберг,1.1,кг,150,165.0
2025-11-20,10,Картофель,3.3,кг,40,132.0
2025-11-20,10,Сыр пармезан,0.5,кг,800,400.0
2025-11-20,10,Макароны,2.0,кг,80,160.0
2025-11-20,10,Рис,1.5,кг,90,135.0
2025-11-20,10,Мука,0.9,кг,50,45.0
2025-11-20,10,Кофе в зернах,0.2,кг,800,160.0
2025-11-20,10,Чай листовой,0.1,кг,500,50.0
2025-11-20,10,Соки,1.8,л,120,216.0
2025-11-21,2,Куриное филе,2.7,кг,250,675.0
2025-11-21,2,Говядина,1.6,кг,500,800.0
2025-11-21,2,Рыба (филе),1.0,кг,600,600.0
2025-11-21,2,Помидоры,2.1,кг,120,252.0
2025-11-21,2,Огурцы,1.8,кг,100,180.0
2025-11-21,2,Салат айсберг,1.1,кг,150,165.0
2025-11-21,2,Картофель,4.4,кг,40,176.0
2025-11-21,2,Сыр твердый,1.2,кг,450,540.0
2025-11-21,2,Сыр пармезан,0.5,кг,800,400.0
2025-11-21,2,Сливки,1.5,л,200,300.0
2025-11-21,2,Рис,1.4,кг,90,126.0
2025-11-21,2,Мука,0.9,кг,50,45.0
2025-11-21,2,Сахар,0.4,кг,60,24.0
2025-11-21,2,Кофе в зернах,0.2,кг,800,160.0
2025-11-21,2,Пиво,2.2,л,150,330.0
2025-11-21,3,Куриное филе,2.6,кг,250,650.0
2025-11-21,3,Говядина,1.5,кг,500,750.0
2025-11-21,3,Помидоры,2.2,кг,120,264.0
2025-11-21,3,Огурцы,1.5,кг,100,150.0
2025-11-21,3,Салат айсберг,1.0,кг,150,150.0
2025-11-21,3,Сыр твердый,1.0,кг,450,450.0
2025-11-21,3,Сыр пармезан,0.5,кг,800,400.0
2025-11-21,3,Сливки,1.7,л,200,340.0
2025-11-21,3,Макароны,2.4,кг,80,192.0
2025-11-21,3,Рис,1.5,кг,90,135.0
2025-11-21,3,Сахар,0.5,кг,60,30.0
2025-11-21,3,Кофе в зернах,0.3,кг,800,240.0
2025-11-21,3,Чай листовой,0.2,кг,500,100.0
2025-11-21,3,Соки,2.0,л,120,240.0
2025-11-21,5,Куриное филе,2.2,кг,250,550.0
2025-11-21,5,Говядина,1.8,кг,500,900.0
2025-11-21,5,Рыба (филе),0.9,кг,600,540.0
2025-11-21,5,Креветки,0.6,кг,800,480.0
2025-11-21,5,Помидоры,2.0,кг,120,240.0
2025-11-21,5,Картофель,4.9,кг,40,196.0
2025-11-21,5,Сыр твердый,1.1,кг,450,495.0
2025-11-21,5,Сыр пармезан,0.4,кг,800,320.0
2025-11-21,5,Сливки,1.4,л,200,280.0
2025-11-21,5,Молоко,2.7,л,70,189.0
2025-11-21,5,Макароны,1.9,кг,80,152.0
2025-11-21,5,Рис,1.4,кг,90,126.0
2025-11-21,5,Мука,1.0,кг,50,50.0
2025-11-21,5,Сахар,0.5,кг,60,30.0
2025-11-21,5,Чай листовой,0.1,кг,500,50.0
2025-11-21,5,Соки,2.0,л,120,240.0
2025-11-21,5,Пиво,2.7,л,150,405.0
2025-11-21,8,Куриное филе,2.7,кг,250,675.0
2025-11-21,8,Креветки,0.6,кг,800,480.0
2025-11-21,8,Помидоры,1.6,кг,120,192.0
2025-11-21,8,Салат айсберг,1.0,кг,150,150.0
2025-11-21,8,Сыр твердый,0.9,кг,450,405.0
2025-11-21,8,Сыр пармезан,0.4,кг,800,320.0
2025-11-21,8,Сливки,1.6,л,200,320.0
2025-11-21,8,Молоко,2.4,л,70,168.0
2025-11-21,8,Макароны,2.1,кг,80,168.0
2025-11-21,8,Рис,1.6,кг,90,144.0
2025-11-21,8,Мука,1.0,кг,50,50.0
2025-11-21,8,Сахар,0.5,кг,60,30.0
2025-11-21,8,Пиво,2.2,л,150,330.0
2025-11-21,10,Куриное филе,2.6,кг,250,650.0
2025-11-21,10,Свинина,1.0,кг,400,400.0
2025-11-21,10,Креветки,0.5,кг,800,400.0
2025-11-21,10,Помидоры,1.9,кг,120,228.0
2025-11-21,10,Огурцы,1.6,кг,100,160.0
2025-11-21,10,Салат айсберг,1.0,кг,150,150.0
2025-11-21,10,Сыр твердый,0.8,кг,450,360.0
2025-11-21,10,Сыр пармезан,0.4,кг,800,320.0
2025-11-21,10,Сливки,1.3,л,200,260.0
2025-11-21,10,Молоко,2.9,л,70,203.0
2025-11-21,10,Макароны,2.3,кг,80,184.0
2025-11-21,10,Мука,1.1,кг,50,55.0
2025-11-21,10,Кофе в зернах,0.2,кг,800,160.0
2025-11-21,10,Чай листовой,0.1,кг,500,50.0
2025-11-21,10,Соки,1.8,л,120,216.0
2025-11-22,1,Куриное филе,2.1,кг,250,525.0
2025-11-22,1,Говядина,1.3,кг,500,650.0
2025-11-22,1,Свинина,1.1,кг,400,440.0
2025-11-22,1,Рыба (филе),1.1,кг,600,660.0
2025-11-22,1,Огурцы,1.5,кг,100,150.0
2025-11-22,1,Картофель,3.3,кг,40,132.0
2025-11-22,1,Сыр твердый,0.8,кг,450,360.0
2025-11-22,1,Макароны,1.6,кг,80,128.0
2025-11-22,1,Рис,1.5,кг,90,135.0
2025-11-22,1,Мука,0.8,кг,50,40.0
2025-11-22,1,Чай листовой,0.2,кг,500,100.0
2025-11-22,1,Пиво,2.3,л,150,345.0
2025-11-22,4,Куриное филе,2.9,кг,250,725.0
2025-11-22,4,Говядина,1.8,кг,500,900.0
2025-11-22,4,Свинина,1.0,кг,400,400.0
2025-11-22,4,Рыба (филе),1.0,кг,600,600.0
2025-11-22,4,Помидоры,1.9,кг,120,228.0
2025-11-22,4,Огурцы,1.8,кг,100,180.0
2025-11-22,4,Салат айсберг,0.9,кг,150,135.0
2025-11-22,4,Картофель,3.5,кг,40,140.0
2025-11-22,4,Сыр твердый,1.1,кг,450,495.0
2025-11-22,4,Сливки,1.4,л,200,280.0
2025-11-22,4,Молоко,2.3,л,70,161.0
2025-11-22,4,Макароны,1.6,кг,80,128.0
2025-11-22,4,Рис,1.2,кг,90,108.0
2025-11-22,4,Мука,0.9,кг,50,45.0
2025-11-22,4,Кофе в зернах,0.3,кг,800,240.0
2025-11-22,4,Чай листовой,0.1,кг,500,50.0
2025-11-22,4,Соки,2.4,л,120,288.0
2025-11-22,5,Свинина,1.2,кг,400,480.0
2025-11-22,5,Рыба (филе),1.1,кг,600,660.0
2025-11-22,5,Помидоры,1.7,кг,120,204.0
2025-11-22,5,Огурцы,1.8,кг,100,180.0
2025-11-22,5,Салат айсберг,0.8,кг,150,120.0
2025-11-22,5,Картофель,3.5,кг,40,140.0
2025-11-22,5,Сыр твердый,1.2,кг,450,540.0
2025-11-22,5,Сыр пармезан,0.5,кг,800,400.0
2025-11-22,5,Сливки,1.4,л,200,280.0
2025-11-22,5,Молоко,2.5,л,70,175.0
2025-11-22,5,Макароны,1.6,кг,80,128.0
2025-11-22,5,Рис,1.3,кг,90,117.0
2025-11-22,5,Сахар,0.4,кг,60,24.0
2025-11-22,5,Кофе в зернах,0.2,кг,800,160.0
2025-11-22,5,Чай листовой,0.2,кг,500,100.0
2025-11-22,5,Соки,2.2,л,120,264.0
2025-11-22,5,Пиво,2.3,л,150,345.0
2025-11-22,6,Куриное филе,2.1,кг,250,525.0
2025-11-22,6,Свинина,0.9,кг,400,360.0
2025-11-22,6,Рыба (филе),1.0,кг,600,600.0
2025-11-22,6,Помидоры,1.8,кг,120,216.0
2025-11-22,6,Салат айсберг,1.0,кг,150,150.0
2025-11-22,6,Сыр твердый,1.1,кг,450,495.0
2025-11-22,6,Сыр пармезан,0.5,кг,800,400.0
2025-11-22,6,Сливки,1.4,л,200,280.0
2025-11-22,6,Молоко,3.1,л,70,217.0
2025-11-22,6,Макароны,2.2,кг,80,176.0
2025-11-22,6,Рис,1.5,кг,90,135.0
2025-11-22,6,Кофе в зернах,0.2,кг,800,160.0
2025-11-22,6,Чай листовой,0.1,кг,500,50.0
2025-11-22,8,Куриное филе,2.3,кг,250,575.0
2025-11-22,8,Свинина,0.8,кг,400,320.0
2025-11-22,8,Рыба (филе),0.9,кг,600,540.0
2025-11-22,8,Креветки,0.4,кг,800,320.0
2025-11-22,8,Помидоры,1.7,кг,120,204.0
2025-11-22,8,Огурцы,1.3,кг,100,130.0
2025-11-22,8,Сыр твердый,0.9,кг,450,405.0
2025-11-22,8,Сливки,1.8,л,200,360.0
2025-11-22,8,Молоко,2.6,л,70,182.0
2025-11-22,8,Макароны,2.0,кг,80,160.0
2025-11-22,8,Мука,0.8,кг,50,40.0
2025-11-22,8,Сахар,0.5,кг,60,30.0
2025-11-22,8,Кофе в зернах,0.2,кг,800,160.0
2025-11-22,8,Соки,1.8,л,120,216.0
2025-11-22,8,Пиво,2.7,л,150,405.0
2025-11-22,10,Куриное филе,2.9,кг,250,725.0
2025-11-22,10,Свинина,1.0,кг,400,400.0
2025-11-22,10,Рыба (филе),1.0,кг,600,600.0
2025-11-22,10,Креветки,0.6,кг,800,480.0
2025-11-22,10,Салат айсберг,0.9,кг,150,135.0
2025-11-22,10,Картофель,3.7,кг,40,148.0
2025-11-22,10,Сыр пармезан,0.5,кг,800,400.0
2025-11-22,10,Макароны,2.0,кг,80,160.0
2025-11-22,10,Рис,1.6,кг,90,144.0
2025-11-22,10,Мука,1.0,кг,50,50.0
2025-11-22,10,Сахар,0.5,кг,60,30.0
2025-11-22,10,Чай листовой,0.2,кг,500,100.0
2025-11-22,10,Соки,1.9,л,120,228.0
2025-11-22,10,Пиво,2.6,л,150,390.0
2025-11-23,1,Куриное филе,2.5,кг,250,625.0
2025-11-23,1,Говядина,1.5,кг,500,750.0
2025-11-23,1,Свинина,1.0,кг,400,400.0
2025-11-23,1,Рыба (филе),1.1,кг,600,660.0
2025-11-23,1,Креветки,0.4,кг,800,320.0
2025-11-23,1,Огурцы,1.3,кг,100,130.0
2025-11-23,1,Салат айсберг,0.8,кг,150,120.0
2025-11-23,1,Картофель,3.3,кг,40,132.0
2025-11-23,1,Сыр пармезан,0.5,кг,800,400.0
2025-11-23,1,Мука,1.0,кг,50,50.0
2025-11-23,1,Сахар,0.5,кг,60,30.0
2025-11-23,1,Кофе в зернах,0.3,кг,800,240.0
2025-11-23,1,Соки,2.0,л,120,240.0
2025-11-23,1,Пиво,2.4,л,150,360.0
2025-11-23,4,Куриное филе,2.1,кг,250,525.0
2025-11-23,4,Говядина,1.6,кг,500,800.0
2025-11-23,4,Свинина,1.0,кг,400,400.0
2025-11-23,4,Рыба (филе),1.1,кг,600,660.0
2025-11-23,4,Креветки,0.5,кг,800,400.0
2025-11-23,4,Помидоры,2.3,кг,120,276.0
2025-11-23,4,Салат айсберг,1.1,кг,150,165.0
2025-11-23,4,Сливки,1.2,л,200,240.0
2025-11-23,4,Молоко,2.4,л,70,168.0
2025-11-23,4,Макароны,1.7,кг,80,136.0
2025-11-23,4,Рис,1.7,кг,90,153.0
2025-11-23,4,Мука,0.9,кг,50,45.0
2025-11-23,4,Сахар,0.5,кг,60,30.0
2025-11-23,4,Кофе в зернах,0.3,кг,800,240.0
2025-11-23,4,Соки,2.4,л,120,288.0
2025-11-23,4,Пиво,2.8,л,150,420.0
2025-11-23,7,Свинина,1.3,кг,400,520.0
2025-11-23,7,Рыба (филе),1.0,кг,600,600.0
2025-11-23,7,Креветки,0.6,кг,800,480.0
2025-11-23,7,Помидоры,1.7,кг,120,204.0
2025-11-23,7,Огурцы,1.2,кг,100,120.0
2025-11-23,7,Салат айсберг,1.0,кг,150,150.0
2025-11-23,7,Картофель,4.2,кг,40,168.0
2025-11-23,7,Сыр пармезан,0.5,кг,800,400.0
2025-11-23,7,Сливки,1.4,л,200,280.0
2025-11-23,7,Молоко,2.6,л,70,182.0
2025-11-23,7,Рис,1.3,кг,90,117.0
2025-11-23,7,Мука,1.0,кг,50,50.0
2025-11-23,7,Сахар,0.6,кг,60,36.0
2025-11-23,7,Кофе в зернах,0.2,кг,800,160.0
2025-11-23,7,Чай листовой,0.2,кг,500,100.0
2025-11-24,1,Говядина,1.5,кг,500,750.0
2025-11-24,1,Свинина,1.1,кг,400,440.0
2025-11-24,1,Рыба (филе),1.1,кг,600,660.0
2025-11-24,1,Креветки,0.4,кг,800,320.0
2025-11-24,1,Огурцы,1.4,кг,100,140.0
2025-11-24,1,Картофель,4.1,кг,40,164.0
2025-11-24,1,Сыр твердый,0.8,кг,450,360.0
2025-11-24,1,Сливки,1.4,л,200,280.0
2025-11-24,1,Молоко,2.8,л,70,196.0
2025-11-24,1,Макароны,1.6,кг,80,128.0
2025-11-24,1,Сахар,0.5,кг,60,30.0
2025-11-24,1,Кофе в зернах,0.2,кг,800,160.0
2025-11-24,1,Соки,1.9,л,120,228.0
2025-11-24,2,Куриное филе,3.0,кг,250,750.0
2025-11-24,2,Свинина,0.8,кг,400,320.0
2025-11-24,2,Креветки,0.4,кг,800,320.0
2025-11-24,2,Помидоры,2.1,кг,120,252.0
2025-11-24,2,Салат айсберг,1.1,кг,150,165.0
2025-11-24,2,Картофель,4.1,кг,40,164.0
2025-11-24,2,Сыр твердый,0.9,кг,450,405.0
2025-11-24,2,Сыр пармезан,0.6,кг,800,480.0
2025-11-24,2,Сливки,1.7,л,200,340.0
2025-11-24,2,Молоко,2.8,л,70,196.0
2025-11-24,2,Макароны,1.8,кг,80,144.0
2025-11-24,2,Рис,1.3,кг,90,117.0
2025-11-24,2,Мука,1.0,кг,50,50.0
2025-11-24,2,Кофе в зернах,0.2,кг,800,160.0
2025-11-24,2,Чай листовой,0.2,кг,500,100.0
2025-11-24,2,Соки,2.1,л,120,252.0
2025-11-24,2,Пиво,2.7,л,150,405.0
2025-11-24,5,Куриное филе,2.0,кг,250,500.0
2025-11-24,5,Свинина,1.2,кг,400,480.0
2025-11-24,5,Помидоры,2.3,кг,120,276.0
2025-11-24,5,Огурцы,1.3,кг,100,130.0
2025-11-24,5,Салат айсберг,0.9,кг,150,135.0
2025-11-24,5,Сыр твердый,1.0,кг,450,450.0
2025-11-24,5,Сыр пармезан,0.5,кг,800,400.0
2025-11-24,5,Сливки,1.4,л,200,280.0
2025-11-24,5,Макароны,2.0,кг,80,160.0
2025-11-24,5,Рис,1.6,кг,90,144.0
2025-11-24,5,Мука,1.0,кг,50,50.0
2025-11-24,5,Сахар,0.4,кг,60,24.0
2025-11-24,5,Соки,2.1,л,120,252.0
2025-11-24,8,Куриное филе,2.1,кг,250,525.0
2025-11-24,8,Говядина,1.3,кг,500,650.0
2025-11-24,8,Рыба (филе),0.9,кг,600,540.0
2025-11-24,8,Креветки,0.5,кг,800,400.0
2025-11-24,8,Помидоры,1.9,кг,120,228.0
2025-11-24,8,Огурцы,1.7,кг,100,170.0
2025-11-24,8,Салат айсберг,0.9,кг,150,135.0
2025-11-24,8,Картофель,3.5,кг,40,140.0
2025-11-24,8,Сыр твердый,0.8,кг,450,360.0
2025-11-24,8,Молоко,2.1,л,70,147.0
2025-11-24,8,Макароны,2.0,кг,80,160.0
2025-11-24,8,Рис,1.6,кг,90,144.0
2025-11-24,8,Сахар,0.5,кг,60,30.0
2025-11-24,8,Кофе в зернах,0.2,кг,800,160.0
2025-11-24,8,Чай листовой,0.2,кг,500,100.0
2025-11-24,10,Свинина,1.1,кг,400,440.0
2025-11-24,10,Креветки,0.5,кг,800,400.0
2025-11-24,10,Помидоры,2.4,кг,120,288.0
2025-11-24,10,Огурцы,1.6,кг,100,160.0
2025-11-24,10,Салат айсберг,1.1,кг,150,165.0
2025-11-24,10,Сыр твердый,1.0,кг,450,450.0
2025-11-24,10,Сыр пармезан,0.5,кг,800,400.0
2025-11-24,10,Сливки,1.4,л,200,280.0
2025-11-24,10,Макароны,2.2,кг,80,176.0
2025-11-24,10,Рис,1.2,кг,90,108.0
2025-11-24,10,Сахар,0.5,кг,60,30.0
2025-11-24,10,Кофе в зернах,0.3,кг,800,240.0
2025-11-24,10,Чай листовой,0.2,кг,500,100.0
2025-11-24,10,Соки,1.9,л,120,228.0
2025-11-24,10,Пиво,2.4,л,150,360.0
2025-11-25,4,Куриное филе,3.1,кг,250,775.0
2025-11-25,4,Говядина,1.4,кг,500,700.0
2025-11-25,4,Рыба (филе),0.9,кг,600,540.0
2025-11-25,4,Креветки,0.6,кг,800,480.0
2025-11-25,4,Помидоры,1.7,кг,120,204.0
2025-11-25,4,Огурцы,1.4,кг,100,140.0
2025-11-25,4,Картофель,4.2,кг,40,168.0
2025-11-25,4,Сыр твердый,1.0,кг,450,450.0
2025-11-25,4,Сыр пармезан,0.4,кг,800,320.0
2025-11-25,4,Сливки,1.3,л,200,260.0
2025-11-25,4,Макароны,2.1,кг,80,168.0
2025-11-25,4,Кофе в зернах,0.3,кг,800,240.0
2025-11-25,4,Чай листовой,0.2,кг,500,100.0
2025-11-25,4,Соки,2.2,л,120,264.0
2025-11-25,4,Пиво,2.9,л,150,435.0
2025-11-25,5,Куриное филе,2.7,кг,250,675.0
2025-11-25,5,Помидоры,2.0,кг,120,240.0
2025-11-25,5,Огурцы,1.5,кг,100,150.0
2025-11-25,5,Салат айсберг,0.8,кг,150,120.0
2025-11-25,5,Картофель,3.5,кг,40,140.0
2025-11-25,5,Сыр твердый,1.1,кг,450,495.0
2025-11-25,5,Сыр пармезан,0.5,кг,800,400.0
2025-11-25,5,Сливки,1.5,л,200,300.0
2025-11-25,5,Молоко,2.5,л,70,175.0
2025-11-25,5,Рис,1.4,кг,90,126.0
2025-11-25,5,Мука,1.2,кг,50,60.0
2025-11-25,5,Сахар,0.6,кг,60,36.0
2025-11-25,5,Кофе в зернах,0.2,кг,800,160.0
2025-11-25,5,Чай листовой,0.2,кг,500,100.0
2025-11-25,5,Соки,1.9,л,120,228.0
2025-11-25,5,Пиво,2.2,л,150,330.0
2025-11-25,7,Куриное филе,2.3,кг,250,575.0
2025-11-25,7,Говядина,1.2,кг,500,600.0
2025-11-25,7,Свинина,1.1,кг,400,440.0
2025-11-25,7,Рыба (филе),1.2,кг,600,720.0
2025-11-25,7,Креветки,0.6,кг,800,480.0
2025-11-25,7,Помидоры,1.9,кг,120,228.0
2025-11-25,7,Салат айсберг,0.8,кг,150,120.0
2025-11-25,7,Картофель,4.1,кг,40,164.0
2025-11-25,7,Сыр твердый,1.1,кг,450,495.0
2025-11-25,7,Сыр пармезан,0.5,кг,800,400.0
2025-11-25,7,Сливки,1.3,л,200,260.0
2025-11-25,7,Макароны,2.1,кг,80,168.0
2025-11-25,7,Мука,1.0,кг,50,50.0
2025-11-25,7,Сахар,0.5,кг,60,30.0
2025-11-25,7,Кофе в зернах,0.3,кг,800,240.0
2025-11-25,7,Чай листовой,0.2,кг,500,100.0
2025-11-25,7,Пиво,2.3,л,150,345.0
2025-11-25,10,Говядина,1.3,кг,500,650.0
2025-11-25,10,Свинина,1.0,кг,400,400.0
2025-11-25,10,Рыба (филе),1.1,кг,600,660.0
2025-11-25,10,Креветки,0.5,кг,800,400.0
2025-11-25,10,Огурцы,1.5,кг,100,150.0
2025-11-25,10,Картофель,4.1,кг,40,164.0
2025-11-25,10,Сыр пармезан,0.4,кг,800,320.0
2025-11-25,10,Сливки,1.6,л,200,320.0
2025-11-25,10,Макароны,2.2,кг,80,176.0
2025-11-25,10,Рис,1.7,кг,90,153.0
2025-11-25,10,Кофе в зернах,0.2,кг,800,160.0
2025-11-25,10,Чай листовой,0.2,кг,500,100.0
2025-11-25,10,Пиво,2.0,л,150,300.0
2025-11-26,1,Рыба (филе),1.1,кг,600,660.0
2025-11-26,1,Помидоры,2.2,кг,120,264.0
2025-11-26,1,Салат айсберг,1.3,кг,150,195.0
2025-11-26,1,Картофель,3.1,кг,40,124.0
2025-11-26,1,Сыр твердый,1.1,кг,450,495.0
2025-11-26,1,Сыр пармезан,0.5,кг,800,400.0
2025-11-26,1,Сливки,1.7,л,200,340.0
2025-11-26,1,Макароны,2.3,кг,80,184.0
2025-11-26,1,Мука,1.0,кг,50,50.0
2025-11-26,1,Кофе в зернах,0.2,кг,800,160.0
2025-11-26,1,Чай листовой,0.1,кг,500,50.0
2025-11-26,1,Пиво,2.8,л,150,420.0
2025-11-26,5,Куриное филе,2.4,кг,250,600.0
2025-11-26,5,Рыба (филе),0.9,кг,600,540.0
2025-11-26,5,Креветки,0.6,кг,800,480.0
2025-11-26,5,Помидоры,1.9,кг,120,228.0
2025-11-26,5,Огурцы,1.5,кг,100,150.0
2025-11-26,5,Салат айсберг,1.0,кг,150,150.0
2025-11-26,5,Сыр твердый,0.9,кг,450,405.0
2025-11-26,5,Сливки,1.6,л,200,320.0
2025-11-26,5,Молоко,2.7,л,70,189.0
2025-11-26,5,Мука,1.0,кг,50,50.0
2025-11-26,5,Кофе в зернах,0.3,кг,800,240.0
2025-11-26,5,Чай листовой,0.2,кг,500,100.0
2025-11-26,5,Соки,2.3,л,120,276.0
2025-11-26,5,Пиво,2.8,л,150,420.0
2025-11-26,8,Куриное филе,2.3,кг,250,575.0
2025-11-26,8,Говядина,1.6,кг,500,800.0
2025-11-26,8,Свинина,1.0,кг,400,400.0
2025-11-26,8,Рыба (филе),1.2,кг,600,720.0
2025-11-26,8,Креветки,0.6,кг,800,480.0
2025-11-26,8,Помидоры,1.8,кг,120,216.0
2025-11-26,8,Огурцы,1.4,кг,100,140.0
2025-11-26,8,Салат айсберг,1.0,кг,150,150.0
2025-11-26,8,Сыр пармезан,0.4,кг,800,320.0
2025-11-26,8,Молоко,2.3,л,70,161.0
2025-11-26,8,Рис,1.7,кг,90,153.0
2025-11-26,8,Кофе в зернах,0.3,кг,800,240.0
2025-11-26,8,Соки,2.6,л,120,312.0
2025-11-26,8,Пиво,2.3,л,150,345.0
2025-11-26,10,Куриное филе,2.7,кг,250,675.0
2025-11-26,10,Говядина,1.8,кг,500,900.0
2025-11-26,10,Свинина,1.1,кг,400,440.0
2025-11-26,10,Рыба (филе),1.2,кг,600,720.0
2025-11-26,10,Креветки,0.5,кг,800,400.0
2025-11-26,10,Помидоры,1.6,кг,120,192.0
2025-11-26,10,Огурцы,1.6,кг,100,160.0
2025-11-26,10,Салат айсберг,1.0,кг,150,150.0
2025-11-26,10,Картофель,4.2,кг,40,168.0
2025-11-26,10,Сыр твердый,1.0,кг,450,450.0
2025-11-26,10,Сыр пармезан,0.4,кг,800,320.0
2025-11-26,10,Сливки,1.4,л,200,280.0
2025-11-26,10,Молоко,2.8,л,70,196.0
2025-11-26,10,Макароны,1.7,кг,80,136.0
2025-11-26,10,Мука,1.1,кг,50,55.0
2025-11-26,10,Кофе в зернах,0.3,кг,800,240.0
2025-11-26,10,Чай листовой,0.1,кг,500,50.0
2025-11-26,10,Пиво,2.7,л,150,405.0
2025-11-27,1,Свинина,1.0,кг,400,400.0
2025-11-27,1,Рыба (филе),1.1,кг,600,660.0
2025-11-27,1,Креветки,0.5,кг,800,400.0
2025-11-27,1,Помидоры,1.9,кг,120,228.0
2025-11-27,1,Огурцы,1.7,кг,100,170.0
2025-11-27,1,Картофель,4.6,кг,40,184.0
2025-11-27,1,Сыр твердый,0.9,кг,450,405.0
2025-11-27,1,Сыр пармезан,0.5,кг,800,400.0
2025-11-27,1,Молоко,3.0,л,70,210.0
2025-11-27,1,Макароны,1.9,кг,80,152.0
2025-11-27,1,Рис,1.5,кг,90,135.0
2025-11-27,1,Мука,1.1,кг,50,55.0
2025-11-27,1,Сахар,0.5,кг,60,30.0
2025-11-27,1,Чай листовой,0.2,кг,500,100.0
2025-11-27,1,Соки,1.7,л,120,204.0
2025-11-27,1,Пиво,2.7,л,150,405.0
2025-11-27,5,Куриное филе,2.9,кг,250,725.0
2025-11-27,5,Свинина,1.0,кг,400,400.0
2025-11-27,5,Креветки,0.5,кг,800,400.0
2025-11-27,5,Помидоры,2.1,кг,120,252.0
2025-11-27,5,Салат айсберг,1.1,кг,150,165.0
2025-11-27,5,Картофель,3.5,кг,40,140.0
2025-11-27,5,Сливки,1.6,л,200,320.0
2025-11-27,5,Молоко,2.5,л,70,175.0
2025-11-27,5,Макароны,2.1,кг,80,168.0
2025-11-27,5,Мука,0.9,кг,50,45.0
2025-11-27,5,Сахар,0.5,кг,60,30.0
2025-11-27,5,Чай листовой,0.2,кг,500,100.0
2025-11-27,5,Соки,1.7,л,120,204.0
2025-11-27,5,Пиво,2.6,л,150,390.0
2025-11-28,2,Куриное филе,2.2,кг,250,550.0
2025-11-28,2,Рыба (филе),1.2,кг,600,720.0
2025-11-28,2,Креветки,0.5,кг,800,400.0
2025-11-28,2,Помидоры,2.0,кг,120,240.0
2025-11-28,2,Салат айсберг,1.1,кг,150,165.0
2025-11-28,2,Сыр твердый,1.0,кг,450,450.0
2025-11-28,2,Сыр пармезан,0.5,кг,800,400.0
2025-11-28,2,Чай листовой,0.1,кг,500,50.0
2025-11-28,2,Пиво,2.2,л,150,330.0
2025-11-28,9,Куриное филе,2.6,кг,250,650.0
2025-11-28,9,Говядина,1.6,кг,500,800.0
2025-11-28,9,Свинина,1.0,кг,400,400.0
2025-11-28,9,Рыба (филе),0.9,кг,600,540.0
2025-11-28,9,Креветки,0.5,кг,800,400.0
2025-11-28,9,Огурцы,1.7,кг,100,170.0
2025-11-28,9,Салат айсберг,1.1,кг,150,165.0
2025-11-28,9,Картофель,4.4,кг,40,176.0
2025-11-28,9,Сыр твердый,1.2,кг,450,540.0
2025-11-28,9,Сыр пармезан,0.4,кг,800,320.0
2025-11-28,9,Молоко,2.2,л,70,154.0
2025-11-28,9,Макароны,2.4,кг,80,192.0
2025-11-28,9,Рис,1.6,кг,90,144.0
2025-11-28,9,Мука,1.0,кг,50,50.0
2025-11-28,9,Сахар,0.5,кг,60,30.0
2025-11-28,9,Кофе в зернах,0.3,кг,800,240.0
2025-11-28,9,Чай листовой,0.2,кг,500,100.0
2025-11-28,9,Соки,2.0,л,120,240.0
2025-11-28,9,Пиво,2.9,л,150,435.0
2025-11-28,10,Куриное филе,2.0,кг,250,500.0
2025-11-28,10,Говядина,1.7,кг,500,850.0
2025-11-28,10,Свинина,0.9,кг,400,360.0
2025-11-28,10,Креветки,0.5,кг,800,400.0
2025-11-28,10,Помидоры,2.0,кг,120,240.0
2025-11-28,10,Огурцы,1.6,кг,100,160.0
2025-11-28,10,Салат айсберг,0.9,кг,150,135.0
2025-11-28,10,Картофель,4.0,кг,40,160.0
2025-11-28,10,Сыр пармезан,0.6,кг,800,480.0
2025-11-28,10,Сливки,1.7,л,200,340.0
2025-11-28,10,Молоко,2.7,л,70,189.0
2025-11-28,10,Рис,1.8,кг,90,162.0
2025-11-28,10,Мука,1.2,кг,50,60.0
2025-11-28,10,Сахар,0.5,кг,60,30.0
2025-11-28,10,Чай листовой,0.1,кг,500,50.0
2025-11-28,10,Соки,2.3,л,120,276.0
2025-11-28,10,Пиво,3.0,л,150,450.0
2025-11-29,1,Куриное филе,2.9,кг,250,725.0
2025-11-29,1,Рыба (филе),0.9,кг,600,540.0
2025-11-29,1,Креветки,0.6,кг,800,480.0
2025-11-29,1,Помидоры,2.1,кг,120,252.0
2025-11-29,1,Огурцы,1.3,кг,100,130.0
2025-11-29,1,Салат айсберг,1.0,кг,150,150.0
2025-11-29,1,Картофель,4.4,кг,40,176.0
2025-11-29,1,Сыр твердый,1.1,кг,450,495.0
2025-11-29,1,Сыр пармезан,0.4,кг,800,320.0
2025-11-29,1,Молоко,2.2,л,70,154.0
2025-11-29,1,Рис,1.8,кг,90,162.0
2025-11-29,1,Мука,1.0,кг,50,50.0
2025-11-29,1,Сахар,0.4,кг,60,24.0
2025-11-29,1,Кофе в зернах,0.3,кг,800,240.0
2025-11-29,1,Чай листовой,0.1,кг,500,50.0
2025-11-29,1,Соки,2.1,л,120,252.0
2025-11-29,1,Пиво,2.7,л,150,405.0
2025-11-29,2,Куриное филе,2.6,кг,250,650.0
2025-11-29,2,Говядина,1.3,кг,500,650.0
2025-11-29,2,Свинина,1.1,кг,400,440.0
2025-11-29,2,Креветки,0.5,кг,800,400.0
2025-11-29,2,Помидоры,2.3,кг,120,276.0
2025-11-29,2,Сыр твердый,1.0,кг,450,450.0
2025-11-29,2,Сыр пармезан,0.5,кг,800,400.0
2025-11-29,2,Сливки,1.3,л,200,260.0
2025-11-29,2,Молоко,2.3,л,70,161.0
2025-11-29,2,Макароны,1.9,кг,80,152.0
2025-11-29,2,Рис,1.5,кг,90,135.0
2025-11-29,2,Чай листовой,0.2,кг,500,100.0
2025-11-29,2,Пиво,2.4,л,150,360.0
2025-11-29,3,Куриное филе,2.7,кг,250,675.0
2025-11-29,3,Говядина,1.4,кг,500,700.0
2025-11-29,3,Свинина,0.8,кг,400,320.0
2025-11-29,3,Рыба (филе),0.8,кг,600,480.0
2025-11-29,3,Креветки,0.6,кг,800,480.0
2025-11-29,3,Помидоры,2.1,кг,120,252.0
2025-11-29,3,Огурцы,1.8,кг,100,180.0
2025-11-29,3,Сыр твердый,1.2,кг,450,540.0
2025-11-29,3,Сливки,1.7,л,200,340.0
2025-11-29,3,Мука,1.2,кг,50,60.0
2025-11-29,3,Сахар,0.5,кг,60,30.0
2025-11-29,3,Соки,2.1,л,120,252.0
2025-11-29,3,Пиво,2.6,л,150,390.0
2025-11-29,6,Куриное филе,2.4,кг,250,600.0
2025-11-29,6,Говядина,1.1,кг,500,550.0
2025-11-29,6,Креветки,0.5,кг,800,400.0
2025-11-29,6,Помидоры,2.2,кг,120,264.0
2025-11-29,6,Огурцы,1.8,кг,100,180.0
2025-11-29,6,Салат айсберг,1.2,кг,150,180.0
2025-11-29,6,Сливки,1.3,л,200,260.0
2025-11-29,6,Молоко,2.5,л,70,175.0
2025-11-29,6,Рис,1.6,кг,90,144.0
2025-11-29,6,Мука,1.3,кг,50,65.0
2025-11-29,6,Кофе в зернах,0.3,кг,800,240.0
2025-11-29,6,Чай листовой,0.2,кг,500,100.0
2025-11-29,6,Соки,2.0,л,120,240.0
2025-11-29,6,Пиво,2.5,л,150,375.0
2025-11-29,7,Куриное филе,2.5,кг,250,625.0
2025-11-29,7,Говядина,1.4,кг,500,700.0
2025-11-29,7,Свинина,1.0,кг,400,400.0
2025-11-29,7,Рыба (филе),1.2,кг,600,720.0
2025-11-29,7,Креветки,0.5,кг,800,400.0
2025-11-29,7,Огурцы,1.7,кг,100,170.0
2025-11-29,7,Картофель,3.7,кг,40,148.0
2025-11-29,7,Сыр твердый,0.8,кг,450,360.0
2025-11-29,7,Сливки,1.6,л,200,320.0
2025-11-29,7,Макароны,1.8,кг,80,144.0
2025-11-29,7,Чай листовой,0.1,кг,500,50.0
2025-11-29,7,Соки,1.7,л,120,204.0
2025-11-29,7,Пиво,2.2,л,150,330.0
2025-11-29,8,Куриное филе,2.4,кг,250,600.0
2025-11-29,8,Рыба (филе),0.9,кг,600,540.0
2025-11-29,8,Креветки,0.5,кг,800,400.0
2025-11-29,8,Помидоры,2.3,кг,120,276.0
2025-11-29,8,Огурцы,1.5,кг,100,150.0
2025-11-29,8,Салат айсберг,0.9,кг,150,135.0
2025-11-29,8,Картофель,4.3,кг,40,172.0
2025-11-29,8,Сыр твердый,1.0,кг,450,450.0
2025-11-29,8,Сыр пармезан,0.5,кг,800,400.0
2025-11-29,8,Сливки,1.5,л,200,300.0
2025-11-29,8,Молоко,2.3,л,70,161.0
2025-11-29,8,Макароны,2.0,кг,80,160.0
2025-11-29,8,Рис,1.4,кг,90,126.0
2025-11-29,8,Чай листовой,0.2,кг,500,100.0
2025-11-29,8,Соки,2.2,л,120,264.0
2025-11-29,8,Пиво,2.5,л,150,375.0
2025-11-29,9,Куриное филе,2.1,кг,250,525.0
2025-11-29,9,Говядина,1.5,кг,500,750.0
2025-11-29,9,Свинина,1.0,кг,400,400.0
2025-11-29,9,Рыба (филе),1.0,кг,600,600.0
2025-11-29,9,Креветки,0.5,кг,800,400.0
2025-11-29,9,Помидоры,2.0,кг,120,240.0
2025-11-29,9,Салат айсберг,1.1,кг,150,165.0
2025-11-29,9,Картофель,4.0,кг,40,160.0
2025-11-29,9,Сыр пармезан,0.6,кг,800,480.0
2025-11-29,9,Сливки,1.2,л,200,240.0
2025-11-29,9,Молоко,2.6,л,70,182.0
2025-11-29,9,Макароны,1.8,кг,80,144.0
2025-11-29,9,Мука,1.0,кг,50,50.0
2025-11-29,9,Сахар,0.4,кг,60,24.0
2025-11-29,9,Кофе в зернах,0.2,кг,800,160.0
2025-11-29,9,Пиво,2.0,л,150,300.0
2025-11-30,1,Куриное филе,2.8,кг,250,700.0
2025-11-30,1,Свинина,1.0,кг,400,400.0
2025-11-30,1,Рыба (филе),1.0,кг,600,600.0
2025-11-30,1,Креветки,0.5,кг,800,400.0
2025-11-30,1,Огурцы,1.4,кг,100,140.0
2025-11-30,1,Салат айсберг,1.2,кг,150,180.0
2025-11-30,1,Картофель,4.7,кг,40,188.0
2025-11-30,1,Сыр твердый,1.2,кг,450,540.0
2025-11-30,1,Сливки,1.6,л,200,320.0
2025-11-30,1,Молоко,2.3,л,70,161.0
2025-11-30,1,Рис,1.6,кг,90,144.0
2025-11-30,1,Мука,1.0,кг,50,50.0
2025-11-30,1,Сахар,0.4,кг,60,24.0
2025-11-30,1,Кофе в зернах,0.3,кг,800,240.0
2025-11-30,1,Соки,1.9,л,120,228.0
2025-11-30,6,Куриное филе,2.2,кг,250,550.0
2025-11-30,6,Говядина,1.2,кг,500,600.0
2025-11-30,6,Свинина,1.1,кг,400,440.0
2025-11-30,6,Рыба (филе),0.9,кг,600,540.0
2025-11-30,6,Креветки,0.6,кг,800,480.0
2025-11-30,6,Салат айсберг,1.0,кг,150,150.0
2025-11-30,6,Картофель,3.8,кг,40,152.0
2025-11-30,6,Сыр пармезан,0.6,кг,800,480.0
2025-11-30,6,Молоко,2.1,л,70,147.0
2025-11-30,6,Макароны,2.1,кг,80,168.0
2025-11-30,6,Мука,0.9,кг,50,45.0
2025-11-30,6,Сахар,0.4,кг,60,24.0
2025-11-30,6,Соки,2.4,л,120,288.0
2025-11-30,6,Пиво,2.3,л,150,345.0
2025-12-01,1,Куриное филе,2.5,кг,250,625.0
2025-12-01,1,Говядина,1.8,кг,500,900.0
2025-12-01,1,Свинина,1.1,кг,400,440.0
2025-12-01,1,Картофель,3.6,кг,40,144.0
2025-12-01,1,Макароны,2.2,кг,80,176.0
2025-12-01,1,Сахар,0.5,кг,60,30.0
2025-12-01,1,Кофе в зернах,0.2,кг,800,160.0
2025-12-01,1,Чай листовой,0.1,кг,500,50.0
2025-12-01,1,Соки,2.0,л,120,240.0
2025-12-01,2,Куриное филе,2.2,кг,250,550.0
2025-12-01,2,Свинина,1.0,кг,400,400.0
2025-12-01,2,Рыба (филе),1.1,кг,600,660.0
2025-12-01,2,Креветки,0.4,кг,800,320.0
2025-12-01,2,Помидоры,2.0,кг,120,240.0
2025-12-01,2,Огурцы,1.5,кг,100,150.0
2025-12-01,2,Картофель,4.4,кг,40,176.0
2025-12-01,2,Сыр твердый,0.8,кг,450,360.0
2025-12-01,2,Молоко,2.3,л,70,161.0
2025-12-01,2,Макароны,2.3,кг,80,184.0
2025-12-01,2,Рис,1.4,кг,90,126.0
2025-12-01,2,Сахар,0.5,кг,60,30.0
2025-12-01,2,Чай листовой,0.1,кг,500,50.0
2025-12-01,2,Соки,1.7,л,120,204.0
2025-12-01,2,Пиво,2.0,л,150,300.0
2025-12-01,3,Говядина,1.6,кг,500,800.0
2025-12-01,3,Свинина,1.1,кг,400,440.0
2025-12-01,3,Креветки,0.4,кг,800,320.0
2025-12-01,3,Картофель,3.6,кг,40,144.0
2025-12-01,3,Сыр твердый,1.0,кг,450,450.0
2025-12-01,3,Сыр пармезан,0.5,кг,800,400.0
2025-12-01,3,Сливки,1.2,л,200,240.0
2025-12-01,3,Молоко,2.6,л,70,182.0
2025-12-01,3,Макароны,1.8,кг,80,144.0
2025-12-01,3,Мука,1.0,кг,50,50.0
2025-12-01,3,Сахар,0.6,кг,60,36.0
2025-12-01,3,Кофе в зернах,0.3,кг,800,240.0
2025-12-01,3,Чай листовой,0.1,кг,500,50.0
2025-12-01,3,Пиво,2.6,л,150,390.0
2025-12-01,8,Куриное филе,2.4,кг,250,600.0
2025-12-01,8,Свинина,1.0,кг,400,400.0
2025-12-01,8,Креветки,0.6,кг,800,480.0
2025-12-01,8,Помидоры,2.4,кг,120,288.0
2025-12-01,8,Огурцы,1.3,кг,100,130.0
2025-12-01,8,Картофель,3.5,кг,40,140.0
2025-12-01,8,Сыр твердый,0.8,кг,450,360.0
2025-12-01,8,Сыр пармезан,0.5,кг,800,400.0
2025-12-01,8,Сливки,1.4,л,200,280.0
2025-12-01,8,Мука,1.1,кг,50,55.0
2025-12-01,8,Сахар,0.5,кг,60,30.0
2025-12-01,8,Кофе в зернах,0.3,кг,800,240.0
2025-12-01,10,Говядина,1.4,кг,500,700.0
2025-12-01,10,Свинина,1.0,кг,400,400.0
2025-12-01,10,Рыба (филе),1.1,кг,600,660.0
2025-12-01,10,Креветки,0.6,кг,800,480.0
2025-12-01,10,Огурцы,1.7,кг,100,170.0
2025-12-01,10,Салат айсберг,1.0,кг,150,150.0
2025-12-01,10,Картофель,4.0,кг,40,160.0
2025-12-01,10,Сыр твердый,1.1,кг,450,495.0
2025-12-01,10,Сыр пармезан,0.4,кг,800,320.0
2025-12-01,10,Сливки,1.6,л,200,320.0
2025-12-01,10,Молоко,2.4,л,70,168.0
2025-12-01,10,Макароны,1.9,кг,80,152.0
2025-12-01,10,Рис,1.5,кг,90,135.0
2025-12-01,10,Мука,1.0,кг,50,50.0
2025-12-01,10,Сахар,0.5,кг,60,30.0
2025-12-01,10,Кофе в зернах,0.3,кг,800,240.0
2025-12-01,10,Соки,2.2,л,120,264.0
2025-12-02,3,Говядина,1.5,кг,500,750.0
2025-12-02,3,Свинина,0.8,кг,400,320.0
2025-12-02,3,Рыба (филе),1.2,кг,600,720.0
2025-12-02,3,Помидоры,2.2,кг,120,264.0
2025-12-02,3,Огурцы,1.6,кг,100,160.0
2025-12-02,3,Салат айсберг,1.0,кг,150,150.0
2025-12-02,3,Картофель,5.1,кг,40,204.0
2025-12-02,3,Сливки,1.2,л,200,240.0
2025-12-02,3,Макароны,2.0,кг,80,160.0
2025-12-02,3,Мука,1.0,кг,50,50.0
2025-12-02,3,Чай листовой,0.1,кг,500,50.0
2025-12-02,3,Соки,2.5,л,120,300.0
2025-12-02,3,Пиво,2.8,л,150,420.0
2025-12-02,4,Куриное филе,2.6,кг,250,650.0
2025-12-02,4,Говядина,1.4,кг,500,700.0
2025-12-02,4,Свинина,1.0,кг,400,400.0
2025-12-02,4,Рыба (филе),0.8,кг,600,480.0
2025-12-02,4,Креветки,0.5,кг,800,400.0
2025-12-02,4,Помидоры,1.8,кг,120,216.0
2025-12-02,4,Огурцы,1.5,кг,100,150.0
2025-12-02,4,Салат айсберг,1.0,кг,150,150.0
2025-12-02,4,Сыр твердый,1.2,кг,450,540.0
2025-12-02,4,Сыр пармезан,0.5,кг,800,400.0
2025-12-02,4,Сливки,1.7,л,200,340.0
2025-12-02,4,Молоко,2.7,л,70,189.0
2025-12-02,4,Макароны,1.8,кг,80,144.0
2025-12-02,4,Рис,1.5,кг,90,135.0
2025-12-02,4,Мука,1.2,кг,50,60.0
2025-12-02,4,Кофе в зернах,0.3,кг,800,240.0
2025-12-02,4,Чай листовой,0.2,кг,500,100.0
2025-12-02,4,Соки,2.0,л,120,240.0
2025-12-02,4,Пиво,2.9,л,150,435.0
2025-12-02,10,Свинина,0.9,кг,400,360.0
2025-12-02,10,Рыба (филе),1.1,кг,600,660.0
2025-12-02,10,Салат айсберг,0.9,кг,150,135.0
2025-12-02,10,Сыр твердый,1.1,кг,450,495.0
2025-12-02,10,Молоко,2.7,л,70,189.0
2025-12-02,10,Рис,1.5,кг,90,135.0
2025-12-02,10,Мука,0.9,кг,50,45.0
2025-12-02,10,Сахар,0.5,кг,60,30.0
2025-12-02,10,Кофе в зернах,0.3,кг,800,240.0
2025-12-02,10,Чай листовой,0.1,кг,500,50.0
2025-12-02,10,Соки,2.0,л,120,240.0
2025-12-02,10,Пиво,2.1,л,150,315.0
2025-12-03,1,Куриное филе,2.6,кг,250,650.0
2025-12-03,1,Говядина,1.7,кг,500,850.0
2025-12-03,1,Свинина,1.1,кг,400,440.0
2025-12-03,1,Рыба (филе),1.1,кг,600,660.0
2025-12-03,1,Креветки,0.6,кг,800,480.0
2025-12-03,1,Помидоры,1.7,кг,120,204.0
2025-12-03,1,Огурцы,1.4,кг,100,140.0
2025-12-03,1,Салат айсберг,1.0,кг,150,150.0
2025-12-03,1,Картофель,3.9,кг,40,156.0
2025-12-03,1,Сыр твердый,0.9,кг,450,405.0
2025-12-03,1,Молоко,2.3,л,70,161.0
2025-12-03,1,Макароны,1.8,кг,80,144.0
2025-12-03,1,Рис,1.5,кг,90,135.0
2025-12-03,1,Мука,1.2,кг,50,60.0
2025-12-03,1,Сахар,0.5,кг,60,30.0
2025-12-03,1,Чай листовой,0.2,кг,500,100.0
2025-12-03,1,Соки,2.0,л,120,240.0
2025-12-03,5,Куриное филе,2.6,кг,250,650.0
2025-12-03,5,Говядина,1.5,кг,500,750.0
2025-12-03,5,Свинина,1.2,кг,400,480.0
2025-12-03,5,Креветки,0.5,кг,800,400.0
2025-12-03,5,Огурцы,1.2,кг,100,120.0
2025-12-03,5,Салат айсберг,1.1,кг,150,165.0
2025-12-03,5,Сыр твердый,0.8,кг,450,360.0
2025-12-03,5,Сливки,1.4,л,200,280.0
2025-12-03,5,Молоко,3.2,л,70,224.0
2025-12-03,5,Макароны,1.9,кг,80,152.0
2025-12-03,5,Мука,0.9,кг,50,45.0
2025-12-03,5,Чай листовой,0.1,кг,500,50.0
2025-12-03,6,Говядина,1.4,кг,500,700.0
2025-12-03,6,Помидоры,2.2,кг,120,264.0
2025-12-03,6,Салат айсберг,1.1,кг,150,165.0
2025-12-03,6,Картофель,4.2,кг,40,168.0
2025-12-03,6,Сыр твердый,1.2,кг,450,540.0
2025-12-03,6,Сыр пармезан,0.5,кг,800,400.0
2025-12-03,6,Сливки,1.3,л,200,260.0
2025-12-03,6,Молоко,2.1,л,70,147.0
2025-12-03,6,Рис,1.6,кг,90,144.0
2025-12-03,6,Мука,1.0,кг,50,50.0
2025-12-03,6,Сахар,0.6,кг,60,36.0
2025-12-03,6,Кофе в зернах,0.2,кг,800,160.0
2025-12-03,6,Соки,1.8,л,120,216.0
2025-12-03,6,Пиво,2.8,л,150,420.0
2025-12-03,7,Куриное филе,2.4,кг,250,600.0
2025-12-03,7,Говядина,1.7,кг,500,850.0
2025-12-03,7,Рыба (филе),1.0,кг,600,600.0
2025-12-03,7,Креветки,0.6,кг,800,480.0
2025-12-03,7,Помидоры,1.9,кг,120,228.0
2025-12-03,7,Огурцы,1.4,кг,100,140.0
2025-12-03,7,Салат айсберг,1.1,кг,150,165.0
2025-12-03,7,Сыр твердый,1.0,кг,450,450.0
2025-12-03,7,Сливки,1.8,л,200,360.0
2025-12-03,7,Молоко,2.5,л,70,175.0
2025-12-03,7,Рис,1.8,кг,90,162.0
2025-12-03,7,Мука,1.0,кг,50,50.0
2025-12-03,7,Сахар,0.6,кг,60,36.0
2025-12-03,7,Кофе в зернах,0.2,кг,800,160.0
2025-12-03,7,Чай листовой,0.2,кг,500,100.0
2025-12-03,7,Соки,2.0,л,120,240.0
2025-12-03,7,Пиво,2.5,л,150,375.0
2025-12-03,10,Куриное филе,2.7,кг,250,675.0
2025-12-03,10,Свинина,0.9,кг,400,360.0
2025-12-03,10,Креветки,0.6,кг,800,480.0
2025-12-03,10,Помидоры,2.2,кг,120,264.0
2025-12-03,10,Салат айсберг,1.0,кг,150,150.0
2025-12-03,10,Картофель,4.4,кг,40,176.0
2025-12-03,10,Сыр твердый,0.9,кг,450,405.0
2025-12-03,10,Сливки,1.3,л,200,260.0
2025-12-03,10,Молоко,2.7,л,70,189.0
2025-12-03,10,Макароны,1.8,кг,80,144.0
2025-12-03,10,Мука,0.9,кг,50,45.0
2025-12-03,10,Сахар,0.6,кг,60,36.0
2025-12-03,10,Кофе в зернах,0.2,кг,800,160.0
2025-12-03,10,Чай листовой,0.1,кг,500,50.0
2025-12-03,10,Соки,2.2,л,120,264.0
2025-12-03,10,Пиво,2.7,л,150,405.0
2025-12-04,3,Куриное филе,2.4,кг,250,600.0
2025-12-04,3,Говядина,1.6,кг,500,800.0
2025-12-04,3,Свинина,0.8,кг,400,320.0
2025-12-04,3,Рыба (филе),1.0,кг,600,600.0
2025-12-04,3,Креветки,0.4,кг,800,320.0
2025-12-04,3,Помидоры,1.9,кг,120,228.0
2025-12-04,3,Огурцы,1.7,кг,100,170.0
2025-12-04,3,Салат айсберг,1.1,кг,150,165.0
2025-12-04,3,Картофель,4.4,кг,40,176.0
2025-12-04,3,Сыр твердый,1.0,кг,450,450.0
2025-12-04,3,Рис,1.8,кг,90,162.0
2025-12-04,3,Сахар,0.6,кг,60,36.0
2025-12-04,3,Кофе в зернах,0.2,кг,800,160.0
2025-12-04,3,Чай листовой,0.2,кг,500,100.0
2025-12-04,3,Соки,2.1,л,120,252.0
2025-12-04,3,Пиво,2.3,л,150,345.0
2025-12-04,4,Куриное филе,2.3,кг,250,575.0
2025-12-04,4,Говядина,1.6,кг,500,800.0
2025-12-04,4,Рыба (филе),1.1,кг,600,660.0
2025-12-04,4,Креветки,0.5,кг,800,400.0
2025-12-04,4,Салат айсберг,1.0,кг,150,150.0
2025-12-04,4,Картофель,3.9,кг,40,156.0
2025-12-04,4,Сыр пармезан,0.6,кг,800,480.0
2025-12-04,4,Сливки,1.6,л,200,320.0
2025-12-04,4,Молоко,2.6,л,70,182.0
2025-12-04,4,Макароны,2.0,кг,80,160.0
2025-12-04,4,Рис,1.5,кг,90,135.0
2025-12-04,4,Мука,1.1,кг,50,55.0
2025-12-04,4,Кофе в зернах,0.3,кг,800,240.0
2025-12-04,4,Чай листовой,0.2,кг,500,100.0
2025-12-04,4,Соки,1.9,л,120,228.0
2025-12-05,4,Куриное филе,2.2,кг,250,550.0
2025-12-05,4,Говядина,1.6,кг,500,800.0
2025-12-05,4,Помидоры,1.8,кг,120,216.0
2025-12-05,4,Огурцы,1.3,кг,100,130.0
2025-12-05,4,Сыр твердый,0.8,кг,450,360.0
2025-12-05,4,Сливки,1.4,л,200,280.0
2025-12-05,4,Молоко,2.5,л,70,175.0
2025-12-05,4,Макароны,2.2,кг,80,176.0
2025-12-05,4,Мука,0.9,кг,50,45.0
2025-12-05,4,Сахар,0.6,кг,60,36.0
2025-12-05,4,Кофе в зернах,0.3,кг,800,240.0
2025-12-05,4,Чай листовой,0.1,кг,500,50.0
2025-12-05,4,Пиво,2.8,л,150,420.0
2025-12-05,5,Куриное филе,2.8,кг,250,700.0
2025-12-05,5,Свинина,1.0,кг,400,400.0
2025-12-05,5,Креветки,0.4,кг,800,320.0
2025-12-05,5,Картофель,5.1,кг,40,204.0
2025-12-05,5,Сыр твердый,1.1,кг,450,495.0
2025-12-05,5,Сыр пармезан,0.5,кг,800,400.0
2025-12-05,5,Молоко,2.7,л,70,189.0
2025-12-05,5,Макароны,1.9,кг,80,152.0
2025-12-05,5,Мука,1.1,кг,50,55.0
2025-12-05,5,Кофе в зернах,0.3,кг,800,240.0
2025-12-05,5,Соки,1.6,л,120,192.0
2025-12-05,5,Пиво,2.3,л,150,345.0
2025-12-05,7,Куриное филе,2.7,кг,250,675.0
2025-12-05,7,Говядина,1.4,кг,500,700.0
2025-12-05,7,Свинина,1.0,кг,400,400.0
2025-12-05,7,Креветки,0.5,кг,800,400.0
2025-12-05,7,Помидоры,1.8,кг,120,216.0
2025-12-05,7,Огурцы,1.3,кг,100,130.0
2025-12-05,7,Салат айсберг,1.1,кг,150,165.0
2025-12-05,7,Сыр твердый,0.9,кг,450,405.0
2025-12-05,7,Сыр пармезан,0.5,кг,800,400.0
2025-12-05,7,Сливки,1.7,л,200,340.0
2025-12-05,7,Рис,1.2,кг,90,108.0
2025-12-05,7,Мука,1.1,кг,50,55.0
2025-12-05,7,Сахар,0.4,кг,60,24.0
2025-12-05,7,Кофе в зернах,0.3,кг,800,240.0
2025-12-05,7,Чай листовой,0.2,кг,500,100.0
2025-12-05,7,Пиво,2.1,л,150,315.0
2025-12-06,1,Говядина,1.3,кг,500,650.0
2025-12-06,1,Свинина,1.0,кг,400,400.0
2025-12-06,1,Рыба (филе),0.9,кг,600,540.0
2025-12-06,1,Креветки,0.6,кг,800,480.0
2025-12-06,1,Помидоры,1.6,кг,120,192.0
2025-12-06,1,Огурцы,1.4,кг,100,140.0
2025-12-06,1,Салат айсберг,0.9,кг,150,135.0
2025-12-06,1,Картофель,4.1,кг,40,164.0
2025-12-06,1,Сыр твердый,1.2,кг,450,540.0
2025-12-06,1,Сыр пармезан,0.5,кг,800,400.0
2025-12-06,1,Сливки,1.2,л,200,240.0
2025-12-06,1,Молоко,2.8,л,70,196.0
2025-12-06,1,Сахар,0.5,кг,60,30.0
2025-12-06,1,Кофе в зернах,0.3,кг,800,240.0
2025-12-06,1,Чай листовой,0.2,кг,500,100.0
2025-12-06,1,Соки,1.8,л,120,216.0
2025-12-06,1,Пиво,2.4,л,150,360.0
2025-12-06,3,Куриное филе,2.8,кг,250,700.0
2025-12-06,3,Говядина,1.5,кг,500,750.0
2025-12-06,3,Рыба (филе),0.9,кг,600,540.0
2025-12-06,3,Помидоры,1.9,кг,120,228.0
2025-12-06,3,Салат айсберг,1.0,кг,150,150.0
2025-12-06,3,Сыр твердый,0.9,кг,450,405.0
2025-12-06,3,Сыр пармезан,0.6,кг,800,480.0
2025-12-06,3,Молоко,2.7,л,70,189.0
2025-12-06,3,Макароны,2.4,кг,80,192.0
2025-12-06,3,Рис,1.8,кг,90,162.0
2025-12-06,3,Мука,0.8,кг,50,40.0
2025-12-06,3,Сахар,0.5,кг,60,30.0
2025-12-06,3,Кофе в зернах,0.3,кг,800,240.0
2025-12-06,3,Чай листовой,0.2,кг,500,100.0
2025-12-06,3,Соки,2.2,л,120,264.0
2025-12-06,3,Пиво,2.7,л,150,405.0
2025-12-06,6,Свинина,0.8,кг,400,320.0
2025-12-06,6,Креветки,0.5,кг,800,400.0
2025-12-06,6,Огурцы,1.2,кг,100,120.0
2025-12-06,6,Салат айсберг,1.0,кг,150,150.0
2025-12-06,6,Картофель,3.9,кг,40,156.0
2025-12-06,6,Сыр твердый,1.0,кг,450,450.0
2025-12-06,6,Сливки,1.5,л,200,300.0
2025-12-06,6,Молоко,2.6,л,70,182.0
2025-12-06,6,Макароны,2.0,кг,80,160.0
2025-12-06,6,Рис,1.5,кг,90,135.0
2025-12-06,6,Мука,1.1,кг,50,55.0
2025-12-06,6,Сахар,0.5,кг,60,30.0
2025-12-06,6,Кофе в зернах,0.2,кг,800,160.0
2025-12-06,6,Чай листовой,0.2,кг,500,100.0
2025-12-06,6,Пиво,2.7,л,150,405.0
2025-12-06,7,Куриное филе,2.5,кг,250,625.0
2025-12-06,7,Рыба (филе),0.9,кг,600,540.0
2025-12-06,7,Креветки,0.6,кг,800,480.0
2025-12-06,7,Огурцы,1.3,кг,100,130.0
2025-12-06,7,Салат айсберг,0.9,кг,150,135.0
2025-12-06,7,Картофель,4.0,кг,40,160.0
2025-12-06,7,Сыр твердый,0.9,кг,450,405.0
2025-12-06,7,Сыр пармезан,0.6,кг,800,480.0
2025-12-06,7,Сливки,1.7,л,200,340.0
2025-12-06,7,Макароны,2.0,кг,80,160.0
2025-12-06,7,Рис,1.4,кг,90,126.0
2025-12-06,7,Сахар,0.5,кг,60,30.0
2025-12-06,7,Кофе в зернах,0.2,кг,800,160.0
2025-12-06,8,Куриное филе,2.1,кг,250,525.0
2025-12-06,8,Говядина,1.4,кг,500,700.0
2025-12-06,8,Свинина,0.9,кг,400,360.0
2025-12-06,8,Рыба (филе),0.8,кг,600,480.0
2025-12-06,8,Креветки,0.5,кг,800,400.0
2025-12-06,8,Помидоры,2.2,кг,120,264.0
2025-12-06,8,Огурцы,1.8,кг,100,180.0
2025-12-06,8,Картофель,4.5,кг,40,180.0
2025-12-06,8,Сыр твердый,1.1,кг,450,495.0
2025-12-06,8,Сыр пармезан,0.4,кг,800,320.0
2025-12-06,8,Молоко,2.3,л,70,161.0
2025-12-06,8,Макароны,2.0,кг,80,160.0
2025-12-06,8,Рис,1.8,кг,90,162.0
2025-12-06,8,Мука,1.0,кг,50,50.0
2025-12-06,8,Соки,2.2,л,120,264.0
2025-12-06,9,Говядина,1.9,кг,500,950.0
2025-12-06,9,Свинина,1.1,кг,400,440.0
2025-12-06,9,Рыба (филе),0.9,кг,600,540.0
2025-12-06,9,Креветки,0.5,кг,800,400.0
2025-12-06,9,Огурцы,1.5,кг,100,150.0
2025-12-06,9,Салат айсберг,1.0,кг,150,150.0
2025-12-06,9,Картофель,4.8,кг,40,192.0
2025-12-06,9,Сыр твердый,0.9,кг,450,405.0
2025-12-06,9,Сыр пармезан,0.6,кг,800,480.0
2025-12-06,9,Молоко,2.8,л,70,196.0
2025-12-06,9,Рис,1.4,кг,90,126.0
2025-12-06,9,Соки,2.1,л,120,252.0
2025-12-06,9,Пиво,2.5,л,150,375.0
2025-12-07,2,Куриное филе,2.3,кг,250,575.0
2025-12-07,2,Свинина,1.0,кг,400,400.0
2025-12-07,2,Креветки,0.6,кг,800,480.0
2025-12-07,2,Помидоры,1.7,кг,120,204.0
2025-12-07,2,Салат айсберг,1.2,кг,150,180.0
2025-12-07,2,Картофель,3.6,кг,40,144.0
2025-12-07,2,Сыр пармезан,0.5,кг,800,400.0
2025-12-07,2,Молоко,2.2,л,70,154.0
2025-12-07,2,Рис,1.5,кг,90,135.0
2025-12-07,2,Сахар,0.5,кг,60,30.0
2025-12-07,2,Чай листовой,0.1,кг,500,50.0
2025-12-07,2,Соки,2.0,л,120,240.0
2025-12-07,2,Пиво,2.6,л,150,390.0
2025-12-07,3,Куриное филе,2.5,кг,250,625.0
2025-12-07,3,Говядина,1.6,кг,500,800.0
2025-12-07,3,Рыба (филе),1.1,кг,600,660.0
2025-12-07,3,Креветки,0.5,кг,800,400.0
2025-12-07,3,Помидоры,1.6,кг,120,192.0
2025-12-07,3,Огурцы,1.4,кг,100,140.0
2025-12-07,3,Салат айсберг,0.9,кг,150,135.0
2025-12-07,3,Сыр твердый,1.0,кг,450,450.0
2025-12-07,3,Молоко,2.5,л,70,175.0
2025-12-07,3,Макароны,2.1,кг,80,168.0
2025-12-07,3,Рис,1.4,кг,90,126.0
2025-12-07,3,Мука,1.1,кг,50,55.0
2025-12-07,3,Соки,2.1,л,120,252.0
2025-12-07,3,Пиво,3.0,л,150,450.0
2025-12-07,4,Куриное филе,3.0,кг,250,750.0
2025-12-07,4,Рыба (филе),1.1,кг,600,660.0
2025-12-07,4,Креветки,0.5,кг,800,400.0
2025-12-07,4,Огурцы,1.7,кг,100,170.0
2025-12-07,4,Салат айсберг,0.9,кг,150,135.0
2025-12-07,4,Картофель,3.1,кг,40,124.0
2025-12-07,4,Сыр пармезан,0.5,кг,800,400.0
2025-12-07,4,Сливки,1.6,л,200,320.0
2025-12-07,4,Макароны,2.0,кг,80,160.0
2025-12-07,4,Рис,1.3,кг,90,117.0
2025-12-07,4,Мука,1.0,кг,50,50.0
2025-12-07,4,Сахар,0.6,кг,60,36.0
2025-12-07,4,Чай листовой,0.1,кг,500,50.0
2025-12-07,4,Соки,2.1,л,120,252.0
2025-12-07,5,Говядина,1.6,кг,500,800.0
2025-12-07,5,Свинина,0.9,кг,400,360.0
2025-12-07,5,Рыба (филе),1.0,кг,600,600.0
2025-12-07,5,Креветки,0.6,кг,800,480.0
2025-12-07,5,Помидоры,2.1,кг,120,252.0
2025-12-07,5,Огурцы,1.7,кг,100,170.0
2025-12-07,5,Салат айсберг,1.0,кг,150,150.0
2025-12-07,5,Картофель,3.6,кг,40,144.0
2025-12-07,5,Сыр пармезан,0.5,кг,800,400.0
2025-12-07,5,Сливки,1.4,л,200,280.0
2025-12-07,5,Молоко,2.1,л,70,147.0
2025-12-07,5,Макароны,1.7,кг,80,136.0
2025-12-07,5,Мука,1.0,кг,50,50.0
2025-12-07,5,Сахар,0.5,кг,60,30.0
2025-12-07,5,Кофе в зернах,0.2,кг,800,160.0
2025-12-07,5,Чай листовой,0.2,кг,500,100.0
2025-12-07,5,Соки,1.9,л,120,228.0
2025-12-07,5,Пиво,2.7,л,150,405.0
2025-12-07,6,Куриное филе,2.4,кг,250,600.0
2025-12-07,6,Говядина,1.6,кг,500,800.0
2025-12-07,6,Свинина,1.1,кг,400,440.0
2025-12-07,6,Рыба (филе),0.9,кг,600,540.0
2025-12-07,6,Креветки,0.4,кг,800,320.0
2025-12-07,6,Огурцы,1.8,кг,100,180.0
2025-12-07,6,Картофель,3.8,кг,40,152.0
2025-12-07,6,Сыр твердый,1.0,кг,450,450.0
2025-12-07,6,Сыр пармезан,0.5,кг,800,400.0
2025-12-07,6,Сливки,1.4,л,200,280.0
2025-12-07,6,Макароны,2.1,кг,80,168.0
2025-12-07,6,Мука,1.0,кг,50,50.0
2025-12-07,6,Кофе в зернах,0.3,кг,800,240.0
2025-12-07,6,Пиво,2.9,л,150,435.0
2025-12-07,7,Куриное филе,2.4,кг,250,600.0
2025-12-07,7,Говядина,1.3,кг,500,650.0
2025-12-07,7,Рыба (филе),1.0,кг,600,600.0
2025-12-07,7,Креветки,0.4,кг,800,320.0
2025-12-07,7,Огурцы,1.9,кг,100,190.0
2025-12-07,7,Салат айсберг,1.1,кг,150,165.0
2025-12-07,7,Картофель,3.6,кг,40,144.0
2025-12-07,7,Сыр пармезан,0.5,кг,800,400.0
2025-12-07,7,Сливки,1.5,л,200,300.0
2025-12-07,7,Рис,1.3,кг,90,117.0
2025-12-07,7,Сахар,0.5,кг,60,30.0
2025-12-07,7,Кофе в зернах,0.2,кг,800,160.0
2025-12-07,7,Чай листовой,0.1,кг,500,50.0
2025-12-07,7,Соки,2.4,л,120,288.0
2025-12-07,7,Пиво,2.6,л,150,390.0
2025-12-07,10,Куриное филе,2.6,кг,250,650.0
2025-12-07,10,Говядина,1.7,кг,500,850.0
2025-12-07,10,Рыба (филе),1.0,кг,600,600.0
2025-12-07,10,Помидоры,1.9,кг,120,228.0
2025-12-07,10,Огурцы,1.4,кг,100,140.0
2025-12-07,10,Салат айсберг,1.1,кг,150,165.0
2025-12-07,10,Сыр твердый,0.8,кг,450,360.0
2025-12-07,10,Сыр пармезан,0.4,кг,800,320.0
2025-12-07,10,Макароны,2.5,кг,80,200.0
2025-12-07,10,Мука,0.8,кг,50,40.0
2025-12-07,10,Сахар,0.5,кг,60,30.0
2025-12-07,10,Кофе в зернах,0.2,кг,800,160.0
2025-12-07,10,Соки,1.9,л,120,228.0
2025-12-07,10,Пиво,2.2,л,150,330.0
2025-12-08,1,Куриное филе,2.3,кг,250,575.0
2025-12-08,1,Свинина,1.1,кг,400,440.0
2025-12-08,1,Креветки,0.4,кг,800,320.0
2025-12-08,1,Помидоры,2.0,кг,120,240.0
2025-12-08,1,Сыр твердый,1.1,кг,450,495.0
2025-12-08,1,Сыр пармезан,0.4,кг,800,320.0
2025-12-08,1,Сливки,1.3,л,200,260.0
2025-12-08,1,Молоко,2.3,л,70,161.0
2025-12-08,1,Макароны,1.8,кг,80,144.0
2025-12-08,1,Рис,1.5,кг,90,135.0
2025-12-08,1,Мука,1.1,кг,50,55.0
2025-12-08,1,Соки,2.4,л,120,288.0
2025-12-08,1,Пиво,2.4,л,150,360.0
2025-12-08,9,Куриное филе,2.8,кг,250,700.0
2025-12-08,9,Креветки,0.5,кг,800,400.0
2025-12-08,9,Помидоры,1.8,кг,120,216.0
2025-12-08,9,Салат айсберг,0.9,кг,150,135.0
2025-12-08,9,Сыр твердый,0.9,кг,450,405.0
2025-12-08,9,Сыр пармезан,0.5,кг,800,400.0
2025-12-08,9,Сливки,1.7,л,200,340.0
2025-12-08,9,Молоко,2.8,л,70,196.0
2025-12-08,9,Макароны,1.9,кг,80,152.0
2025-12-08,9,Рис,1.6,кг,90,144.0
2025-12-08,9,Мука,1.0,кг,50,50.0
2025-12-08,9,Сахар,0.4,кг,60,24.0
2025-12-08,9,Чай листовой,0.1,кг,500,50.0
2025-12-08,9,Соки,2.2,л,120,264.0
2025-12-08,9,Пиво,2.1,л,150,315.0
2025-12-08,10,Куриное филе,2.2,кг,250,550.0
2025-12-08,10,Говядина,1.5,кг,500,750.0
2025-12-08,10,Свинина,1.2,кг,400,480.0
2025-12-08,10,Рыба (филе),0.8,кг,600,480.0
2025-12-08,10,Салат айсберг,1.0,кг,150,150.0
2025-12-08,10,Сыр твердый,1.2,кг,450,540.0
2025-12-08,10,Молоко,2.2,л,70,154.0
2025-12-08,10,Макароны,1.7,кг,80,136.0
2025-12-08,10,Рис,1.7,кг,90,153.0
2025-12-08,10,Кофе в зернах,0.3,кг,800,240.0
2025-12-08,10,Чай листовой,0.1,кг,500,50.0
2025-12-08,10,Соки,2.2,л,120,264.0
2025-12-09,3,Куриное филе,2.3,кг,250,575.0
2025-12-09,3,Свинина,0.8,кг,400,320.0
2025-12-09,3,Креветки,0.5,кг,800,400.0
2025-12-09,3,Сыр пармезан,0.4,кг,800,320.0
2025-12-09,3,Сливки,1.5,л,200,300.0
2025-12-09,3,Молоко,2.9,л,70,203.0
2025-12-09,3,Рис,1.4,кг,90,126.0
2025-12-09,3,Мука,0.9,кг,50,45.0
2025-12-09,3,Сахар,0.6,кг,60,36.0
2025-12-09,3,Соки,2.2,л,120,264.0
2025-12-09,3,Пиво,2.2,л,150,330.0
2025-12-09,5,Говядина,1.4,кг,500,700.0
2025-12-09,5,Свинина,1.0,кг,400,400.0
2025-12-09,5,Креветки,0.5,кг,800,400.0
2025-12-09,5,Огурцы,1.8,кг,100,180.0
2025-12-09,5,Салат айсберг,1.1,кг,150,165.0
2025-12-09,5,Картофель,4.4,кг,40,176.0
2025-12-09,5,Сыр твердый,1.0,кг,450,450.0
2025-12-09,5,Сливки,1.5,л,200,300.0
2025-12-09,5,Рис,1.4,кг,90,126.0
2025-12-09,5,Мука,1.1,кг,50,55.0
2025-12-09,5,Сахар,0.6,кг,60,36.0
2025-12-09,5,Чай листовой,0.2,кг,500,100.0
2025-12-09,5,Соки,2.2,л,120,264.0
2025-12-09,5,Пиво,3.0,л,150,450.0
2025-12-09,6,Куриное филе,2.8,кг,250,700.0
2025-12-09,6,Говядина,1.9,кг,500,950.0
2025-12-09,6,Свинина,1.0,кг,400,400.0
2025-12-09,6,Креветки,0.6,кг,800,480.0
2025-12-09,6,Помидоры,2.1,кг,120,252.0
2025-12-09,6,Сыр пармезан,0.5,кг,800,400.0
2025-12-09,6,Сливки,1.5,л,200,300.0
2025-12-09,6,Молоко,2.9,л,70,203.0
2025-12-09,6,Макароны,1.7,кг,80,136.0
2025-12-09,6,Сахар,0.5,кг,60,30.0
2025-12-09,6,Кофе в зернах,0.2,кг,800,160.0
2025-12-09,6,Соки,2.1,л,120,252.0
2025-12-09,9,Куриное филе,2.6,кг,250,650.0
2025-12-09,9,Говядина,1.8,кг,500,900.0
2025-12-09,9,Свинина,0.9,кг,400,360.0
2025-12-09,9,Рыба (филе),0.9,кг,600,540.0
2025-12-09,9,Креветки,0.6,кг,800,480.0
2025-12-09,9,Помидоры,2.2,кг,120,264.0
2025-12-09,9,Салат айсберг,1.0,кг,150,150.0
2025-12-09,9,Сыр твердый,1.1,кг,450,495.0
2025-12-09,9,Сыр пармезан,0.5,кг,800,400.0
2025-12-09,9,Сливки,1.5,л,200,300.0
2025-12-09,9,Молоко,2.3,л,70,161.0
2025-12-09,9,Макароны,1.6,кг,80,128.0
2025-12-09,9,Мука,1.1,кг,50,55.0
2025-12-09,9,Сахар,0.4,кг,60,24.0
2025-12-09,9,Кофе в зернах,0.3,кг,800,240.0
2025-12-09,9,Чай листовой,0.1,кг,500,50.0
2025-12-09,9,Соки,2.0,л,120,240.0
2025-12-09,9,Пиво,3.0,л,150,450.0
2025-12-10,1,Свинина,0.8,кг,400,320.0
2025-12-10,1,Рыба (филе),1.1,кг,600,660.0
2025-12-10,1,Креветки,0.5,кг,800,400.0
2025-12-10,1,Помидоры,1.8,кг,120,216.0
2025-12-10,1,Огурцы,1.4,кг,100,140.0
2025-12-10,1,Сыр твердый,1.2,кг,450,540.0
2025-12-10,1,Сыр пармезан,0.6,кг,800,480.0
2025-12-10,1,Сливки,1.3,л,200,260.0
2025-12-10,1,Молоко,2.5,л,70,175.0
2025-12-10,1,Рис,1.5,кг,90,135.0
2025-12-10,1,Сахар,0.6,кг,60,36.0
2025-12-10,1,Чай листовой,0.1,кг,500,50.0
2025-12-10,1,Пиво,2.8,л,150,420.0
2025-12-10,2,Куриное филе,2.1,кг,250,525.0
2025-12-10,2,Говядина,1.3,кг,500,650.0
2025-12-10,2,Свинина,0.9,кг,400,360.0
2025-12-10,2,Креветки,0.6,кг,800,480.0
2025-12-10,2,Салат айсберг,1.0,кг,150,150.0
2025-12-10,2,Картофель,4.5,кг,40,180.0
2025-12-10,2,Сыр твердый,1.3,кг,450,585.0
2025-12-10,2,Сливки,1.5,л,200,300.0
2025-12-10,2,Молоко,2.5,л,70,175.0
2025-12-10,2,Макароны,2.1,кг,80,168.0
2025-12-10,2,Рис,1.5,кг,90,135.0
2025-12-10,2,Мука,1.0,кг,50,50.0
2025-12-10,2,Сахар,0.5,кг,60,30.0
2025-12-10,2,Соки,1.7,л,120,204.0
2025-12-10,2,Пиво,2.4,л,150,360.0
2025-12-10,3,Куриное филе,2.6,кг,250,650.0
2025-12-10,3,Говядина,1.6,кг,500,800.0
2025-12-10,3,Свинина,0.9,кг,400,360.0
2025-12-10,3,Рыба (филе),1.2,кг,600,720.0
2025-12-10,3,Помидоры,1.9,кг,120,228.0
2025-12-10,3,Салат айсберг,0.8,кг,150,120.0
2025-12-10,3,Картофель,4.8,кг,40,192.0
2025-12-10,3,Сливки,1.8,л,200,360.0
2025-12-10,3,Макароны,2.1,кг,80,168.0
2025-12-10,3,Рис,1.6,кг,90,144.0
2025-12-10,3,Мука,1.1,кг,50,55.0
2025-12-10,3,Сахар,0.5,кг,60,30.0
2025-12-10,3,Чай листовой,0.1,кг,500,50.0
2025-12-10,3,Соки,1.8,л,120,216.0
2025-12-10,3,Пиво,2.5,л,150,375.0
2025-12-10,8,Говядина,1.8,кг,500,900.0
2025-12-10,8,Свинина,1.0,кг,400,400.0
2025-12-10,8,Рыба (филе),1.2,кг,600,720.0
2025-12-10,8,Креветки,0.5,кг,800,400.0
2025-12-10,8,Помидоры,2.1,кг,120,252.0
2025-12-10,8,Салат айсберг,0.9,кг,150,135.0
2025-12-10,8,Картофель,3.6,кг,40,144.0
2025-12-10,8,Сыр пармезан,0.6,кг,800,480.0
2025-12-10,8,Сливки,1.7,л,200,340.0
2025-12-10,8,Макароны,1.9,кг,80,152.0
2025-12-10,8,Рис,1.7,кг,90,153.0
2025-12-10,8,Мука,0.9,кг,50,45.0
2025-12-10,8,Сахар,0.4,кг,60,24.0
2025-12-10,8,Кофе в зернах,0.3,кг,800,240.0
2025-12-10,8,Чай листовой,0.2,кг,500,100.0
2025-12-10,8,Соки,1.6,л,120,192.0
2025-12-10,9,Говядина,1.5,кг,500,750.0
2025-12-10,9,Свинина,1.1,кг,400,440.0
2025-12-10,9,Салат айсберг,1.1,кг,150,165.0
2025-12-10,9,Сыр твердый,1.2,кг,450,540.0
2025-12-10,9,Сыр пармезан,0.6,кг,800,480.0
2025-12-10,9,Сливки,1.2,л,200,240.0
2025-12-10,9,Молоко,2.1,л,70,147.0
2025-12-10,9,Макароны,2.1,кг,80,168.0
2025-12-10,9,Рис,1.5,кг,90,135.0
2025-12-10,9,Мука,1.1,кг,50,55.0
2025-12-10,9,Сахар,0.5,кг,60,30.0
2025-12-10,9,Чай листовой,0.2,кг,500,100.0
2025-12-10,9,Соки,2.3,л,120,276.0
2025-12-10,9,Пиво,2.7,л,150,405.0
2025-12-11,1,Куриное филе,2.3,кг,250,575.0
2025-12-11,1,Говядина,1.6,кг,500,800.0
2025-12-11,1,Свинина,0.9,кг,400,360.0
2025-12-11,1,Рыба (филе),0.9,кг,600,540.0
2025-12-11,1,Креветки,0.5,кг,800,400.0
2025-12-11,1,Помидоры,2.2,кг,120,264.0
2025-12-11,1,Огурцы,1.7,кг,100,170.0
2025-12-11,1,Салат айсберг,0.9,кг,150,135.0
2025-12-11,1,Сыр твердый,0.8,кг,450,360.0
2025-12-11,1,Сыр пармезан,0.5,кг,800,400.0
2025-12-11,1,Сливки,1.5,л,200,300.0
2025-12-11,1,Молоко,2.9,л,70,203.0
2025-12-11,1,Макароны,1.7,кг,80,136.0
2025-12-11,1,Мука,1.0,кг,50,50.0
2025-12-11,1,Кофе в зернах,0.3,кг,800,240.0
2025-12-11,1,Пиво,2.9,л,150,435.0
2025-12-11,4,Говядина,1.2,кг,500,600.0
2025-12-11,4,Свинина,1.0,кг,400,400.0
2025-12-11,4,Рыба (филе),1.1,кг,600,660.0
2025-12-11,4,Салат айсберг,1.1,кг,150,165.0
2025-12-11,4,Картофель,4.3,кг,40,172.0
2025-12-11,4,Макароны,1.9,кг,80,152.0
2025-12-11,4,Рис,1.3,кг,90,117.0
2025-12-11,4,Мука,1.1,кг,50,55.0
2025-12-11,4,Сахар,0.5,кг,60,30.0
2025-12-11,4,Кофе в зернах,0.2,кг,800,160.0
2025-12-11,4,Чай листовой,0.2,кг,500,100.0
2025-12-11,4,Соки,1.9,л,120,228.0
2025-12-11,4,Пиво,2.8,л,150,420.0
2025-12-11,8,Куриное филе,2.6,кг,250,650.0
2025-12-11,8,Говядина,1.4,кг,500,700.0
2025-12-11,8,Свинина,0.8,кг,400,320.0
2025-12-11,8,Рыба (филе),1.1,кг,600,660.0
2025-12-11,8,Помидоры,1.8,кг,120,216.0
2025-12-11,8,Огурцы,1.6,кг,100,160.0
2025-12-11,8,Картофель,4.5,кг,40,180.0
2025-12-11,8,Сыр твердый,1.0,кг,450,450.0
2025-12-11,8,Сливки,1.4,л,200,280.0
2025-12-11,8,Макароны,2.0,кг,80,160.0
2025-12-11,8,Сахар,0.5,кг,60,30.0
2025-12-11,8,Кофе в зернах,0.2,кг,800,160.0
2025-12-11,8,Пиво,2.7,л,150,405.0
2025-12-12,1,Куриное филе,2.6,кг,250,650.0
2025-12-12,1,Говядина,1.4,кг,500,700.0
2025-12-12,1,Свинина,1.0,кг,400,400.0
2025-12-12,1,Рыба (филе),0.9,кг,600,540.0
2025-12-12,1,Помидоры,1.8,кг,120,216.0
2025-12-12,1,Огурцы,1.5,кг,100,150.0
2025-12-12,1,Салат айсберг,1.0,кг,150,150.0
2025-12-12,1,Картофель,4.2,кг,40,168.0
2025-12-12,1,Сыр твердый,0.9,кг,450,405.0
2025-12-12,1,Сливки,1.4,л,200,280.0
2025-12-12,1,Молоко,2.5,л,70,175.0
2025-12-12,1,Макароны,1.8,кг,80,144.0
2025-12-12,1,Рис,1.4,кг,90,126.0
2025-12-12,1,Мука,1.0,кг,50,50.0
2025-12-12,1,Сахар,0.6,кг,60,36.0
2025-12-12,1,Кофе в зернах,0.2,кг,800,160.0
2025-12-12,1,Чай листовой,0.2,кг,500,100.0
2025-12-12,8,Куриное филе,2.7,кг,250,675.0
2025-12-12,8,Говядина,1.5,кг,500,750.0
2025-12-12,8,Свинина,1.1,кг,400,440.0
2025-12-12,8,Рыба (филе),1.0,кг,600,600.0
2025-12-12,8,Креветки,0.5,кг,800,400.0
2025-12-12,8,Помидоры,2.2,кг,120,264.0
2025-12-12,8,Огурцы,1.8,кг,100,180.0
2025-12-12,8,Салат айсберг,1.1,кг,150,165.0
2025-12-12,8,Картофель,4.3,кг,40,172.0
2025-12-12,8,Сыр твердый,1.0,кг,450,450.0
2025-12-12,8,Сливки,1.4,л,200,280.0
2025-12-12,8,Молоко,2.6,л,70,182.0
2025-12-12,8,Макароны,2.2,кг,80,176.0
2025-12-12,8,Рис,1.5,кг,90,135.0
2025-12-12,8,Сахар,0.6,кг,60,36.0
2025-12-12,8,Кофе в зернах,0.3,кг,800,240.0
2025-12-12,8,Соки,1.9,л,120,228.0
2025-12-12,8,Пиво,2.0,л,150,300.0
2025-12-12,9,Куриное филе,2.5,кг,250,625.0
2025-12-12,9,Свинина,1.2,кг,400,480.0
2025-12-12,9,Рыба (филе),0.9,кг,600,540.0
2025-12-12,9,Креветки,0.6,кг,800,480.0
2025-12-12,9,Помидоры,1.8,кг,120,216.0
2025-12-12,9,Огурцы,1.5,кг,100,150.0
2025-12-12,9,Салат айсберг,1.2,кг,150,180.0
2025-12-12,9,Картофель,3.5,кг,40,140.0
2025-12-12,9,Сыр пармезан,0.6,кг,800,480.0
2025-12-12,9,Мука,1.0,кг,50,50.0
2025-12-12,9,Кофе в зернах,0.2,кг,800,160.0
2025-12-12,9,Чай листовой,0.1,кг,500,50.0
2025-12-12,9,Пиво,2.7,л,150,405.0
2025-12-12,10,Куриное филе,2.6,кг,250,650.0
2025-12-12,10,Говядина,1.3,кг,500,650.0
2025-12-12,10,Креветки,0.5,кг,800,400.0
2025-12-12,10,Огурцы,1.4,кг,100,140.0
2025-12-12,10,Сыр твердый,1.1,кг,450,495.0
2025-12-12,10,Сыр пармезан,0.4,кг,800,320.0
2025-12-12,10,Сливки,1.7,л,200,340.0
2025-12-12,10,Молоко,2.2,л,70,154.0
2025-12-12,10,Сахар,0.5,кг,60,30.0
2025-12-12,10,Соки,2.2,л,120,264.0
2025-12-12,10,Пиво,2.6,л,150,390.0
2025-12-13,2,Куриное филе,2.7,кг,250,675.0
2025-12-13,2,Свинина,0.9,кг,400,360.0
2025-12-13,2,Помидоры,2.3,кг,120,276.0
2025-12-13,2,Огурцы,1.6,кг,100,160.0
2025-12-13,2,Салат айсберг,1.1,кг,150,165.0
2025-12-13,2,Картофель,4.5,кг,40,180.0
2025-12-13,2,Сыр твердый,1.1,кг,450,495.0
2025-12-13,2,Сыр пармезан,0.4,кг,800,320.0
2025-12-13,2,Молоко,2.5,л,70,175.0
2025-12-13,2,Мука,0.8,кг,50,40.0
2025-12-13,2,Сахар,0.5,кг,60,30.0
2025-12-13,2,Кофе в зернах,0.2,кг,800,160.0
2025-12-13,2,Чай листовой,0.1,кг,500,50.0
2025-12-13,3,Куриное филе,2.3,кг,250,575.0
2025-12-13,3,Говядина,1.5,кг,500,750.0
2025-12-13,3,Свинина,1.0,кг,400,400.0
2025-12-13,3,Рыба (филе),1.0,кг,600,600.0
2025-12-13,3,Помидоры,1.8,кг,120,216.0
2025-12-13,3,Огурцы,1.6,кг,100,160.0
2025-12-13,3,Картофель,5.1,кг,40,204.0
2025-12-13,3,Сыр твердый,1.3,кг,450,585.0
2025-12-13,3,Сыр пармезан,0.5,кг,800,400.0
2025-12-13,3,Сливки,1.5,л,200,300.0
2025-12-13,3,Макароны,2.0,кг,80,160.0
2025-12-13,3,Рис,1.7,кг,90,153.0
2025-12-13,3,Мука,1.0,кг,50,50.0
2025-12-13,3,Кофе в зернах,0.3,кг,800,240.0
2025-12-13,3,Пиво,2.1,л,150,315.0
2025-12-13,5,Куриное филе,2.5,кг,250,625.0
2025-12-13,5,Свинина,1.1,кг,400,440.0
2025-12-13,5,Рыба (филе),1.0,кг,600,600.0
2025-12-13,5,Креветки,0.5,кг,800,400.0
2025-12-13,5,Помидоры,2.2,кг,120,264.0
2025-12-13,5,Салат айсберг,0.8,кг,150,120.0
2025-12-13,5,Сыр твердый,1.1,кг,450,495.0
2025-12-13,5,Сыр пармезан,0.5,кг,800,400.0
2025-12-13,5,Сливки,1.3,л,200,260.0
2025-12-13,5,Молоко,2.8,л,70,196.0
2025-12-13,5,Рис,1.4,кг,90,126.0
2025-12-13,5,Мука,0.9,кг,50,45.0
2025-12-13,5,Сахар,0.5,кг,60,30.0
2025-12-13,5,Чай листовой,0.2,кг,500,100.0
2025-12-13,5,Пиво,2.2,л,150,330.0
2025-12-13,7,Свинина,1.0,кг,400,400.0
2025-12-13,7,Рыба (филе),1.2,кг,600,720.0
2025-12-13,7,Креветки,0.6,кг,800,480.0
2025-12-13,7,Помидоры,1.9,кг,120,228.0
2025-12-13,7,Огурцы,1.2,кг,100,120.0
2025-12-13,7,Салат айсберг,1.0,кг,150,150.0
2025-12-13,7,Картофель,4.6,кг,40,184.0
2025-12-13,7,Сыр твердый,1.0,кг,450,450.0
2025-12-13,7,Сливки,1.4,л,200,280.0
2025-12-13,7,Молоко,2.8,л,70,196.0
2025-12-13,7,Макароны,1.9,кг,80,152.0
2025-12-13,7,Рис,1.6,кг,90,144.0
2025-12-13,7,Мука,1.1,кг,50,55.0
2025-12-13,7,Сахар,0.5,кг,60,30.0
2025-12-13,7,Кофе в зернах,0.3,кг,800,240.0
2025-12-13,7,Чай листовой,0.2,кг,500,100.0
2025-12-13,7,Пиво,3.0,л,150,450.0
2025-12-13,8,Куриное филе,2.2,кг,250,550.0
2025-12-13,8,Говядина,1.3,кг,500,650.0
2025-12-13,8,Свинина,0.9,кг,400,360.0
2025-12-13,8,Рыба (филе),1.0,кг,600,600.0
2025-12-13,8,Креветки,0.4,кг,800,320.0
2025-12-13,8,Огурцы,1.3,кг,100,130.0
2025-12-13,8,Салат айсберг,1.0,кг,150,150.0
2025-12-13,8,Сыр твердый,1.0,кг,450,450.0
2025-12-13,8,Сыр пармезан,0.4,кг,800,320.0
2025-12-13,8,Сливки,1.4,л,200,280.0
2025-12-13,8,Молоко,2.4,л,70,168.0
2025-12-13,8,Макароны,1.7,кг,80,136.0
2025-12-13,8,Мука,1.1,кг,50,55.0
2025-12-13,8,Сахар,0.5,кг,60,30.0
2025-12-13,8,Кофе в зернах,0.3,кг,800,240.0
2025-12-13,8,Чай листовой,0.2,кг,500,100.0
2025-12-13,8,Соки,1.6,л,120,192.0
2025-12-13,10,Куриное филе,2.5,кг,250,625.0
2025-12-13,10,Говядина,1.8,кг,500,900.0
2025-12-13,10,Свинина,0.8,кг,400,320.0
2025-12-13,10,Рыба (филе),0.8,кг,600,480.0
2025-12-13,10,Помидоры,1.9,кг,120,228.0
2025-12-13,10,Огурцы,1.5,кг,100,150.0
2025-12-13,10,Салат айсберг,1.0,кг,150,150.0
2025-12-13,10,Сыр твердый,0.9,кг,450,405.0
2025-12-13,10,Сыр пармезан,0.5,кг,800,400.0
2025-12-13,10,Сливки,1.8,л,200,360.0
2025-12-13,10,Молоко,2.7,л,70,189.0
2025-12-13,10,Макароны,1.6,кг,80,128.0
2025-12-13,10,Рис,1.5,кг,90,135.0
2025-12-13,10,Кофе в зернах,0.2,кг,800,160.0
2025-12-13,10,Чай листовой,0.2,кг,500,100.0
2025-12-13,10,Соки,1.9,л,120,228.0
2025-12-13,10,Пиво,2.4,л,150,360.0
2025-12-14,2,Куриное филе,2.2,кг,250,550.0
2025-12-14,2,Свинина,0.9,кг,400,360.0
2025-12-14,2,Креветки,0.6,кг,800,480.0
2025-12-14,2,Огурцы,1.8,кг,100,180.0
2025-12-14,2,Картофель,3.8,кг,40,152.0
2025-12-14,2,Сыр твердый,1.2,кг,450,540.0
2025-12-14,2,Сыр пармезан,0.6,кг,800,480.0
2025-12-14,2,Сливки,1.3,л,200,260.0
2025-12-14,2,Молоко,2.8,л,70,196.0
2025-12-14,2,Макароны,1.9,кг,80,152.0
2025-12-14,2,Рис,1.3,кг,90,117.0
2025-12-14,2,Сахар,0.4,кг,60,24.0
2025-12-14,2,Чай листовой,0.2,кг,500,100.0
2025-12-14,2,Соки,1.9,л,120,228.0
2025-12-14,2,Пиво,2.1,л,150,315.0
2025-12-14,3,Куриное филе,2.2,кг,250,550.0
2025-12-14,3,Свинина,1.0,кг,400,400.0
2025-12-14,3,Рыба (филе),1.0,кг,600,600.0
2025-12-14,3,Креветки,0.6,кг,800,480.0
2025-12-14,3,Огурцы,1.4,кг,100,140.0
2025-12-14,3,Салат айсберг,1.2,кг,150,180.0
2025-12-14,3,Картофель,4.2,кг,40,168.0
2025-12-14,3,Сыр твердый,0.9,кг,450,405.0
2025-12-14,3,Сливки,1.7,л,200,340.0
2025-12-14,3,Молоко,2.8,л,70,196.0
2025-12-14,3,Макароны,2.1,кг,80,168.0
2025-12-14,3,Рис,1.5,кг,90,135.0
2025-12-14,3,Мука,0.9,кг,50,45.0
2025-12-14,3,Сахар,0.6,кг,60,36.0
2025-12-14,3,Соки,2.0,л,120,240.0
2025-12-14,3,Пиво,2.6,л,150,390.0
2025-12-14,7,Куриное филе,2.3,кг,250,575.0
2025-12-14,7,Говядина,1.7,кг,500,850.0
2025-12-14,7,Свинина,1.0,кг,400,400.0
2025-12-14,7,Рыба (филе),1.0,кг,600,600.0
2025-12-14,7,Помидоры,2.0,кг,120,240.0
2025-12-14,7,Огурцы,1.6,кг,100,160.0
2025-12-14,7,Салат айсберг,1.0,кг,150,150.0
2025-12-14,7,Картофель,4.3,кг,40,172.0
2025-12-14,7,Сливки,1.5,л,200,300.0
2025-12-14,7,Молоко,2.4,л,70,168.0
2025-12-14,7,Макароны,1.8,кг,80,144.0
2025-12-14,7,Мука,0.9,кг,50,45.0
2025-12-14,7,Кофе в зернах,0.2,кг,800,160.0
2025-12-14,7,Чай листовой,0.2,кг,500,100.0
2025-12-14,7,Соки,2.5,л,120,300.0
2025-12-14,9,Куриное филе,2.5,кг,250,625.0
2025-12-14,9,Говядина,1.6,кг,500,800.0
2025-12-14,9,Рыба (филе),1.2,кг,600,720.0
2025-12-14,9,Креветки,0.6,кг,800,480.0
2025-12-14,9,Помидоры,2.0,кг,120,240.0
2025-12-14,9,Огурцы,1.3,кг,100,130.0
2025-12-14,9,Салат айсберг,0.9,кг,150,135.0
2025-12-14,9,Картофель,4.3,кг,40,172.0
2025-12-14,9,Сыр пармезан,0.5,кг,800,400.0
2025-12-14,9,Сливки,1.3,л,200,260.0
2025-12-14,9,Мука,1.1,кг,50,55.0
2025-12-14,9,Сахар,0.4,кг,60,24.0
2025-12-14,9,Кофе в зернах,0.2,кг,800,160.0
2025-12-14,9,Чай листовой,0.1,кг,500,50.0
2025-12-14,9,Соки,1.9,л,120,228.0
2025-12-15,1,Куриное филе,2.9,кг,250,725.0
2025-12-15,1,Свинина,1.1,кг,400,440.0
2025-12-15,1,Рыба (филе),1.1,кг,600,660.0
2025-12-15,1,Помидоры,1.8,кг,120,216.0
2025-12-15,1,Салат айсберг,1.1,кг,150,165.0
2025-12-15,1,Картофель,3.4,кг,40,136.0
2025-12-15,1,Сыр твердый,1.2,кг,450,540.0
2025-12-15,1,Сыр пармезан,0.6,кг,800,480.0
2025-12-15,1,Сливки,1.5,л,200,300.0
2025-12-15,1,Молоко,2.3,л,70,161.0
2025-12-15,1,Макароны,1.6,кг,80,128.0
2025-12-15,1,Рис,1.4,кг,90,126.0
2025-12-15,1,Мука,1.0,кг,50,50.0
2025-12-15,1,Сахар,0.4,кг,60,24.0
2025-12-15,1,Кофе в зернах,0.2,кг,800,160.0
2025-12-15,1,Чай листовой,0.1,кг,500,50.0
2025-12-15,1,Пиво,2.3,л,150,345.0
2025-12-15,3,Говядина,1.6,кг,500,800.0
2025-12-15,3,Свинина,0.9,кг,400,360.0
2025-12-15,3,Рыба (филе),1.0,кг,600,600.0
2025-12-15,3,Креветки,0.4,кг,800,320.0
2025-12-15,3,Помидоры,2.0,кг,120,240.0
2025-12-15,3,Огурцы,1.3,кг,100,130.0
2025-12-15,3,Салат айсберг,1.2,кг,150,180.0
2025-12-15,3,Картофель,4.2,кг,40,168.0
2025-12-15,3,Сыр твердый,1.1,кг,450,495.0
2025-12-15,3,Сливки,1.8,л,200,360.0
2025-12-15,3,Молоко,2.5,л,70,175.0
2025-12-15,3,Рис,1.7,кг,90,153.0
2025-12-15,3,Мука,0.9,кг,50,45.0
2025-12-15,3,Сахар,0.6,кг,60,36.0
2025-12-15,3,Кофе в зернах,0.2,кг,800,160.0
2025-12-15,3,Чай листовой,0.1,кг,500,50.0
2025-12-15,3,Соки,1.8,л,120,216.0
2025-12-15,3,Пиво,3.0,л,150,450.0
2025-12-15,4,Свинина,1.2,кг,400,480.0
2025-12-15,4,Рыба (филе),1.0,кг,600,600.0
2025-12-15,4,Огурцы,1.7,кг,100,170.0
2025-12-15,4,Салат айсберг,0.9,кг,150,135.0
2025-12-15,4,Сыр твердый,1.1,кг,450,495.0
2025-12-15,4,Сыр пармезан,0.5,кг,800,400.0
2025-12-15,4,Сливки,1.7,л,200,340.0
2025-12-15,4,Макароны,1.7,кг,80,136.0
2025-12-15,4,Мука,1.2,кг,50,60.0
2025-12-15,4,Сахар,0.5,кг,60,30.0
2025-12-15,4,Кофе в зернах,0.3,кг,800,240.0
2025-12-15,4,Чай листовой,0.2,кг,500,100.0
2025-12-15,4,Соки,1.9,л,120,228.0
2025-12-15,4,Пиво,2.6,л,150,390.0
2025-12-15,5,Свинина,1.2,кг,400,480.0
2025-12-15,5,Рыба (филе),1.0,кг,600,600.0
2025-12-15,5,Помидоры,2.1,кг,120,252.0
2025-12-15,5,Огурцы,1.2,кг,100,120.0
2025-12-15,5,Салат айсберг,1.1,кг,150,165.0
2025-12-15,5,Картофель,3.6,кг,40,144.0
2025-12-15,5,Сыр твердый,1.1,кг,450,495.0
2025-12-15,5,Сыр пармезан,0.5,кг,800,400.0
2025-12-15,5,Сливки,1.6,л,200,320.0
2025-12-15,5,Молоко,2.4,л,70,168.0
2025-12-15,5,Макароны,1.9,кг,80,152.0
2025-12-15,5,Рис,1.6,кг,90,144.0
2025-12-15,5,Сахар,0.5,кг,60,30.0
2025-12-15,5,Чай листовой,0.1,кг,500,50.0
2025-12-15,5,Пиво,2.8,л,150,420.0
2025-12-15,7,Куриное филе,2.7,кг,250,675.0
2025-12-15,7,Свинина,1.0,кг,400,400.0
2025-12-15,7,Креветки,0.6,кг,800,480.0
2025-12-15,7,Огурцы,1.5,кг,100,150.0
2025-12-15,7,Картофель,3.6,кг,40,144.0
2025-12-15,7,Сыр твердый,1.0,кг,450,450.0
2025-12-15,7,Сыр пармезан,0.5,кг,800,400.0
2025-12-15,7,Сливки,1.4,л,200,280.0
2025-12-15,7,Макароны,1.8,кг,80,144.0
2025-12-15,7,Рис,1.5,кг,90,135.0
2025-12-15,7,Мука,0.8,кг,50,40.0
2025-12-15,7,Сахар,0.6,кг,60,36.0
2025-12-15,7,Кофе в зернах,0.2,кг,800,160.0
2025-12-15,7,Чай листовой,0.2,кг,500,100.0
2025-12-15,7,Пиво,3.0,л,150,450.0
2025-12-15,10,Куриное филе,2.3,кг,250,575.0
2025-12-15,10,Свинина,1.0,кг,400,400.0
2025-12-15,10,Рыба (филе),1.0,кг,600,600.0
2025-12-15,10,Креветки,0.5,кг,800,400.0
2025-12-15,10,Помидоры,2.0,кг,120,240.0
2025-12-15,10,Огурцы,1.9,кг,100,190.0
2025-12-15,10,Картофель,3.5,кг,40,140.0
2025-12-15,10,Сыр твердый,0.9,кг,450,405.0
2025-12-15,10,Сыр пармезан,0.5,кг,800,400.0
2025-12-15,10,Сливки,1.7,л,200,340.0
2025-12-15,10,Молоко,2.2,л,70,154.0
2025-12-15,10,Мука,1.0,кг,50,50.0
2025-12-15,10,Соки,1.9,л,120,228.0
2025-12-15,10,Пиво,2.3,л,150,345.0
2025-12-16,1,Куриное филе,2.8,кг,250,700.0
2025-12-16,1,Говядина,1.3,кг,500,650.0
2025-12-16,1,Свинина,1.0,кг,400,400.0
2025-12-16,1,Рыба (филе),1.2,кг,600,720.0
2025-12-16,1,Помидоры,2.0,кг,120,240.0
2025-12-16,1,Огурцы,1.7,кг,100,170.0
2025-12-16,1,Сыр твердый,0.8,кг,450,360.0
2025-12-16,1,Сыр пармезан,0.6,кг,800,480.0
2025-12-16,1,Сливки,1.8,л,200,360.0
2025-12-16,1,Макароны,1.9,кг,80,152.0
2025-12-16,1,Рис,1.5,кг,90,135.0
2025-12-16,1,Сахар,0.5,кг,60,30.0
2025-12-16,1,Кофе в зернах,0.2,кг,800,160.0
2025-12-16,1,Чай листовой,0.2,кг,500,100.0
2025-12-16,1,Соки,1.9,л,120,228.0
2025-12-16,1,Пиво,2.4,л,150,360.0
2025-12-16,4,Куриное филе,2.7,кг,250,675.0
2025-12-16,4,Говядина,1.5,кг,500,750.0
2025-12-16,4,Рыба (филе),1.0,кг,600,600.0
2025-12-16,4,Креветки,0.6,кг,800,480.0
2025-12-16,4,Помидоры,2.0,кг,120,240.0
2025-12-16,4,Огурцы,1.8,кг,100,180.0
2025-12-16,4,Салат айсберг,1.0,кг,150,150.0
2025-12-16,4,Картофель,4.4,кг,40,176.0
2025-12-16,4,Сливки,1.6,л,200,320.0
2025-12-16,4,Макароны,1.8,кг,80,144.0
2025-12-16,4,Рис,1.5,кг,90,135.0
2025-12-16,4,Сахар,0.6,кг,60,36.0
2025-12-16,4,Кофе в зернах,0.3,кг,800,240.0
2025-12-16,4,Пиво,2.2,л,150,330.0
2025-12-16,5,Говядина,1.6,кг,500,800.0
2025-12-16,5,Свинина,0.9,кг,400,360.0
2025-12-16,5,Рыба (филе),1.0,кг,600,600.0
2025-12-16,5,Креветки,0.5,кг,800,400.0
2025-12-16,5,Огурцы,1.4,кг,100,140.0
2025-12-16,5,Салат айсберг,1.0,кг,150,150.0
2025-12-16,5,Картофель,4.0,кг,40,160.0
2025-12-16,5,Сыр твердый,1.1,кг,450,495.0
2025-12-16,5,Сыр пармезан,0.6,кг,800,480.0
2025-12-16,5,Молоко,2.9,л,70,203.0
2025-12-16,5,Макароны,1.6,кг,80,128.0
2025-12-16,5,Рис,1.5,кг,90,135.0
2025-12-16,5,Мука,1.0,кг,50,50.0
2025-12-16,5,Сахар,0.5,кг,60,30.0
2025-12-16,5,Кофе в зернах,0.2,кг,800,160.0
2025-12-16,5,Пиво,2.4,л,150,360.0
2025-12-16,6,Говядина,1.5,кг,500,750.0
2025-12-16,6,Креветки,0.4,кг,800,320.0
2025-12-16,6,Помидоры,2.2,кг,120,264.0
2025-12-16,6,Огурцы,1.6,кг,100,160.0
2025-12-16,6,Салат айсберг,0.9,кг,150,135.0
2025-12-16,6,Картофель,4.0,кг,40,160.0
2025-12-16,6,Сыр пармезан,0.5,кг,800,400.0
2025-12-16,6,Сливки,1.5,л,200,300.0
2025-12-16,6,Молоко,2.6,л,70,182.0
2025-12-16,6,Макароны,1.6,кг,80,128.0
2025-12-16,6,Рис,1.5,кг,90,135.0
2025-12-16,6,Мука,0.9,кг,50,45.0
2025-12-16,6,Сахар,0.5,кг,60,30.0
2025-12-16,6,Кофе в зернах,0.2,кг,800,160.0
2025-12-16,6,Соки,2.4,л,120,288.0
2025-12-16,6,Пиво,2.9,л,150,435.0
2025-12-16,7,Говядина,1.4,кг,500,700.0
2025-12-16,7,Рыба (филе),0.9,кг,600,540.0
2025-12-16,7,Креветки,0.4,кг,800,320.0
2025-12-16,7,Помидоры,1.9,кг,120,228.0
2025-12-16,7,Салат айсберг,1.0,кг,150,150.0
2025-12-16,7,Картофель,3.5,кг,40,140.0
2025-12-16,7,Сыр твердый,1.0,кг,450,450.0
2025-12-16,7,Сыр пармезан,0.5,кг,800,400.0
2025-12-16,7,Сливки,1.4,л,200,280.0
2025-12-16,7,Молоко,2.3,л,70,161.0
2025-12-16,7,Рис,1.6,кг,90,144.0
2025-12-16,7,Кофе в зернах,0.3,кг,800,240.0
2025-12-16,7,Чай листовой,0.2,кг,500,100.0
2025-12-16,7,Пиво,2.9,л,150,435.0
2025-12-16,10,Куриное филе,2.9,кг,250,725.0
2025-12-16,10,Говядина,1.2,кг,500,600.0
2025-12-16,10,Рыба (филе),1.0,кг,600,600.0
2025-12-16,10,Креветки,0.5,кг,800,400.0
2025-12-16,10,Помидоры,2.0,кг,120,240.0
2025-12-16,10,Огурцы,1.2,кг,100,120.0
2025-12-16,10,Картофель,4.3,кг,40,172.0
2025-12-16,10,Сыр пармезан,0.5,кг,800,400.0
2025-12-16,10,Сливки,1.1,л,200,220.0
2025-12-16,10,Молоко,2.6,л,70,182.0
2025-12-16,10,Мука,1.1,кг,50,55.0
2025-12-16,10,Сахар,0.6,кг,60,36.0
2025-12-16,10,Соки,1.7,л,120,204.0
2025-12-16,10,Пиво,2.4,л,150,360.0
2025-12-17,1,Куриное филе,2.3,кг,250,575.0
2025-12-17,1,Рыба (филе),1.2,кг,600,720.0
2025-12-17,1,Помидоры,2.1,кг,120,252.0
2025-12-17,1,Огурцы,1.6,кг,100,160.0
2025-12-17,1,Салат айсберг,1.2,кг,150,180.0
2025-12-17,1,Картофель,4.9,кг,40,196.0
2025-12-17,1,Макароны,1.9,кг,80,152.0
2025-12-17,1,Мука,1.0,кг,50,50.0
2025-12-17,1,Сахар,0.4,кг,60,24.0
2025-12-17,1,Кофе в зернах,0.3,кг,800,240.0
2025-12-17,1,Чай листовой,0.2,кг,500,100.0
2025-12-17,1,Соки,2.0,л,120,240.0
2025-12-17,1,Пиво,3.0,л,150,450.0
2025-12-17,2,Говядина,1.8,кг,500,900.0
2025-12-17,2,Свинина,1.2,кг,400,480.0
2025-12-17,2,Рыба (филе),1.0,кг,600,600.0
2025-12-17,2,Помидоры,2.4,кг,120,288.0
2025-12-17,2,Огурцы,1.2,кг,100,120.0
2025-12-17,2,Салат айсберг,1.1,кг,150,165.0
2025-12-17,2,Картофель,3.9,кг,40,156.0
2025-12-17,2,Сыр твердый,0.9,кг,450,405.0
2025-12-17,2,Сыр пармезан,0.5,кг,800,400.0
2025-12-17,2,Макароны,1.9,кг,80,152.0
2025-12-17,2,Кофе в зернах,0.2,кг,800,160.0
2025-12-17,2,Чай листовой,0.1,кг,500,50.0
2025-12-17,5,Куриное филе,2.8,кг,250,700.0
2025-12-17,5,Говядина,1.8,кг,500,900.0
2025-12-17,5,Свинина,0.9,кг,400,360.0
2025-12-17,5,Рыба (филе),0.9,кг,600,540.0
2025-12-17,5,Креветки,0.4,кг,800,320.0
2025-12-17,5,Помидоры,1.8,кг,120,216.0
2025-12-17,5,Огурцы,1.5,кг,100,150.0
2025-12-17,5,Салат айсберг,1.2,кг,150,180.0
2025-12-17,5,Картофель,4.5,кг,40,180.0
2025-12-17,5,Сыр твердый,0.9,кг,450,405.0
2025-12-17,5,Сыр пармезан,0.5,кг,800,400.0
2025-12-17,5,Сливки,1.7,л,200,340.0
2025-12-17,5,Молоко,2.9,л,70,203.0
2025-12-17,5,Макароны,2.1,кг,80,168.0
2025-12-17,5,Рис,1.6,кг,90,144.0
2025-12-17,5,Мука,0.9,кг,50,45.0
2025-12-17,5,Сахар,0.5,кг,60,30.0
2025-12-17,5,Кофе в зернах,0.3,кг,800,240.0
2025-12-17,5,Чай листовой,0.2,кг,500,100.0
2025-12-17,5,Соки,1.7,л,120,204.0
2025-12-17,5,Пиво,2.0,л,150,300.0
2025-12-17,6,Куриное филе,2.3,кг,250,575.0
2025-12-17,6,Говядина,1.8,кг,500,900.0
2025-12-17,6,Свинина,1.1,кг,400,440.0
2025-12-17,6,Рыба (филе),1.2,кг,600,720.0
2025-12-17,6,Креветки,0.4,кг,800,320.0
2025-12-17,6,Помидоры,2.0,кг,120,240.0
2025-12-17,6,Огурцы,1.3,кг,100,130.0
2025-12-17,6,Сыр пармезан,0.5,кг,800,400.0
2025-12-17,6,Сливки,1.2,л,200,240.0
2025-12-17,6,Макароны,1.8,кг,80,144.0
2025-12-17,6,Рис,1.3,кг,90,117.0
2025-12-17,6,Сахар,0.4,кг,60,24.0
2025-12-17,6,Кофе в зернах,0.3,кг,800,240.0
2025-12-17,6,Соки,1.8,л,120,216.0
2025-12-17,6,Пиво,2.4,л,150,360.0
2025-12-17,8,Куриное филе,2.7,кг,250,675.0
2025-12-17,8,Говядина,1.6,кг,500,800.0
2025-12-17,8,Свинина,1.0,кг,400,400.0
2025-12-17,8,Рыба (филе),0.9,кг,600,540.0
2025-12-17,8,Креветки,0.4,кг,800,320.0
2025-12-17,8,Помидоры,2.0,кг,120,240.0
2025-12-17,8,Салат айсберг,0.9,кг,150,135.0
2025-12-17,8,Картофель,3.3,кг,40,132.0
2025-12-17,8,Сыр твердый,1.2,кг,450,540.0
2025-12-17,8,Сыр пармезан,0.5,кг,800,400.0
2025-12-17,8,Молоко,2.7,л,70,189.0
2025-12-17,8,Макароны,1.9,кг,80,152.0
2025-12-17,8,Рис,1.7,кг,90,153.0
2025-12-17,8,Сахар,0.5,кг,60,30.0
2025-12-17,8,Кофе в зернах,0.2,кг,800,160.0
2025-12-17,8,Чай листовой,0.1,кг,500,50.0
2025-12-17,8,Соки,1.7,л,120,204.0
2025-12-17,8,Пиво,2.4,л,150,360.0
2025-12-17,10,Куриное филе,2.3,кг,250,575.0
2025-12-17,10,Говядина,1.6,кг,500,800.0
2025-12-17,10,Креветки,0.6,кг,800,480.0
2025-12-17,10,Картофель,3.8,кг,40,152.0
2025-12-17,10,Сыр пармезан,0.5,кг,800,400.0
2025-12-17,10,Сливки,1.4,л,200,280.0
2025-12-17,10,Молоко,3.0,л,70,210.0
2025-12-17,10,Макароны,1.9,кг,80,152.0
2025-12-17,10,Рис,1.4,кг,90,126.0
2025-12-17,10,Мука,1.1,кг,50,55.0
2025-12-17,10,Сахар,0.5,кг,60,30.0
2025-12-17,10,Кофе в зернах,0.3,кг,800,240.0
2025-12-17,10,Соки,2.4,л,120,288.0
2025-12-17,10,Пиво,1.9,л,150,285.0
2025-12-18,1,Куриное филе,2.2,кг,250,550.0
2025-12-18,1,Говядина,1.7,кг,500,850.0
2025-12-18,1,Свинина,0.9,кг,400,360.0
2025-12-18,1,Рыба (филе),1.1,кг,600,660.0
2025-12-18,1,Помидоры,1.8,кг,120,216.0
2025-12-18,1,Огурцы,1.6,кг,100,160.0
2025-12-18,1,Салат айсберг,1.1,кг,150,165.0
2025-12-18,1,Сыр твердый,0.8,кг,450,360.0
2025-12-18,1,Сыр пармезан,0.4,кг,800,320.0
2025-12-18,1,Макароны,1.9,кг,80,152.0
2025-12-18,1,Рис,1.6,кг,90,144.0
2025-12-18,1,Мука,1.1,кг,50,55.0
2025-12-18,1,Сахар,0.5,кг,60,30.0
2025-12-18,1,Кофе в зернах,0.3,кг,800,240.0
2025-12-18,1,Соки,1.8,л,120,216.0
2025-12-18,1,Пиво,2.7,л,150,405.0
2025-12-18,3,Куриное филе,2.4,кг,250,600.0
2025-12-18,3,Говядина,1.5,кг,500,750.0
2025-12-18,3,Рыба (филе),1.0,кг,600,600.0
2025-12-18,3,Помидоры,2.2,кг,120,264.0
2025-12-18,3,Огурцы,1.2,кг,100,120.0
2025-12-18,3,Салат айсберг,1.1,кг,150,165.0
2025-12-18,3,Картофель,4.2,кг,40,168.0
2025-12-18,3,Сыр твердый,1.1,кг,450,495.0
2025-12-18,3,Сыр пармезан,0.5,кг,800,400.0
2025-12-18,3,Макароны,2.1,кг,80,168.0
2025-12-18,3,Рис,1.5,кг,90,135.0
2025-12-18,3,Кофе в зернах,0.3,кг,800,240.0
2025-12-18,3,Соки,2.3,л,120,276.0
2025-12-18,5,Говядина,1.4,кг,500,700.0
2025-12-18,5,Свинина,1.0,кг,400,400.0
2025-12-18,5,Креветки,0.4,кг,800,320.0
2025-12-18,5,Помидоры,1.6,кг,120,192.0
2025-12-18,5,Огурцы,1.8,кг,100,180.0
2025-12-18,5,Салат айсберг,0.8,кг,150,120.0
2025-12-18,5,Сыр твердый,1.1,кг,450,495.0
2025-12-18,5,Сыр пармезан,0.5,кг,800,400.0
2025-12-18,5,Сливки,1.8,л,200,360.0
2025-12-18,5,Молоко,2.3,л,70,161.0
2025-12-18,5,Сахар,0.5,кг,60,30.0
2025-12-18,5,Чай листовой,0.2,кг,500,100.0
2025-12-19,3,Куриное филе,2.7,кг,250,675.0
2025-12-19,3,Свинина,0.9,кг,400,360.0
2025-12-19,3,Рыба (филе),0.9,кг,600,540.0
2025-12-19,3,Креветки,0.5,кг,800,400.0
2025-12-19,3,Помидоры,2.5,кг,120,300.0
2025-12-19,3,Салат айсберг,1.2,кг,150,180.0
2025-12-19,3,Сыр твердый,0.9,кг,450,405.0
2025-12-19,3,Сливки,1.6,л,200,320.0
2025-12-19,3,Молоко,2.4,л,70,168.0
2025-12-19,3,Макароны,1.8,кг,80,144.0
2025-12-19,3,Рис,1.3,кг,90,117.0
2025-12-19,3,Мука,1.1,кг,50,55.0
2025-12-19,3,Сахар,0.5,кг,60,30.0
2025-12-19,3,Кофе в зернах,0.3,кг,800,240.0
2025-12-19,3,Чай листовой,0.2,кг,500,100.0
2025-12-19,3,Пиво,2.7,л,150,405.0
2025-12-19,6,Куриное филе,2.5,кг,250,625.0
2025-12-19,6,Свинина,1.1,кг,400,440.0
2025-12-19,6,Рыба (филе),0.9,кг,600,540.0
2025-12-19,6,Креветки,0.5,кг,800,400.0
2025-12-19,6,Огурцы,1.6,кг,100,160.0
2025-12-19,6,Салат айсберг,0.9,кг,150,135.0
2025-12-19,6,Картофель,4.1,кг,40,164.0
2025-12-19,6,Сыр пармезан,0.5,кг,800,400.0
2025-12-19,6,Сливки,1.4,л,200,280.0
2025-12-19,6,Макароны,1.8,кг,80,144.0
2025-12-19,6,Мука,1.1,кг,50,55.0
2025-12-19,6,Сахар,0.6,кг,60,36.0
2025-12-19,6,Кофе в зернах,0.2,кг,800,160.0
2025-12-19,6,Чай листовой,0.2,кг,500,100.0
2025-12-19,6,Соки,1.8,л,120,216.0
2025-12-19,6,Пиво,2.7,л,150,405.0
2025-12-20,5,Куриное филе,2.3,кг,250,575.0
2025-12-20,5,Говядина,1.3,кг,500,650.0
2025-12-20,5,Помидоры,2.3,кг,120,276.0
2025-12-20,5,Салат айсберг,1.2,кг,150,180.0
2025-12-20,5,Сыр твердый,1.1,кг,450,495.0
2025-12-20,5,Сыр пармезан,0.5,кг,800,400.0
2025-12-20,5,Молоко,2.2,л,70,154.0
2025-12-20,5,Макароны,2.2,кг,80,176.0
2025-12-20,5,Мука,1.3,кг,50,65.0
2025-12-20,5,Сахар,0.5,кг,60,30.0
2025-12-20,5,Кофе в зернах,0.2,кг,800,160.0
2025-12-20,5,Чай листовой,0.2,кг,500,100.0
2025-12-20,9,Куриное филе,2.5,кг,250,625.0
2025-12-20,9,Говядина,1.5,кг,500,750.0
2025-12-20,9,Свинина,1.1,кг,400,440.0
2025-12-20,9,Помидоры,2.0,кг,120,240.0
2025-12-20,9,Огурцы,1.6,кг,100,160.0
2025-12-20,9,Картофель,4.0,кг,40,160.0
2025-12-20,9,Сыр твердый,1.0,кг,450,450.0
2025-12-20,9,Сыр пармезан,0.5,кг,800,400.0
2025-12-20,9,Макароны,1.9,кг,80,152.0
2025-12-20,9,Мука,1.1,кг,50,55.0
2025-12-20,9,Сахар,0.6,кг,60,36.0
2025-12-20,9,Кофе в зернах,0.2,кг,800,160.0
2025-12-20,9,Чай листовой,0.1,кг,500,50.0
2025-12-20,9,Соки,1.9,л,120,228.0
2025-12-20,9,Пиво,2.9,л,150,435.0
2025-12-21,2,Куриное филе,2.5,кг,250,625.0
2025-12-21,2,Говядина,1.3,кг,500,650.0
2025-12-21,2,Свинина,1.1,кг,400,440.0
2025-12-21,2,Рыба (филе),1.1,кг,600,660.0
2025-12-21,2,Огурцы,1.6,кг,100,160.0
2025-12-21,2,Картофель,3.7,кг,40,148.0
2025-12-21,2,Сыр пармезан,0.5,кг,800,400.0
2025-12-21,2,Сливки,1.2,л,200,240.0
2025-12-21,2,Молоко,2.2,л,70,154.0
2025-12-21,2,Рис,1.3,кг,90,117.0
2025-12-21,2,Чай листовой,0.2,кг,500,100.0
2025-12-21,2,Соки,2.0,л,120,240.0
2025-12-21,4,Куриное филе,2.1,кг,250,525.0
2025-12-21,4,Говядина,1.7,кг,500,850.0
2025-12-21,4,Свинина,1.2,кг,400,480.0
2025-12-21,4,Креветки,0.6,кг,800,480.0
2025-12-21,4,Помидоры,2.4,кг,120,288.0
2025-12-21,4,Огурцы,1.9,кг,100,190.0
2025-12-21,4,Салат айсберг,0.8,кг,150,120.0
2025-12-21,4,Картофель,4.7,кг,40,188.0
2025-12-21,4,Сыр твердый,1.0,кг,450,450.0
2025-12-21,4,Сыр пармезан,0.5,кг,800,400.0
2025-12-21,4,Сливки,1.6,л,200,320.0
2025-12-21,4,Молоко,2.4,л,70,168.0
2025-12-21,4,Макароны,1.9,кг,80,152.0
2025-12-21,4,Рис,1.2,кг,90,108.0
2025-12-21,4,Мука,0.9,кг,50,45.0
2025-12-21,4,Сахар,0.6,кг,60,36.0
2025-12-21,4,Чай листовой,0.2,кг,500,100.0
2025-12-21,4,Соки,2.2,л,120,264.0
2025-12-21,6,Свинина,1.2,кг,400,480.0
2025-12-21,6,Рыба (филе),0.9,кг,600,540.0
2025-12-21,6,Креветки,0.4,кг,800,320.0
2025-12-21,6,Салат айсберг,1.2,кг,150,180.0
2025-12-21,6,Сыр твердый,1.0,кг,450,450.0
2025-12-21,6,Сливки,1.6,л,200,320.0
2025-12-21,6,Молоко,3.0,л,70,210.0
2025-12-21,6,Рис,1.7,кг,90,153.0
2025-12-21,6,Сахар,0.5,кг,60,30.0
2025-12-21,6,Кофе в зернах,0.3,кг,800,240.0
2025-12-21,6,Соки,1.8,л,120,216.0
2025-12-21,6,Пиво,2.7,л,150,405.0
2025-12-21,10,Говядина,1.4,кг,500,700.0
2025-12-21,10,Рыба (филе),0.8,кг,600,480.0
2025-12-21,10,Помидоры,2.0,кг,120,240.0
2025-12-21,10,Огурцы,1.8,кг,100,180.0
2025-12-21,10,Салат айсберг,1.0,кг,150,150.0
2025-12-21,10,Сыр твердый,1.0,кг,450,450.0
2025-12-21,10,Сыр пармезан,0.5,кг,800,400.0
2025-12-21,10,Макароны,1.9,кг,80,152.0
2025-12-21,10,Рис,1.6,кг,90,144.0
2025-12-21,10,Мука,1.2,кг,50,60.0
2025-12-21,10,Сахар,0.6,кг,60,36.0
2025-12-21,10,Чай листовой,0.2,кг,500,100.0
2025-12-21,10,Соки,2.2,л,120,264.0
2025-12-21,10,Пиво,2.6,л,150,390.0
2025-12-22,5,Куриное филе,2.5,кг,250,625.0
2025-12-22,5,Говядина,1.5,кг,500,750.0
2025-12-22,5,Свинина,1.1,кг,400,440.0
2025-12-22,5,Рыба (филе),1.1,кг,600,660.0
2025-12-22,5,Креветки,0.6,кг,800,480.0
2025-12-22,5,Салат айсберг,1.1,кг,150,165.0
2025-12-22,5,Картофель,4.4,кг,40,176.0
2025-12-22,5,Сыр твердый,0.9,кг,450,405.0
2025-12-22,5,Сыр пармезан,0.6,кг,800,480.0
2025-12-22,5,Сливки,1.2,л,200,240.0
2025-12-22,5,Макароны,1.9,кг,80,152.0
2025-12-22,5,Мука,1.0,кг,50,50.0
2025-12-22,5,Кофе в зернах,0.3,кг,800,240.0
2025-12-22,5,Чай листовой,0.2,кг,500,100.0
2025-12-22,5,Соки,1.7,л,120,204.0
2025-12-22,5,Пиво,2.4,л,150,360.0
2025-12-22,7,Куриное филе,2.6,кг,250,650.0
2025-12-22,7,Говядина,1.6,кг,500,800.0
2025-12-22,7,Свинина,1.0,кг,400,400.0
2025-12-22,7,Рыба (филе),1.1,кг,600,660.0
2025-12-22,7,Креветки,0.6,кг,800,480.0
2025-12-22,7,Огурцы,1.6,кг,100,160.0
2025-12-22,7,Салат айсберг,0.9,кг,150,135.0
2025-12-22,7,Картофель,3.7,кг,40,148.0
2025-12-22,7,Сыр твердый,1.1,кг,450,495.0
2025-12-22,7,Сыр пармезан,0.5,кг,800,400.0
2025-12-22,7,Макароны,1.9,кг,80,152.0
2025-12-22,7,Рис,1.5,кг,90,135.0
2025-12-22,7,Мука,1.0,кг,50,50.0
2025-12-22,7,Сахар,0.5,кг,60,30.0
2025-12-22,7,Чай листовой,0.1,кг,500,50.0
2025-12-22,7,Пиво,2.7,л,150,405.0
2025-12-22,8,Куриное филе,2.7,кг,250,675.0
2025-12-22,8,Рыба (филе),1.1,кг,600,660.0
2025-12-22,8,Помидоры,2.2,кг,120,264.0
2025-12-22,8,Картофель,3.9,кг,40,156.0
2025-12-22,8,Сыр твердый,1.1,кг,450,495.0
2025-12-22,8,Сыр пармезан,0.5,кг,800,400.0
2025-12-22,8,Сливки,1.3,л,200,260.0
2025-12-22,8,Молоко,2.2,л,70,154.0
2025-12-22,8,Макароны,1.8,кг,80,144.0
2025-12-22,8,Рис,1.4,кг,90,126.0
2025-12-22,8,Сахар,0.4,кг,60,24.0
2025-12-22,8,Кофе в зернах,0.3,кг,800,240.0
2025-12-22,8,Пиво,2.4,л,150,360.0
2025-12-23,2,Куриное филе,2.3,кг,250,575.0
2025-12-23,2,Говядина,1.8,кг,500,900.0
2025-12-23,2,Свинина,1.1,кг,400,440.0
2025-12-23,2,Рыба (филе),0.8,кг,600,480.0
2025-12-23,2,Помидоры,1.9,кг,120,228.0
2025-12-23,2,Огурцы,1.4,кг,100,140.0
2025-12-23,2,Сыр твердый,1.1,кг,450,495.0
2025-12-23,2,Сыр пармезан,0.4,кг,800,320.0
2025-12-23,2,Сливки,1.4,л,200,280.0
2025-12-23,2,Молоко,2.2,л,70,154.0
2025-12-23,2,Мука,1.1,кг,50,55.0
2025-12-23,2,Сахар,0.6,кг,60,36.0
2025-12-23,2,Чай листовой,0.2,кг,500,100.0
2025-12-23,2,Соки,2.3,л,120,276.0
2025-12-23,2,Пиво,2.2,л,150,330.0
2025-12-23,4,Говядина,1.2,кг,500,600.0
2025-12-23,4,Свинина,1.0,кг,400,400.0
2025-12-23,4,Креветки,0.6,кг,800,480.0
2025-12-23,4,Помидоры,1.8,кг,120,216.0
2025-12-23,4,Салат айсберг,1.0,кг,150,150.0
2025-12-23,4,Картофель,3.2,кг,40,128.0
2025-12-23,4,Сыр твердый,1.0,кг,450,450.0
2025-12-23,4,Сыр пармезан,0.4,кг,800,320.0
2025-12-23,4,Сливки,1.8,л,200,360.0
2025-12-23,4,Молоко,1.9,л,70,133.0
2025-12-23,4,Макароны,1.8,кг,80,144.0
2025-12-23,4,Мука,1.2,кг,50,60.0
2025-12-23,4,Сахар,0.4,кг,60,24.0
2025-12-23,4,Кофе в зернах,0.2,кг,800,160.0
2025-12-23,4,Чай листовой,0.1,кг,500,50.0
2025-12-23,4,Соки,2.4,л,120,288.0
2025-12-23,4,Пиво,2.3,л,150,345.0
2025-12-23,7,Куриное филе,2.7,кг,250,675.0
2025-12-23,7,Говядина,1.4,кг,500,700.0
2025-12-23,7,Креветки,0.6,кг,800,480.0
2025-12-23,7,Помидоры,1.9,кг,120,228.0
2025-12-23,7,Огурцы,1.7,кг,100,170.0
2025-12-23,7,Салат айсберг,0.9,кг,150,135.0
2025-12-23,7,Картофель,3.2,кг,40,128.0
2025-12-23,7,Сыр пармезан,0.5,кг,800,400.0
2025-12-23,7,Мука,1.0,кг,50,50.0
2025-12-23,7,Сахар,0.6,кг,60,36.0
2025-12-23,7,Кофе в зернах,0.2,кг,800,160.0
2025-12-23,7,Пиво,2.3,л,150,345.0
2025-12-23,9,Куриное филе,2.2,кг,250,550.0
2025-12-23,9,Говядина,1.4,кг,500,700.0
2025-12-23,9,Свинина,1.0,кг,400,400.0
2025-12-23,9,Рыба (филе),1.1,кг,600,660.0
2025-12-23,9,Креветки,0.6,кг,800,480.0
2025-12-23,9,Помидоры,1.9,кг,120,228.0
2025-12-23,9,Огурцы,1.7,кг,100,170.0
2025-12-23,9,Картофель,4.5,кг,40,180.0
2025-12-23,9,Сыр твердый,0.9,кг,450,405.0
2025-12-23,9,Сыр пармезан,0.5,кг,800,400.0
2025-12-23,9,Сливки,1.5,л,200,300.0
2025-12-23,9,Молоко,2.4,л,70,168.0
2025-12-23,9,Макароны,1.9,кг,80,152.0
2025-12-23,9,Рис,1.4,кг,90,126.0
2025-12-23,9,Мука,0.9,кг,50,45.0
2025-12-23,9,Сахар,0.5,кг,60,30.0
2025-12-23,9,Пиво,3.0,л,150,450.0
2025-12-24,1,Куриное филе,2.9,кг,250,725.0
2025-12-24,1,Свинина,1.2,кг,400,480.0
2025-12-24,1,Рыба (филе),0.9,кг,600,540.0
2025-12-24,1,Помидоры,1.9,кг,120,228.0
2025-12-24,1,Огурцы,1.6,кг,100,160.0
2025-12-24,1,Салат айсберг,1.1,кг,150,165.0
2025-12-24,1,Сыр твердый,1.1,кг,450,495.0
2025-12-24,1,Сливки,1.2,л,200,240.0
2025-12-24,1,Молоко,2.4,л,70,168.0
2025-12-24,1,Макароны,2.2,кг,80,176.0
2025-12-24,1,Мука,1.0,кг,50,50.0
2025-12-24,1,Кофе в зернах,0.3,кг,800,240.0
2025-12-24,1,Чай листовой,0.2,кг,500,100.0
2025-12-24,1,Соки,1.8,л,120,216.0
2025-12-24,1,Пиво,2.5,л,150,375.0
2025-12-24,2,Куриное филе,2.6,кг,250,650.0
2025-12-24,2,Свинина,1.0,кг,400,400.0
2025-12-24,2,Креветки,0.4,кг,800,320.0
2025-12-24,2,Помидоры,2.0,кг,120,240.0
2025-12-24,2,Салат айсберг,0.9,кг,150,135.0
2025-12-24,2,Картофель,4.0,кг,40,160.0
2025-12-24,2,Сыр пармезан,0.5,кг,800,400.0
2025-12-24,2,Сливки,1.3,л,200,260.0
2025-12-24,2,Молоко,2.5,л,70,175.0
2025-12-24,2,Макароны,2.0,кг,80,160.0
2025-12-24,2,Рис,1.5,кг,90,135.0
2025-12-24,2,Мука,0.8,кг,50,40.0
2025-12-24,2,Сахар,0.5,кг,60,30.0
2025-12-24,4,Говядина,1.3,кг,500,650.0
2025-12-24,4,Рыба (филе),1.1,кг,600,660.0
2025-12-24,4,Помидоры,1.7,кг,120,204.0
2025-12-24,4,Огурцы,1.8,кг,100,180.0
2025-12-24,4,Салат айсберг,1.1,кг,150,165.0
2025-12-24,4,Картофель,4.3,кг,40,172.0
2025-12-24,4,Сыр твердый,0.9,кг,450,405.0
2025-12-24,4,Сливки,1.8,л,200,360.0
2025-12-24,4,Рис,1.7,кг,90,153.0
2025-12-24,4,Мука,0.8,кг,50,40.0
2025-12-24,4,Сахар,0.5,кг,60,30.0
2025-12-24,4,Кофе в зернах,0.3,кг,800,240.0
2025-12-24,4,Соки,2.0,л,120,240.0
2025-12-24,4,Пиво,3.0,л,150,450.0
2025-12-24,5,Куриное филе,2.2,кг,250,550.0
2025-12-24,5,Говядина,1.6,кг,500,800.0
2025-12-24,5,Свинина,1.1,кг,400,440.0
2025-12-24,5,Рыба (филе),1.1,кг,600,660.0
2025-12-24,5,Креветки,0.6,кг,800,480.0
2025-12-24,5,Помидоры,2.1,кг,120,252.0
2025-12-24,5,Огурцы,1.6,кг,100,160.0
2025-12-24,5,Картофель,3.8,кг,40,152.0
2025-12-24,5,Сыр твердый,0.9,кг,450,405.0
2025-12-24,5,Молоко,2.6,л,70,182.0
2025-12-24,5,Макароны,2.1,кг,80,168.0
2025-12-24,5,Мука,1.1,кг,50,55.0
2025-12-24,5,Сахар,0.4,кг,60,24.0
2025-12-24,5,Чай листовой,0.2,кг,500,100.0
2025-12-24,5,Соки,2.0,л,120,240.0
2025-12-24,8,Свинина,1.1,кг,400,440.0
2025-12-24,8,Рыба (филе),1.2,кг,600,720.0
2025-12-24,8,Креветки,0.4,кг,800,320.0
2025-12-24,8,Помидоры,2.0,кг,120,240.0
2025-12-24,8,Огурцы,1.9,кг,100,190.0
2025-12-24,8,Салат айсберг,1.0,кг,150,150.0
2025-12-24,8,Картофель,3.8,кг,40,152.0
2025-12-24,8,Сыр твердый,1.1,кг,450,495.0
2025-12-24,8,Сыр пармезан,0.5,кг,800,400.0
2025-12-24,8,Сливки,1.4,л,200,280.0
2025-12-24,8,Молоко,3.0,л,70,210.0
2025-12-24,8,Макароны,1.7,кг,80,136.0
2025-12-24,8,Рис,1.6,кг,90,144.0
2025-12-24,8,Сахар,0.5,кг,60,30.0
2025-12-24,8,Кофе в зернах,0.2,кг,800,160.0
2025-12-24,8,Чай листовой,0.1,кг,500,50.0
2025-12-24,8,Соки,2.2,л,120,264.0
2025-12-24,8,Пиво,2.4,л,150,360.0
2025-12-25,1,Куриное филе,2.7,кг,250,675.0
2025-12-25,1,Говядина,1.4,кг,500,700.0
2025-12-25,1,Свинина,1.2,кг,400,480.0
2025-12-25,1,Рыба (филе),1.0,кг,600,600.0
2025-12-25,1,Помидоры,1.8,кг,120,216.0
2025-12-25,1,Салат айсберг,0.9,кг,150,135.0
2025-12-25,1,Сыр пармезан,0.5,кг,800,400.0
2025-12-25,1,Сливки,1.3,л,200,260.0
2025-12-25,1,Молоко,2.9,л,70,203.0
2025-12-25,1,Макароны,2.0,кг,80,160.0
2025-12-25,1,Мука,1.1,кг,50,55.0
2025-12-25,1,Сахар,0.6,кг,60,36.0
2025-12-25,1,Кофе в зернах,0.2,кг,800,160.0
2025-12-25,1,Чай листовой,0.2,кг,500,100.0
2025-12-25,1,Соки,2.5,л,120,300.0
2025-12-25,2,Куриное филе,2.7,кг,250,675.0
2025-12-25,2,Свинина,0.9,кг,400,360.0
2025-12-25,2,Рыба (филе),0.9,кг,600,540.0
2025-12-25,2,Креветки,0.4,кг,800,320.0
2025-12-25,2,Помидоры,1.6,кг,120,192.0
2025-12-25,2,Огурцы,1.3,кг,100,130.0
2025-12-25,2,Салат айсберг,1.2,кг,150,180.0
2025-12-25,2,Картофель,4.2,кг,40,168.0
2025-12-25,2,Сыр пармезан,0.5,кг,800,400.0
2025-12-25,2,Макароны,1.8,кг,80,144.0
2025-12-25,2,Рис,1.4,кг,90,126.0
2025-12-25,2,Мука,0.9,кг,50,45.0
2025-12-25,2,Сахар,0.5,кг,60,30.0
2025-12-25,2,Чай листовой,0.2,кг,500,100.0
2025-12-25,2,Соки,1.7,л,120,204.0
2025-12-25,2,Пиво,2.7,л,150,405.0
2025-12-25,7,Свинина,1.0,кг,400,400.0
2025-12-25,7,Рыба (филе),1.0,кг,600,600.0
2025-12-25,7,Креветки,0.5,кг,800,400.0
2025-12-25,7,Помидоры,1.9,кг,120,228.0
2025-12-25,7,Огурцы,1.3,кг,100,130.0
2025-12-25,7,Картофель,4.6,кг,40,184.0
2025-12-25,7,Сыр твердый,1.2,кг,450,540.0
2025-12-25,7,Сыр пармезан,0.6,кг,800,480.0
2025-12-25,7,Сливки,1.3,л,200,260.0
2025-12-25,7,Молоко,2.6,л,70,182.0
2025-12-25,7,Макароны,1.9,кг,80,152.0
2025-12-25,7,Рис,1.2,кг,90,108.0
2025-12-25,7,Сахар,0.5,кг,60,30.0
2025-12-25,7,Соки,1.9,л,120,228.0
2025-12-25,7,Пиво,2.7,л,150,405.0
2025-12-25,8,Куриное филе,2.5,кг,250,625.0
2025-12-25,8,Рыба (филе),0.8,кг,600,480.0
2025-12-25,8,Креветки,0.5,кг,800,400.0
2025-12-25,8,Огурцы,1.4,кг,100,140.0
2025-12-25,8,Картофель,4.1,кг,40,164.0
2025-12-25,8,Сыр твердый,1.0,кг,450,450.0
2025-12-25,8,Сыр пармезан,0.5,кг,800,400.0
2025-12-25,8,Макароны,2.0,кг,80,160.0
2025-12-25,8,Рис,1.7,кг,90,153.0
2025-12-25,8,Мука,1.0,кг,50,50.0
2025-12-25,8,Кофе в зернах,0.3,кг,800,240.0
2025-12-25,8,Чай листовой,0.2,кг,500,100.0
2025-12-25,8,Пиво,2.9,л,150,435.0
2025-12-25,9,Свинина,1.0,кг,400,400.0
2025-12-25,9,Рыба (филе),0.9,кг,600,540.0
2025-12-25,9,Креветки,0.5,кг,800,400.0
2025-12-25,9,Помидоры,2.0,кг,120,240.0
2025-12-25,9,Огурцы,1.3,кг,100,130.0
2025-12-25,9,Салат айсберг,1.1,кг,150,165.0
2025-12-25,9,Картофель,4.5,кг,40,180.0
2025-12-25,9,Сыр твердый,1.0,кг,450,450.0
2025-12-25,9,Сыр пармезан,0.4,кг,800,320.0
2025-12-25,9,Макароны,1.7,кг,80,136.0
2025-12-25,9,Мука,1.1,кг,50,55.0
2025-12-25,9,Сахар,0.4,кг,60,24.0
2025-12-25,9,Кофе в зернах,0.3,кг,800,240.0
2025-12-25,9,Чай листовой,0.1,кг,500,50.0
2025-12-25,9,Соки,2.1,л,120,252.0
2025-12-25,9,Пиво,3.1,л,150,465.0
2025-12-25,10,Рыба (филе),1.2,кг,600,720.0
2025-12-25,10,Помидоры,2.4,кг,120,288.0
2025-12-25,10,Салат айсберг,1.0,кг,150,150.0
2025-12-25,10,Картофель,4.1,кг,40,164.0
2025-12-25,10,Сыр пармезан,0.6,кг,800,480.0
2025-12-25,10,Сливки,1.8,л,200,360.0
2025-12-25,10,Макароны,1.9,кг,80,152.0
2025-12-25,10,Рис,1.8,кг,90,162.0
2025-12-25,10,Сахар,0.5,кг,60,30.0
2025-12-25,10,Соки,2.3,л,120,276.0
2025-12-25,10,Пиво,2.4,л,150,360.0
2025-12-26,2,Говядина,1.5,кг,500,750.0
2025-12-26,2,Рыба (филе),0.9,кг,600,540.0
2025-12-26,2,Огурцы,1.3,кг,100,130.0
2025-12-26,2,Картофель,4.3,кг,40,172.0
2025-12-26,2,Сыр твердый,0.9,кг,450,405.0
2025-12-26,2,Сливки,1.5,л,200,300.0
2025-12-26,2,Макароны,2.2,кг,80,176.0
2025-12-26,2,Рис,1.5,кг,90,135.0
2025-12-26,2,Мука,0.8,кг,50,40.0
2025-12-26,2,Кофе в зернах,0.2,кг,800,160.0
2025-12-26,2,Чай листовой,0.1,кг,500,50.0
2025-12-26,2,Пиво,2.4,л,150,360.0
2025-12-26,3,Говядина,1.7,кг,500,850.0
2025-12-26,3,Рыба (филе),0.9,кг,600,540.0
2025-12-26,3,Креветки,0.4,кг,800,320.0
2025-12-26,3,Помидоры,2.6,кг,120,312.0
2025-12-26,3,Салат айсберг,0.9,кг,150,135.0
2025-12-26,3,Сыр твердый,0.9,кг,450,405.0
2025-12-26,3,Сливки,1.8,л,200,360.0
2025-12-26,3,Рис,1.7,кг,90,153.0
2025-12-26,3,Мука,1.0,кг,50,50.0
2025-12-26,3,Сахар,0.6,кг,60,36.0
2025-12-26,3,Кофе в зернах,0.3,кг,800,240.0
2025-12-26,3,Чай листовой,0.1,кг,500,50.0
2025-12-26,3,Соки,1.6,л,120,192.0
2025-12-26,3,Пиво,2.6,л,150,390.0
2025-12-26,4,Говядина,1.2,кг,500,600.0
2025-12-26,4,Свинина,0.8,кг,400,320.0
2025-12-26,4,Рыба (филе),1.0,кг,600,600.0
2025-12-26,4,Креветки,0.5,кг,800,400.0
2025-12-26,4,Огурцы,1.7,кг,100,170.0
2025-12-26,4,Картофель,4.1,кг,40,164.0
2025-12-26,4,Сливки,1.2,л,200,240.0
2025-12-26,4,Молоко,2.6,л,70,182.0
2025-12-26,4,Макароны,1.6,кг,80,128.0
2025-12-26,4,Рис,1.6,кг,90,144.0
2025-12-26,4,Мука,1.1,кг,50,55.0
2025-12-26,4,Сахар,0.5,кг,60,30.0
2025-12-26,4,Кофе в зернах,0.3,кг,800,240.0
2025-12-26,4,Чай листовой,0.2,кг,500,100.0
2025-12-26,4,Соки,2.4,л,120,288.0
2025-12-26,4,Пиво,2.7,л,150,405.0
2025-12-26,6,Куриное филе,2.6,кг,250,650.0
2025-12-26,6,Говядина,1.3,кг,500,650.0
2025-12-26,6,Свинина,1.1,кг,400,440.0
2025-12-26,6,Креветки,0.6,кг,800,480.0
2025-12-26,6,Помидоры,2.1,кг,120,252.0
2025-12-26,6,Огурцы,1.7,кг,100,170.0
2025-12-26,6,Салат айсберг,1.1,кг,150,165.0
2025-12-26,6,Сыр твердый,0.8,кг,450,360.0
2025-12-26,6,Сыр пармезан,0.5,кг,800,400.0
2025-12-26,6,Сливки,1.7,л,200,340.0
2025-12-26,6,Макароны,2.3,кг,80,184.0
2025-12-26,6,Рис,1.3,кг,90,117.0
2025-12-26,6,Сахар,0.4,кг,60,24.0
2025-12-26,6,Кофе в зернах,0.3,кг,800,240.0
2025-12-26,6,Соки,2.0,л,120,240.0
2025-12-26,8,Говядина,1.4,кг,500,700.0
2025-12-26,8,Свинина,0.9,кг,400,360.0
2025-12-26,8,Огурцы,1.2,кг,100,120.0
2025-12-26,8,Салат айсберг,1.0,кг,150,150.0
2025-12-26,8,Картофель,3.7,кг,40,148.0
2025-12-26,8,Сливки,1.3,л,200,260.0
2025-12-26,8,Молоко,3.0,л,70,210.0
2025-12-26,8,Макароны,1.7,кг,80,136.0
2025-12-26,8,Рис,1.3,кг,90,117.0
2025-12-26,8,Мука,1.0,кг,50,50.0
2025-12-26,8,Сахар,0.6,кг,60,36.0
2025-12-26,8,Кофе в зернах,0.2,кг,800,160.0
2025-12-26,8,Чай листовой,0.2,кг,500,100.0
2025-12-26,8,Соки,2.4,л,120,288.0
2025-12-26,10,Куриное филе,2.0,кг,250,500.0
2025-12-26,10,Говядина,1.6,кг,500,800.0
2025-12-26,10,Свинина,0.9,кг,400,360.0
2025-12-26,10,Рыба (филе),1.2,кг,600,720.0
2025-12-26,10,Помидоры,2.1,кг,120,252.0
2025-12-26,10,Огурцы,1.2,кг,100,120.0
2025-12-26,10,Салат айсберг,0.9,кг,150,135.0
2025-12-26,10,Картофель,3.7,кг,40,148.0
2025-12-26,10,Сыр пармезан,0.5,кг,800,400.0
2025-12-26,10,Сливки,1.6,л,200,320.0
2025-12-26,10,Молоко,2.8,л,70,196.0
2025-12-26,10,Макароны,2.3,кг,80,184.0
2025-12-26,10,Мука,1.1,кг,50,55.0
2025-12-26,10,Сахар,0.5,кг,60,30.0
2025-12-26,10,Чай листовой,0.2,кг,500,100.0
2025-12-26,10,Соки,2.5,л,120,300.0
2025-12-26,10,Пиво,2.7,л,150,405.0
2025-12-27,1,Куриное филе,2.2,кг,250,550.0
2025-12-27,1,Говядина,1.5,кг,500,750.0
2025-12-27,1,Свинина,1.1,кг,400,440.0
2025-12-27,1,Креветки,0.5,кг,800,400.0
2025-12-27,1,Помидоры,2.1,кг,120,252.0
2025-12-27,1,Картофель,4.2,кг,40,168.0
2025-12-27,1,Сыр твердый,0.9,кг,450,405.0
2025-12-27,1,Молоко,2.2,л,70,154.0
2025-12-27,1,Макароны,2.1,кг,80,168.0
2025-12-27,1,Рис,1.4,кг,90,126.0
2025-12-27,1,Кофе в зернах,0.3,кг,800,240.0
2025-12-27,1,Чай листовой,0.1,кг,500,50.0
2025-12-27,1,Соки,2.0,л,120,240.0
2025-12-27,1,Пиво,2.4,л,150,360.0
2025-12-27,2,Куриное филе,2.5,кг,250,625.0
2025-12-27,2,Говядина,1.3,кг,500,650.0
2025-12-27,2,Рыба (филе),1.1,кг,600,660.0
2025-12-27,2,Креветки,0.4,кг,800,320.0
2025-12-27,2,Помидоры,2.1,кг,120,252.0
2025-12-27,2,Огурцы,1.6,кг,100,160.0
2025-12-27,2,Салат айсберг,1.2,кг,150,180.0
2025-12-27,2,Картофель,3.2,кг,40,128.0
2025-12-27,2,Сыр твердый,1.1,кг,450,495.0
2025-12-27,2,Сливки,1.3,л,200,260.0
2025-12-27,2,Молоко,2.6,л,70,182.0
2025-12-27,2,Макароны,1.9,кг,80,152.0
2025-12-27,2,Рис,1.7,кг,90,153.0
2025-12-27,2,Кофе в зернах,0.3,кг,800,240.0
2025-12-27,2,Соки,2.1,л,120,252.0
2025-12-27,2,Пиво,2.7,л,150,405.0
2025-12-27,3,Куриное филе,2.4,кг,250,600.0
2025-12-27,3,Свинина,0.9,кг,400,360.0
2025-12-27,3,Рыба (филе),0.9,кг,600,540.0
2025-12-27,3,Огурцы,1.4,кг,100,140.0
2025-12-27,3,Картофель,4.0,кг,40,160.0
2025-12-27,3,Сыр пармезан,0.5,кг,800,400.0
2025-12-27,3,Сливки,1.7,л,200,340.0
2025-12-27,3,Молоко,2.4,л,70,168.0
2025-12-27,3,Рис,1.8,кг,90,162.0
2025-12-27,3,Мука,0.9,кг,50,45.0
2025-12-27,3,Сахар,0.6,кг,60,36.0
2025-12-27,3,Кофе в зернах,0.2,кг,800,160.0
2025-12-27,3,Соки,1.9,л,120,228.0
2025-12-27,6,Куриное филе,2.4,кг,250,600.0
2025-12-27,6,Говядина,1.4,кг,500,700.0
2025-12-27,6,Свинина,0.8,кг,400,320.0
2025-12-27,6,Огурцы,1.4,кг,100,140.0
2025-12-27,6,Картофель,3.6,кг,40,144.0
2025-12-27,6,Сыр твердый,1.0,кг,450,450.0
2025-12-27,6,Сыр пармезан,0.4,кг,800,320.0
2025-12-27,6,Молоко,2.7,л,70,189.0
2025-12-27,6,Рис,1.6,кг,90,144.0
2025-12-27,6,Мука,1.0,кг,50,50.0
2025-12-27,6,Соки,2.2,л,120,264.0
2025-12-27,6,Пиво,2.4,л,150,360.0
2025-12-27,7,Куриное филе,2.5,кг,250,625.0
2025-12-27,7,Говядина,1.5,кг,500,750.0
2025-12-27,7,Свинина,1.3,кг,400,520.0
2025-12-27,7,Рыба (филе),1.2,кг,600,720.0
2025-12-27,7,Креветки,0.5,кг,800,400.0
2025-12-27,7,Помидоры,1.9,кг,120,228.0
2025-12-27,7,Огурцы,1.2,кг,100,120.0
2025-12-27,7,Салат айсберг,1.1,кг,150,165.0
2025-12-27,7,Картофель,4.0,кг,40,160.0
2025-12-27,7,Сыр пармезан,0.5,кг,800,400.0
2025-12-27,7,Сливки,1.7,л,200,340.0
2025-12-27,7,Молоко,2.8,л,70,196.0
2025-12-27,7,Макароны,1.9,кг,80,152.0
2025-12-27,7,Рис,1.9,кг,90,171.0
2025-12-27,7,Мука,1.3,кг,50,65.0
2025-12-27,7,Сахар,0.6,кг,60,36.0
2025-12-27,7,Кофе в зернах,0.3,кг,800,240.0
2025-12-27,7,Чай листовой,0.1,кг,500,50.0
2025-12-27,7,Соки,2.1,л,120,252.0
2025-12-27,7,Пиво,2.4,л,150,360.0
2025-12-27,8,Куриное филе,3.1,кг,250,775.0
2025-12-27,8,Свинина,1.0,кг,400,400.0
2025-12-27,8,Креветки,0.5,кг,800,400.0
2025-12-27,8,Помидоры,2.0,кг,120,240.0
2025-12-27,8,Картофель,4.3,кг,40,172.0
2025-12-27,8,Сыр твердый,1.1,кг,450,495.0
2025-12-27,8,Сливки,1.4,л,200,280.0
2025-12-27,8,Макароны,2.4,кг,80,192.0
2025-12-27,8,Рис,1.2,кг,90,108.0
2025-12-27,8,Мука,0.8,кг,50,40.0
2025-12-27,8,Сахар,0.4,кг,60,24.0
2025-12-27,8,Чай листовой,0.1,кг,500,50.0
2025-12-27,8,Пиво,2.6,л,150,390.0
2025-12-27,9,Куриное филе,2.2,кг,250,550.0
2025-12-27,9,Говядина,1.7,кг,500,850.0
2025-12-27,9,Свинина,0.9,кг,400,360.0
2025-12-27,9,Креветки,0.6,кг,800,480.0
2025-12-27,9,Огурцы,1.7,кг,100,170.0
2025-12-27,9,Картофель,4.3,кг,40,172.0
2025-12-27,9,Сыр твердый,1.2,кг,450,540.0
2025-12-27,9,Сливки,1.4,л,200,280.0
2025-12-27,9,Молоко,2.6,л,70,182.0
2025-12-27,9,Макароны,1.6,кг,80,128.0
2025-12-27,9,Рис,1.7,кг,90,153.0
2025-12-27,9,Мука,0.9,кг,50,45.0
2025-12-27,9,Сахар,0.4,кг,60,24.0
2025-12-27,9,Чай листовой,0.1,кг,500,50.0
2025-12-27,9,Соки,1.8,л,120,216.0
2025-12-27,9,Пиво,3.0,л,150,450.0
2025-12-28,2,Говядина,1.6,кг,500,800.0
2025-12-28,2,Свинина,1.0,кг,400,400.0
2025-12-28,2,Рыба (филе),1.1,кг,600,660.0
2025-12-28,2,Креветки,0.5,кг,800,400.0
2025-12-28,2,Огурцы,1.7,кг,100,170.0
2025-12-28,2,Салат айсберг,1.2,кг,150,180.0
2025-12-28,2,Картофель,3.8,кг,40,152.0
2025-12-28,2,Сыр пармезан,0.5,кг,800,400.0
2025-12-28,2,Сливки,1.9,л,200,380.0
2025-12-28,2,Молоко,3.0,л,70,210.0
2025-12-28,2,Мука,0.9,кг,50,45.0
2025-12-28,2,Кофе в зернах,0.3,кг,800,240.0
2025-12-28,2,Чай листовой,0.1,кг,500,50.0
2025-12-28,2,Пиво,2.7,л,150,405.0
2025-12-28,4,Рыба (филе),0.9,кг,600,540.0
2025-12-28,4,Креветки,0.5,кг,800,400.0
2025-12-28,4,Огурцы,1.5,кг,100,150.0
2025-12-28,4,Салат айсберг,0.9,кг,150,135.0
2025-12-28,4,Сыр твердый,1.0,кг,450,450.0
2025-12-28,4,Сыр пармезан,0.5,кг,800,400.0
2025-12-28,4,Сливки,1.5,л,200,300.0
2025-12-28,4,Макароны,2.2,кг,80,176.0
2025-12-28,4,Рис,1.9,кг,90,171.0
2025-12-28,4,Мука,1.2,кг,50,60.0
2025-12-28,4,Сахар,0.5,кг,60,30.0
2025-12-28,4,Пиво,2.4,л,150,360.0
2025-12-28,6,Куриное филе,2.4,кг,250,600.0
2025-12-28,6,Говядина,1.5,кг,500,750.0
2025-12-28,6,Свинина,1.1,кг,400,440.0
2025-12-28,6,Рыба (филе),1.2,кг,600,720.0
2025-12-28,6,Креветки,0.4,кг,800,320.0
2025-12-28,6,Огурцы,1.1,кг,100,110.0
2025-12-28,6,Сыр твердый,1.0,кг,450,450.0
2025-12-28,6,Сыр пармезан,0.5,кг,800,400.0
2025-12-28,6,Молоко,2.4,л,70,168.0
2025-12-28,6,Макароны,1.9,кг,80,152.0
2025-12-28,6,Рис,1.6,кг,90,144.0
2025-12-28,6,Мука,0.9,кг,50,45.0
2025-12-28,6,Кофе в зернах,0.2,кг,800,160.0
2025-12-28,6,Чай листовой,0.2,кг,500,100.0
2025-12-28,6,Пиво,2.2,л,150,330.0
2025-12-28,7,Свинина,0.9,кг,400,360.0
2025-12-28,7,Рыба (филе),0.8,кг,600,480.0
2025-12-28,7,Креветки,0.5,кг,800,400.0
2025-12-28,7,Помидоры,2.1,кг,120,252.0
2025-12-28,7,Салат айсберг,1.0,кг,150,150.0
2025-12-28,7,Картофель,3.6,кг,40,144.0
2025-12-28,7,Сыр пармезан,0.5,кг,800,400.0
2025-12-28,7,Сливки,1.8,л,200,360.0
2025-12-28,7,Молоко,2.7,л,70,189.0
2025-12-28,7,Макароны,1.9,кг,80,152.0
2025-12-28,7,Мука,1.0,кг,50,50.0
2025-12-28,7,Сахар,0.5,кг,60,30.0
2025-12-28,7,Соки,1.9,л,120,228.0
2025-12-28,7,Пиво,2.2,л,150,330.0
2025-12-28,9,Куриное филе,2.4,кг,250,600.0
2025-12-28,9,Говядина,1.4,кг,500,700.0
2025-12-28,9,Свинина,1.0,кг,400,400.0
2025-12-28,9,Рыба (филе),1.2,кг,600,720.0
2025-12-28,9,Креветки,0.5,кг,800,400.0
2025-12-28,9,Огурцы,1.9,кг,100,190.0
2025-12-28,9,Салат айсберг,1.0,кг,150,150.0
2025-12-28,9,Сыр твердый,1.1,кг,450,495.0
2025-12-28,9,Сливки,1.4,л,200,280.0
2025-12-28,9,Макароны,2.1,кг,80,168.0
2025-12-28,9,Рис,1.4,кг,90,126.0
2025-12-28,9,Сахар,0.6,кг,60,36.0
2025-12-28,9,Кофе в зернах,0.2,кг,800,160.0
2025-12-28,9,Пиво,2.9,л,150,435.0
2025-12-28,10,Куриное филе,2.3,кг,250,575.0
2025-12-28,10,Говядина,1.2,кг,500,600.0
2025-12-28,10,Рыба (филе),1.2,кг,600,720.0
2025-12-28,10,Креветки,0.6,кг,800,480.0
2025-12-28,10,Помидоры,2.0,кг,120,240.0
2025-12-28,10,Огурцы,1.6,кг,100,160.0
2025-12-28,10,Салат айсберг,1.1,кг,150,165.0
2025-12-28,10,Сыр твердый,1.1,кг,450,495.0
2025-12-28,10,Сыр пармезан,0.5,кг,800,400.0
2025-12-28,10,Рис,1.7,кг,90,153.0
2025-12-28,10,Мука,0.9,кг,50,45.0
2025-12-28,10,Кофе в зернах,0.3,кг,800,240.0
2025-12-28,10,Чай листовой,0.2,кг,500,100.0
2025-12-28,10,Соки,2.2,л,120,264.0
2025-12-29,1,Говядина,1.3,кг,500,650.0
2025-12-29,1,Рыба (филе),1.0,кг,600,600.0
2025-12-29,1,Креветки,0.5,кг,800,400.0
2025-12-29,1,Помидоры,2.1,кг,120,252.0
2025-12-29,1,Картофель,3.2,кг,40,128.0
2025-12-29,1,Сыр пармезан,0.5,кг,800,400.0
2025-12-29,1,Сливки,1.1,л,200,220.0
2025-12-29,1,Молоко,2.8,л,70,196.0
2025-12-29,1,Макароны,2.1,кг,80,168.0
2025-12-29,1,Рис,1.6,кг,90,144.0
2025-12-29,1,Мука,1.1,кг,50,55.0
2025-12-29,1,Сахар,0.4,кг,60,24.0
2025-12-29,1,Кофе в зернах,0.2,кг,800,160.0
2025-12-29,3,Говядина,1.6,кг,500,800.0
2025-12-29,3,Рыба (филе),1.0,кг,600,600.0
2025-12-29,3,Креветки,0.5,кг,800,400.0
2025-12-29,3,Огурцы,1.6,кг,100,160.0
2025-12-29,3,Картофель,3.8,кг,40,152.0
2025-12-29,3,Сыр твердый,1.0,кг,450,450.0
2025-12-29,3,Молоко,2.9,л,70,203.0
2025-12-29,3,Макароны,2.3,кг,80,184.0
2025-12-29,3,Рис,1.7,кг,90,153.0
2025-12-29,3,Мука,1.1,кг,50,55.0
2025-12-29,3,Сахар,0.6,кг,60,36.0
2025-12-29,3,Кофе в зернах,0.2,кг,800,160.0
2025-12-29,3,Чай листовой,0.2,кг,500,100.0
2025-12-29,3,Соки,2.0,л,120,240.0
2025-12-29,4,Куриное филе,2.3,кг,250,575.0
2025-12-29,4,Говядина,1.6,кг,500,800.0
2025-12-29,4,Свинина,0.9,кг,400,360.0
2025-12-29,4,Рыба (филе),0.8,кг,600,480.0
2025-12-29,4,Креветки,0.4,кг,800,320.0
2025-12-29,4,Помидоры,2.1,кг,120,252.0
2025-12-29,4,Огурцы,1.4,кг,100,140.0
2025-12-29,4,Картофель,3.6,кг,40,144.0
2025-12-29,4,Сыр пармезан,0.5,кг,800,400.0
2025-12-29,4,Молоко,2.0,л,70,140.0
2025-12-29,4,Макароны,2.3,кг,80,184.0
2025-12-29,4,Мука,1.2,кг,50,60.0
2025-12-29,4,Сахар,0.4,кг,60,24.0
2025-12-29,4,Кофе в зернах,0.2,кг,800,160.0
2025-12-29,4,Соки,2.5,л,120,300.0
2025-12-29,4,Пиво,2.4,л,150,360.0
2025-12-29,9,Куриное филе,2.7,кг,250,675.0
2025-12-29,9,Говядина,1.8,кг,500,900.0
2025-12-29,9,Свинина,0.9,кг,400,360.0
2025-12-29,9,Рыба (филе),1.1,кг,600,660.0
2025-12-29,9,Креветки,0.5,кг,800,400.0
2025-12-29,9,Картофель,4.6,кг,40,184.0
2025-12-29,9,Сыр пармезан,0.5,кг,800,400.0
2025-12-29,9,Сливки,1.4,л,200,280.0
2025-12-29,9,Макароны,2.4,кг,80,192.0
2025-12-29,9,Мука,1.0,кг,50,50.0
2025-12-29,9,Чай листовой,0.1,кг,500,50.0
2025-12-29,9,Соки,1.9,л,120,228.0
2025-12-30,3,Говядина,1.6,кг,500,800.0
2025-12-30,3,Рыба (филе),0.9,кг,600,540.0
2025-12-30,3,Огурцы,1.6,кг,100,160.0
2025-12-30,3,Салат айсберг,1.0,кг,150,150.0
2025-12-30,3,Сыр твердый,1.0,кг,450,450.0
2025-12-30,3,Сыр пармезан,0.6,кг,800,480.0
2025-12-30,3,Сливки,1.4,л,200,280.0
2025-12-30,3,Молоко,2.3,л,70,161.0
2025-12-30,3,Макароны,1.9,кг,80,152.0
2025-12-30,3,Рис,1.8,кг,90,162.0
2025-12-30,3,Мука,1.0,кг,50,50.0
2025-12-30,3,Сахар,0.5,кг,60,30.0
2025-12-30,3,Кофе в зернах,0.2,кг,800,160.0
2025-12-30,3,Чай листовой,0.2,кг,500,100.0
2025-12-30,3,Соки,1.8,л,120,216.0
2025-12-30,6,Куриное филе,2.6,кг,250,650.0
2025-12-30,6,Свинина,1.2,кг,400,480.0
2025-12-30,6,Огурцы,1.5,кг,100,150.0
2025-12-30,6,Салат айсберг,1.1,кг,150,165.0
2025-12-30,6,Сыр пармезан,0.5,кг,800,400.0
2025-12-30,6,Сливки,1.4,л,200,280.0
2025-12-30,6,Молоко,2.8,л,70,196.0
2025-12-30,6,Макароны,1.9,кг,80,152.0
2025-12-30,6,Сахар,0.6,кг,60,36.0
2025-12-30,6,Кофе в зернах,0.3,кг,800,240.0
2025-12-30,6,Соки,2.3,л,120,276.0
2025-12-30,6,Пиво,2.4,л,150,360.0
2025-12-31,1,Куриное филе,2.8,кг,250,700.0
2025-12-31,1,Говядина,1.6,кг,500,800.0
2025-12-31,1,Свинина,1.2,кг,400,480.0
2025-12-31,1,Креветки,0.5,кг,800,400.0
2025-12-31,1,Помидоры,1.9,кг,120,228.0
2025-12-31,1,Огурцы,1.8,кг,100,180.0
2025-12-31,1,Салат айсберг,1.0,кг,150,150.0
2025-12-31,1,Сыр твердый,0.9,кг,450,405.0
2025-12-31,1,Сыр пармезан,0.6,кг,800,480.0
2025-12-31,1,Сливки,1.4,л,200,280.0
2025-12-31,1,Макароны,2.1,кг,80,168.0
2025-12-31,1,Рис,1.4,кг,90,126.0
2025-12-31,1,Чай листовой,0.2,кг,500,100.0
2025-12-31,1,Соки,2.0,л,120,240.0
2025-12-31,1,Пиво,2.4,л,150,360.0
2025-12-31,6,Куриное филе,2.3,кг,250,575.0
2025-12-31,6,Говядина,1.2,кг,500,600.0
2025-12-31,6,Свинина,1.1,кг,400,440.0
2025-12-31,6,Рыба (филе),0.9,кг,600,540.0
2025-12-31,6,Креветки,0.6,кг,800,480.0
2025-12-31,6,Помидоры,1.7,кг,120,204.0
2025-12-31,6,Огурцы,1.4,кг,100,140.0
2025-12-31,6,Салат айсберг,1.1,кг,150,165.0
2025-12-31,6,Картофель,4.3,кг,40,172.0
2025-12-31,6,Сыр твердый,0.9,кг,450,405.0
2025-12-31,6,Сыр пармезан,0.6,кг,800,480.0
2025-12-31,6,Сливки,1.3,л,200,260.0
2025-12-31,6,Молоко,2.5,л,70,175.0
2025-12-31,6,Макароны,1.8,кг,80,144.0
2025-12-31,6,Рис,1.2,кг,90,108.0
2025-12-31,6,Мука,1.2,кг,50,60.0
2025-12-31,6,Сахар,0.4,кг,60,24.0
2025-12-31,6,Кофе в зернах,0.3,кг,800,240.0
2025-12-31,6,Соки,2.1,л,120,252.0
2025-12-31,6,Пиво,2.7,л,150,405.0
2025-12-31,8,Говядина,1.7,кг,500,850.0
2025-12-31,8,Свинина,0.9,кг,400,360.0
2025-12-31,8,Рыба (филе),1.0,кг,600,600.0
2025-12-31,8,Креветки,0.5,кг,800,400.0
2025-12-31,8,Помидоры,1.9,кг,120,228.0
2025-12-31,8,Огурцы,1.6,кг,100,160.0
2025-12-31,8,Салат айсберг,1.0,кг,150,150.0
2025-12-31,8,Картофель,3.6,кг,40,144.0
2025-12-31,8,Сыр твердый,1.1,кг,450,495.0
2025-12-31,8,Сливки,1.5,л,200,300.0
2025-12-31,8,Мука,1.0,кг,50,50.0
2025-12-31,8,Кофе в зернах,0.3,кг,800,240.0
2025-12-31,9,Куриное филе,2.4,кг,250,600.0
2025-12-31,9,Говядина,1.6,кг,500,800.0
2025-12-31,9,Свинина,1.1,кг,400,440.0
2025-12-31,9,Рыба (филе),0.9,кг,600,540.0
2025-12-31,9,Креветки,0.6,кг,800,480.0
2025-12-31,9,Огурцы,1.5,кг,100,150.0
2025-12-31,9,Салат айсберг,0.9,кг,150,135.0
2025-12-31,9,Картофель,3.6,кг,40,144.0
2025-12-31,9,Сыр твердый,0.9,кг,450,405.0
2025-12-31,9,Сыр пармезан,0.6,кг,800,480.0
2025-12-31,9,Сливки,1.6,л,200,320.0
2025-12-31,9,Молоко,2.6,л,70,182.0
2025-12-31,9,Макароны,2.3,кг,80,184.0
2025-12-31,9,Сахар,0.4,кг,60,24.0
2025-12-31,9,Чай листовой,0.1,кг,500,50.0
2025-12-31,9,Соки,1.7,л,120,204.0
2025-12-31,9,Пиво,2.9,л,150,435.0
2026-01-01,3,Куриное филе,1.7,кг,250,425.0
2026-01-01,3,Говядина,1.1,кг,500,550.0
2026-01-01,3,Свинина,0.7,кг,400,280.0
2026-01-01,3,Рыба (филе),0.7,кг,600,420.0
2026-01-01,3,Креветки,0.4,кг,800,320.0
2026-01-01,3,Помидоры,1.9,кг,120,228.0
2026-01-01,3,Огурцы,1.4,кг,100,140.0
2026-01-01,3,Салат айсберг,0.9,кг,150,135.0
2026-01-01,3,Картофель,3.3,кг,40,132.0
2026-01-01,3,Сыр твердый,1.0,кг,450,450.0
2026-01-01,3,Сыр пармезан,0.6,кг,800,480.0
2026-01-01,3,Сливки,1.7,л,200,340.0
2026-01-01,3,Молоко,2.6,л,70,182.0
2026-01-01,3,Макароны,2.0,кг,80,160.0
2026-01-01,3,Рис,1.5,кг,90,135.0
2026-01-01,3,Мука,1.0,кг,50,50.0
2026-01-01,3,Сахар,0.5,кг,60,30.0
2026-01-01,3,Кофе в зернах,0.3,кг,800,240.0
2026-01-01,3,Чай листовой,0.1,кг,500,50.0
2026-01-01,3,Соки,1.8,л,120,216.0
2026-01-01,6,Куриное филе,2.2,кг,250,550.0
2026-01-01,6,Свинина,1.2,кг,400,480.0
2026-01-01,6,Рыба (филе),0.9,кг,600,540.0
2026-01-01,6,Креветки,0.6,кг,800,480.0
2026-01-01,6,Помидоры,1.8,кг,120,216.0
2026-01-01,6,Салат айсберг,1.1,кг,150,165.0
2026-01-01,6,Картофель,4.4,кг,40,176.0
2026-01-01,6,Сыр пармезан,0.4,кг,800,320.0
2026-01-01,6,Молоко,2.3,л,70,161.0
2026-01-01,6,Макароны,2.2,кг,80,176.0
2026-01-01,6,Рис,1.4,кг,90,126.0
2026-01-01,6,Мука,1.1,кг,50,55.0
2026-01-01,6,Сахар,0.6,кг,60,36.0
2026-01-01,6,Кофе в зернах,0.3,кг,800,240.0
2026-01-01,6,Соки,2.1,л,120,252.0
2026-01-01,6,Пиво,2.9,л,150,435.0
2026-01-01,8,Свинина,0.7,кг,400,280.0
2026-01-01,8,Огурцы,1.3,кг,100,130.0
2026-01-01,8,Салат айсберг,1.0,кг,150,150.0
2026-01-01,8,Картофель,3.6,кг,40,144.0
2026-01-01,8,Сыр твердый,1.0,кг,450,450.0
2026-01-01,8,Сыр пармезан,0.5,кг,800,400.0
2026-01-01,8,Сливки,1.7,л,200,340.0
2026-01-01,8,Молоко,2.7,л,70,189.0
2026-01-01,8,Макароны,2.1,кг,80,168.0
2026-01-01,8,Сахар,0.5,кг,60,30.0
2026-01-01,8,Кофе в зернах,0.2,кг,800,160.0
2026-01-01,8,Пиво,2.6,л,150,390.0
2026-01-01,10,Говядина,1.7,кг,500,850.0
2026-01-01,10,Свинина,1.0,кг,400,400.0
2026-01-01,10,Рыба (филе),1.1,кг,600,660.0
2026-01-01,10,Креветки,0.5,кг,800,400.0
2026-01-01,10,Помидоры,2.5,кг,120,300.0
2026-01-01,10,Салат айсберг,1.1,кг,150,165.0
2026-01-01,10,Картофель,4.9,кг,40,196.0
2026-01-01,10,Сыр твердый,1.0,кг,450,450.0
2026-01-01,10,Сыр пармезан,0.6,кг,800,480.0
2026-01-01,10,Молоко,2.3,л,70,161.0
2026-01-01,10,Макароны,2.2,кг,80,176.0
2026-01-01,10,Рис,1.7,кг,90,153.0
2026-01-01,10,Сахар,0.6,кг,60,36.0
2026-01-01,10,Кофе в зернах,0.2,кг,800,160.0
2026-01-01,10,Соки,2.3,л,120,276.0
2026-01-01,10,Пиво,2.2,л,150,330.0
2026-01-02,2,Куриное филе,3.1,кг,250,775.0
2026-01-02,2,Говядина,1.6,кг,500,800.0
2026-01-02,2,Рыба (филе),1.2,кг,600,720.0
2026-01-02,2,Креветки,0.6,кг,800,480.0
2026-01-02,2,Помидоры,2.1,кг,120,252.0
2026-01-02,2,Картофель,4.1,кг,40,164.0
2026-01-02,2,Сыр твердый,0.9,кг,450,405.0
2026-01-02,2,Сливки,1.7,л,200,340.0
2026-01-02,2,Молоко,2.6,л,70,182.0
2026-01-02,2,Макароны,1.8,кг,80,144.0
2026-01-02,2,Рис,1.3,кг,90,117.0
2026-01-02,2,Мука,1.0,кг,50,50.0
2026-01-02,2,Сахар,0.5,кг,60,30.0
2026-01-02,2,Кофе в зернах,0.3,кг,800,240.0
2026-01-02,2,Чай листовой,0.2,кг,500,100.0
2026-01-02,2,Соки,1.9,л,120,228.0
2026-01-02,2,Пиво,2.6,л,150,390.0
2026-01-02,4,Куриное филе,2.4,кг,250,600.0
2026-01-02,4,Говядина,1.6,кг,500,800.0
2026-01-02,4,Свинина,1.1,кг,400,440.0
2026-01-02,4,Рыба (филе),1.1,кг,600,660.0
2026-01-02,4,Креветки,0.6,кг,800,480.0
2026-01-02,4,Помидоры,2.2,кг,120,264.0
2026-01-02,4,Огурцы,1.5,кг,100,150.0
2026-01-02,4,Салат айсберг,0.9,кг,150,135.0
2026-01-02,4,Сыр твердый,1.0,кг,450,450.0
2026-01-02,4,Сыр пармезан,0.5,кг,800,400.0
2026-01-02,4,Молоко,2.8,л,70,196.0
2026-01-02,4,Макароны,2.1,кг,80,168.0
2026-01-02,4,Рис,1.3,кг,90,117.0
2026-01-02,4,Мука,1.1,кг,50,55.0
2026-01-02,4,Сахар,0.6,кг,60,36.0
2026-01-02,4,Кофе в зернах,0.2,кг,800,160.0
2026-01-02,4,Чай листовой,0.1,кг,500,50.0
2026-01-02,4,Соки,2.4,л,120,288.0
2026-01-02,4,Пиво,2.5,л,150,375.0
2026-01-02,9,Куриное филе,2.5,кг,250,625.0
2026-01-02,9,Свинина,0.9,кг,400,360.0
2026-01-02,9,Рыба (филе),1.1,кг,600,660.0
2026-01-02,9,Креветки,0.4,кг,800,320.0
2026-01-02,9,Помидоры,2.0,кг,120,240.0
2026-01-02,9,Огурцы,1.4,кг,100,140.0
2026-01-02,9,Салат айсберг,1.0,кг,150,150.0
2026-01-02,9,Картофель,4.8,кг,40,192.0
2026-01-02,9,Сливки,1.7,л,200,340.0
2026-01-02,9,Молоко,2.6,л,70,182.0
2026-01-02,9,Рис,1.7,кг,90,153.0
2026-01-02,9,Мука,0.9,кг,50,45.0
2026-01-02,9,Кофе в зернах,0.3,кг,800,240.0
2026-01-02,9,Чай листовой,0.2,кг,500,100.0
2026-01-02,9,Соки,2.3,л,120,276.0
2026-01-02,10,Куриное филе,2.1,кг,250,525.0
2026-01-02,10,Говядина,1.6,кг,500,800.0
2026-01-02,10,Свинина,1.1,кг,400,440.0
2026-01-02,10,Рыба (филе),1.0,кг,600,600.0
2026-01-02,10,Помидоры,2.0,кг,120,240.0
2026-01-02,10,Огурцы,1.9,кг,100,190.0
2026-01-02,10,Салат айсберг,1.0,кг,150,150.0
2026-01-02,10,Картофель,4.1,кг,40,164.0
2026-01-02,10,Сыр твердый,1.0,кг,450,450.0
2026-01-02,10,Сыр пармезан,0.4,кг,800,320.0
2026-01-02,10,Молоко,2.1,л,70,147.0
2026-01-02,10,Макароны,2.2,кг,80,176.0
2026-01-02,10,Рис,1.5,кг,90,135.0
2026-01-02,10,Мука,1.0,кг,50,50.0
2026-01-02,10,Сахар,0.5,кг,60,30.0
2026-01-02,10,Кофе в зернах,0.2,кг,800,160.0
2026-01-02,10,Чай листовой,0.2,кг,500,100.0
2026-01-02,10,Соки,1.9,л,120,228.0
2026-01-02,10,Пиво,2.3,л,150,345.0
2026-01-03,1,Куриное филе,2.9,кг,250,725.0
2026-01-03,1,Говядина,1.3,кг,500,650.0
2026-01-03,1,Свинина,0.9,кг,400,360.0
2026-01-03,1,Рыба (филе),1.1,кг,600,660.0
2026-01-03,1,Креветки,0.4,кг,800,320.0
2026-01-03,1,Помидоры,2.3,кг,120,276.0
2026-01-03,1,Огурцы,1.7,кг,100,170.0
2026-01-03,1,Салат айсберг,1.1,кг,150,165.0
2026-01-03,1,Картофель,3.9,кг,40,156.0
2026-01-03,1,Сыр твердый,1.1,кг,450,495.0
2026-01-03,1,Сыр пармезан,0.5,кг,800,400.0
2026-01-03,1,Сливки,1.4,л,200,280.0
2026-01-03,1,Молоко,2.7,л,70,189.0
2026-01-03,1,Макароны,1.8,кг,80,144.0
2026-01-03,1,Рис,1.8,кг,90,162.0
2026-01-03,1,Мука,1.1,кг,50,55.0
2026-01-03,1,Чай листовой,0.2,кг,500,100.0
2026-01-03,1,Пиво,2.9,л,150,435.0
2026-01-03,4,Говядина,1.6,кг,500,800.0
2026-01-03,4,Свинина,0.8,кг,400,320.0
2026-01-03,4,Рыба (филе),0.9,кг,600,540.0
2026-01-03,4,Огурцы,1.5,кг,100,150.0
2026-01-03,4,Салат айсберг,1.1,кг,150,165.0
2026-01-03,4,Картофель,3.3,кг,40,132.0
2026-01-03,4,Сыр твердый,1.1,кг,450,495.0
2026-01-03,4,Сыр пармезан,0.6,кг,800,480.0
2026-01-03,4,Сливки,1.5,л,200,300.0
2026-01-03,4,Молоко,2.9,л,70,203.0
2026-01-03,4,Макароны,1.6,кг,80,128.0
2026-01-03,4,Рис,1.7,кг,90,153.0
2026-01-03,4,Мука,0.9,кг,50,45.0
2026-01-03,4,Сахар,0.5,кг,60,30.0
2026-01-03,4,Кофе в зернах,0.3,кг,800,240.0
2026-01-03,4,Чай листовой,0.2,кг,500,100.0
2026-01-03,4,Соки,1.7,л,120,204.0
2026-01-03,4,Пиво,2.7,л,150,405.0
2026-01-03,5,Куриное филе,3.0,кг,250,750.0
2026-01-03,5,Говядина,1.5,кг,500,750.0
2026-01-03,5,Рыба (филе),0.9,кг,600,540.0
2026-01-03,5,Креветки,0.5,кг,800,400.0
2026-01-03,5,Помидоры,2.2,кг,120,264.0
2026-01-03,5,Огурцы,1.4,кг,100,140.0
2026-01-03,5,Салат айсберг,0.8,кг,150,120.0
2026-01-03,5,Сыр твердый,1.1,кг,450,495.0
2026-01-03,5,Сливки,1.2,л,200,240.0
2026-01-03,5,Молоко,2.5,л,70,175.0
2026-01-03,5,Мука,1.0,кг,50,50.0
2026-01-03,5,Сахар,0.5,кг,60,30.0
2026-01-03,5,Кофе в зернах,0.2,кг,800,160.0
2026-01-03,5,Чай листовой,0.2,кг,500,100.0
2026-01-03,5,Пиво,2.8,л,150,420.0
2026-01-03,6,Куриное филе,2.2,кг,250,550.0
2026-01-03,6,Говядина,1.6,кг,500,800.0
2026-01-03,6,Помидоры,2.1,кг,120,252.0
2026-01-03,6,Картофель,3.5,кг,40,140.0
2026-01-03,6,Сыр твердый,0.9,кг,450,405.0
2026-01-03,6,Сыр пармезан,0.5,кг,800,400.0
2026-01-03,6,Сливки,1.2,л,200,240.0
2026-01-03,6,Молоко,2.6,л,70,182.0
2026-01-03,6,Макароны,2.0,кг,80,160.0
2026-01-03,6,Рис,1.6,кг,90,144.0
2026-01-03,6,Мука,0.9,кг,50,45.0
2026-01-03,6,Сахар,0.5,кг,60,30.0
2026-01-03,6,Кофе в зернах,0.3,кг,800,240.0
2026-01-03,6,Соки,1.9,л,120,228.0
2026-01-03,6,Пиво,2.9,л,150,435.0
2026-01-03,8,Куриное филе,1.8,кг,250,450.0
2026-01-03,8,Говядина,1.0,кг,500,500.0
2026-01-03,8,Свинина,1.0,кг,400,400.0
2026-01-03,8,Огурцы,1.4,кг,100,140.0
2026-01-03,8,Салат айсберг,1.0,кг,150,150.0
2026-01-03,8,Макароны,2.2,кг,80,176.0
2026-01-03,8,Рис,1.7,кг,90,153.0
2026-01-03,8,Соки,2.0,л,120,240.0
2026-01-03,9,Куриное филе,2.6,кг,250,650.0
2026-01-03,9,Говядина,1.3,кг,500,650.0
2026-01-03,9,Свинина,1.1,кг,400,440.0
2026-01-03,9,Рыба (филе),1.0,кг,600,600.0
2026-01-03,9,Огурцы,1.4,кг,100,140.0
2026-01-03,9,Сыр пармезан,0.5,кг,800,400.0
2026-01-03,9,Сливки,1.7,л,200,340.0
2026-01-03,9,Молоко,2.8,л,70,196.0
2026-01-03,9,Макароны,2.0,кг,80,160.0
2026-01-03,9,Рис,1.7,кг,90,153.0
2026-01-03,9,Мука,1.0,кг,50,50.0
2026-01-03,9,Сахар,0.5,кг,60,30.0
2026-01-03,9,Чай листовой,0.1,кг,500,50.0
2026-01-03,9,Соки,1.9,л,120,228.0
2026-01-03,9,Пиво,2.2,л,150,330.0
2026-01-04,4,Куриное филе,2.6,кг,250,650.0
2026-01-04,4,Говядина,1.3,кг,500,650.0
2026-01-04,4,Рыба (филе),1.1,кг,600,660.0
2026-01-04,4,Креветки,0.5,кг,800,400.0
2026-01-04,4,Помидоры,2.3,кг,120,276.0
2026-01-04,4,Салат айсберг,0.9,кг,150,135.0
2026-01-04,4,Картофель,4.6,кг,40,184.0
2026-01-04,4,Сыр твердый,0.9,кг,450,405.0
2026-01-04,4,Сыр пармезан,0.5,кг,800,400.0
2026-01-04,4,Молоко,2.7,л,70,189.0
2026-01-04,4,Рис,1.3,кг,90,117.0
2026-01-04,4,Мука,1.0,кг,50,50.0
2026-01-04,4,Сахар,0.5,кг,60,30.0
2026-01-04,4,Кофе в зернах,0.3,кг,800,240.0
2026-01-04,4,Чай листовой,0.2,кг,500,100.0
2026-01-04,4,Соки,2.0,л,120,240.0
2026-01-04,4,Пиво,2.9,л,150,435.0
2026-01-04,8,Говядина,1.1,кг,500,550.0
2026-01-04,8,Свинина,0.9,кг,400,360.0
2026-01-04,8,Рыба (филе),0.7,кг,600,420.0
2026-01-04,8,Креветки,0.5,кг,800,400.0
2026-01-04,8,Помидоры,1.9,кг,120,228.0
2026-01-04,8,Огурцы,1.5,кг,100,150.0
2026-01-04,8,Салат айсберг,1.1,кг,150,165.0
2026-01-04,8,Картофель,4.1,кг,40,164.0
2026-01-04,8,Сыр твердый,1.1,кг,450,495.0
2026-01-04,8,Сыр пармезан,0.4,кг,800,320.0
2026-01-04,8,Сливки,1.4,л,200,280.0
2026-01-04,8,Молоко,2.6,л,70,182.0
2026-01-04,8,Макароны,2.3,кг,80,184.0
2026-01-04,8,Рис,1.6,кг,90,144.0
2026-01-04,8,Мука,0.8,кг,50,40.0
2026-01-04,8,Сахар,0.4,кг,60,24.0
2026-01-04,8,Чай листовой,0.2,кг,500,100.0
2026-01-04,8,Соки,2.1,л,120,252.0
2026-01-04,9,Куриное филе,3.1,кг,250,775.0
2026-01-04,9,Говядина,1.4,кг,500,700.0
2026-01-04,9,Свинина,0.9,кг,400,360.0
2026-01-04,9,Рыба (филе),0.9,кг,600,540.0
2026-01-04,9,Креветки,0.6,кг,800,480.0
2026-01-04,9,Помидоры,2.4,кг,120,288.0
2026-01-04,9,Огурцы,1.5,кг,100,150.0
2026-01-04,9,Картофель,3.6,кг,40,144.0
2026-01-04,9,Сыр твердый,0.9,кг,450,405.0
2026-01-04,9,Сливки,1.3,л,200,260.0
2026-01-04,9,Молоко,3.0,л,70,210.0
2026-01-04,9,Макароны,2.2,кг,80,176.0
2026-01-04,9,Рис,1.7,кг,90,153.0
2026-01-04,9,Сахар,0.5,кг,60,30.0
2026-01-04,9,Кофе в зернах,0.3,кг,800,240.0
2026-01-04,9,Чай листовой,0.2,кг,500,100.0
2026-01-04,9,Пиво,2.6,л,150,390.0
2026-01-05,2,Говядина,1.6,кг,500,800.0
2026-01-05,2,Свинина,1.0,кг,400,400.0
2026-01-05,2,Рыба (филе),0.9,кг,600,540.0
2026-01-05,2,Помидоры,2.0,кг,120,240.0
2026-01-05,2,Огурцы,1.3,кг,100,130.0
2026-01-05,2,Картофель,4.2,кг,40,168.0
2026-01-05,2,Сыр пармезан,0.5,кг,800,400.0
2026-01-05,2,Сливки,1.2,л,200,240.0
2026-01-05,2,Рис,1.3,кг,90,117.0
2026-01-05,2,Мука,1.0,кг,50,50.0
2026-01-05,2,Сахар,0.5,кг,60,30.0
2026-01-05,2,Кофе в зернах,0.2,кг,800,160.0
2026-01-05,2,Чай листовой,0.1,кг,500,50.0
2026-01-05,2,Пиво,2.4,л,150,360.0
2026-01-05,4,Куриное филе,2.5,кг,250,625.0
2026-01-05,4,Говядина,1.6,кг,500,800.0
2026-01-05,4,Свинина,1.1,кг,400,440.0
2026-01-05,4,Помидоры,1.8,кг,120,216.0
2026-01-05,4,Салат айсберг,0.9,кг,150,135.0
2026-01-05,4,Картофель,3.4,кг,40,136.0
2026-01-05,4,Сливки,1.5,л,200,300.0
2026-01-05,4,Макароны,2.0,кг,80,160.0
2026-01-05,4,Сахар,0.5,кг,60,30.0
2026-01-05,4,Кофе в зернах,0.3,кг,800,240.0
2026-01-05,4,Соки,2.0,л,120,240.0
2026-01-05,4,Пиво,2.7,л,150,405.0
2026-01-05,7,Куриное филе,2.3,кг,250,575.0
2026-01-05,7,Свинина,1.1,кг,400,440.0
2026-01-05,7,Креветки,0.6,кг,800,480.0
2026-01-05,7,Помидоры,2.5,кг,120,300.0
2026-01-05,7,Огурцы,1.7,кг,100,170.0
2026-01-05,7,Салат айсберг,1.0,кг,150,150.0
2026-01-05,7,Картофель,4.3,кг,40,172.0
2026-01-05,7,Сыр пармезан,0.6,кг,800,480.0
2026-01-05,7,Сливки,1.5,л,200,300.0
2026-01-05,7,Молоко,2.6,л,70,182.0
2026-01-05,7,Рис,1.4,кг,90,126.0
2026-01-05,7,Кофе в зернах,0.3,кг,800,240.0
2026-01-05,7,Чай листовой,0.2,кг,500,100.0
2026-01-05,7,Соки,2.3,л,120,276.0
2026-01-05,7,Пиво,2.5,л,150,375.0
2026-01-05,8,Куриное филе,2.4,кг,250,600.0
2026-01-05,8,Рыба (филе),0.9,кг,600,540.0
2026-01-05,8,Креветки,0.4,кг,800,320.0
2026-01-05,8,Огурцы,1.4,кг,100,140.0
2026-01-05,8,Салат айсберг,1.0,кг,150,150.0
2026-01-05,8,Сыр твердый,1.1,кг,450,495.0
2026-01-05,8,Сыр пармезан,0.6,кг,800,480.0
2026-01-05,8,Сливки,1.7,л,200,340.0
2026-01-05,8,Молоко,2.2,л,70,154.0
2026-01-05,8,Макароны,1.7,кг,80,136.0
2026-01-05,8,Мука,1.0,кг,50,50.0
2026-01-05,8,Кофе в зернах,0.2,кг,800,160.0
2026-01-05,8,Чай листовой,0.1,кг,500,50.0
2026-01-05,8,Соки,1.8,л,120,216.0
2026-01-06,1,Говядина,1.6,кг,500,800.0
2026-01-06,1,Свинина,1.0,кг,400,400.0
2026-01-06,1,Рыба (филе),1.0,кг,600,600.0
2026-01-06,1,Креветки,0.5,кг,800,400.0
2026-01-06,1,Помидоры,1.9,кг,120,228.0
2026-01-06,1,Огурцы,1.7,кг,100,170.0
2026-01-06,1,Салат айсберг,1.0,кг,150,150.0
2026-01-06,1,Сыр твердый,1.2,кг,450,540.0
2026-01-06,1,Сыр пармезан,0.6,кг,800,480.0
2026-01-06,1,Сливки,1.9,л,200,380.0
2026-01-06,1,Молоко,2.5,л,70,175.0
2026-01-06,1,Макароны,1.6,кг,80,128.0
2026-01-06,1,Рис,1.2,кг,90,108.0
2026-01-06,1,Сахар,0.5,кг,60,30.0
2026-01-06,1,Чай листовой,0.2,кг,500,100.0
2026-01-06,1,Соки,1.9,л,120,228.0
2026-01-06,2,Куриное филе,2.8,кг,250,700.0
2026-01-06,2,Свинина,1.0,кг,400,400.0
2026-01-06,2,Рыба (филе),1.0,кг,600,600.0
2026-01-06,2,Креветки,0.5,кг,800,400.0
2026-01-06,2,Помидоры,1.7,кг,120,204.0
2026-01-06,2,Огурцы,1.3,кг,100,130.0
2026-01-06,2,Салат айсберг,0.9,кг,150,135.0
2026-01-06,2,Картофель,4.6,кг,40,184.0
2026-01-06,2,Сыр твердый,1.0,кг,450,450.0
2026-01-06,2,Сыр пармезан,0.4,кг,800,320.0
2026-01-06,2,Сливки,1.3,л,200,260.0
2026-01-06,2,Макароны,2.2,кг,80,176.0
2026-01-06,2,Рис,1.4,кг,90,126.0
2026-01-06,2,Мука,1.1,кг,50,55.0
2026-01-06,2,Кофе в зернах,0.3,кг,800,240.0
2026-01-06,2,Чай листовой,0.2,кг,500,100.0
2026-01-06,2,Пиво,2.2,л,150,330.0
2026-01-06,3,Куриное филе,1.8,кг,250,450.0
2026-01-06,3,Свинина,0.7,кг,400,280.0
2026-01-06,3,Огурцы,1.4,кг,100,140.0
2026-01-06,3,Салат айсберг,1.1,кг,150,165.0
2026-01-06,3,Картофель,3.9,кг,40,156.0
2026-01-06,3,Сыр твердый,1.0,кг,450,450.0
2026-01-06,3,Сливки,1.8,л,200,360.0
2026-01-06,3,Макароны,2.3,кг,80,184.0
2026-01-06,3,Рис,1.3,кг,90,117.0
2026-01-06,3,Мука,1.1,кг,50,55.0
2026-01-06,3,Сахар,0.4,кг,60,24.0
2026-01-06,7,Куриное филе,2.2,кг,250,550.0
2026-01-06,7,Говядина,1.7,кг,500,850.0
2026-01-06,7,Свинина,1.1,кг,400,440.0
2026-01-06,7,Креветки,0.5,кг,800,400.0
2026-01-06,7,Помидоры,2.2,кг,120,264.0
2026-01-06,7,Огурцы,1.3,кг,100,130.0
2026-01-06,7,Салат айсберг,1.1,кг,150,165.0
2026-01-06,7,Сыр твердый,0.8,кг,450,360.0
2026-01-06,7,Сливки,1.4,л,200,280.0
2026-01-06,7,Молоко,2.1,л,70,147.0
2026-01-06,7,Макароны,2.2,кг,80,176.0
2026-01-06,7,Рис,1.5,кг,90,135.0
2026-01-06,7,Мука,1.0,кг,50,50.0
2026-01-06,7,Кофе в зернах,0.2,кг,800,160.0
2026-01-06,7,Соки,1.9,л,120,228.0
2026-01-06,8,Куриное филе,1.9,кг,250,475.0
2026-01-06,8,Говядина,1.2,кг,500,600.0
2026-01-06,8,Свинина,1.0,кг,400,400.0
2026-01-06,8,Рыба (филе),0.8,кг,600,480.0
2026-01-06,8,Креветки,0.4,кг,800,320.0
2026-01-06,8,Салат айсберг,1.1,кг,150,165.0
2026-01-06,8,Картофель,3.7,кг,40,148.0
2026-01-06,8,Сыр пармезан,0.5,кг,800,400.0
2026-01-06,8,Сливки,1.6,л,200,320.0
2026-01-06,8,Молоко,2.6,л,70,182.0
2026-01-06,8,Макароны,1.9,кг,80,152.0
2026-01-06,8,Рис,1.6,кг,90,144.0
2026-01-06,8,Мука,0.9,кг,50,45.0
2026-01-06,8,Сахар,0.5,кг,60,30.0
2026-01-06,8,Кофе в зернах,0.3,кг,800,240.0
2026-01-06,8,Чай листовой,0.1,кг,500,50.0
2026-01-06,8,Пиво,2.6,л,150,390.0
2026-01-06,10,Куриное филе,2.9,кг,250,725.0
2026-01-06,10,Свинина,1.1,кг,400,440.0
2026-01-06,10,Креветки,0.5,кг,800,400.0
2026-01-06,10,Огурцы,1.4,кг,100,140.0
2026-01-06,10,Салат айсберг,0.8,кг,150,120.0
2026-01-06,10,Картофель,4.4,кг,40,176.0
2026-01-06,10,Сыр твердый,0.9,кг,450,405.0
2026-01-06,10,Сыр пармезан,0.5,кг,800,400.0
2026-01-06,10,Молоко,2.4,л,70,168.0
2026-01-06,10,Рис,1.5,кг,90,135.0
2026-01-06,10,Сахар,0.6,кг,60,36.0
2026-01-06,10,Чай листовой,0.1,кг,500,50.0
2026-01-06,10,Пиво,2.2,л,150,330.0
2026-01-07,4,Куриное филе,2.5,кг,250,625.0
2026-01-07,4,Креветки,0.5,кг,800,400.0
2026-01-07,4,Помидоры,2.2,кг,120,264.0
2026-01-07,4,Огурцы,1.7,кг,100,170.0
2026-01-07,4,Салат айсберг,0.9,кг,150,135.0
2026-01-07,4,Картофель,4.8,кг,40,192.0
2026-01-07,4,Сыр твердый,1.1,кг,450,495.0
2026-01-07,4,Сыр пармезан,0.4,кг,800,320.0
2026-01-07,4,Сливки,1.3,л,200,260.0
2026-01-07,4,Молоко,2.1,л,70,147.0
2026-01-07,4,Макароны,2.1,кг,80,168.0
2026-01-07,4,Мука,1.0,кг,50,50.0
2026-01-07,4,Сахар,0.5,кг,60,30.0
2026-01-07,4,Чай листовой,0.2,кг,500,100.0
2026-01-07,4,Соки,2.1,л,120,252.0
2026-01-07,4,Пиво,2.8,л,150,420.0
2026-01-07,5,Куриное филе,2.8,кг,250,700.0
2026-01-07,5,Рыба (филе),1.2,кг,600,720.0
2026-01-07,5,Креветки,0.5,кг,800,400.0
2026-01-07,5,Салат айсберг,1.0,кг,150,150.0
2026-01-07,5,Сыр твердый,1.1,кг,450,495.0
2026-01-07,5,Молоко,2.2,л,70,154.0
2026-01-07,5,Макароны,2.0,кг,80,160.0
2026-01-07,5,Рис,1.6,кг,90,144.0
2026-01-07,5,Сахар,0.4,кг,60,24.0
2026-01-07,5,Кофе в зернах,0.2,кг,800,160.0
2026-01-07,5,Соки,2.1,л,120,252.0
2026-01-07,5,Пиво,2.2,л,150,330.0
2026-01-08,1,Говядина,1.8,кг,500,900.0
2026-01-08,1,Рыба (филе),1.0,кг,600,600.0
2026-01-08,1,Креветки,0.5,кг,800,400.0
2026-01-08,1,Помидоры,2.0,кг,120,240.0
2026-01-08,1,Огурцы,1.5,кг,100,150.0
2026-01-08,1,Картофель,4.5,кг,40,180.0
2026-01-08,1,Сливки,1.3,л,200,260.0
2026-01-08,1,Молоко,2.6,л,70,182.0
2026-01-08,1,Макароны,2.0,кг,80,160.0
2026-01-08,1,Рис,1.7,кг,90,153.0
2026-01-08,1,Мука,1.0,кг,50,50.0
2026-01-08,1,Сахар,0.5,кг,60,30.0
2026-01-08,1,Кофе в зернах,0.3,кг,800,240.0
2026-01-08,1,Чай листовой,0.2,кг,500,100.0
2026-01-08,1,Соки,2.3,л,120,276.0
2026-01-08,1,Пиво,2.2,л,150,330.0
2026-01-08,2,Куриное филе,3.1,кг,250,775.0
2026-01-08,2,Говядина,1.7,кг,500,850.0
2026-01-08,2,Свинина,1.1,кг,400,440.0
2026-01-08,2,Креветки,0.5,кг,800,400.0
2026-01-08,2,Огурцы,1.3,кг,100,130.0
2026-01-08,2,Картофель,3.4,кг,40,136.0
2026-01-08,2,Сыр пармезан,0.4,кг,800,320.0
2026-01-08,2,Сливки,1.4,л,200,280.0
2026-01-08,2,Мука,1.2,кг,50,60.0
2026-01-08,2,Кофе в зернах,0.2,кг,800,160.0
2026-01-08,2,Чай листовой,0.2,кг,500,100.0
2026-01-08,2,Соки,2.3,л,120,276.0
2026-01-08,2,Пиво,2.6,л,150,390.0
2026-01-08,3,Куриное филе,2.4,кг,250,600.0
2026-01-08,3,Говядина,1.3,кг,500,650.0
2026-01-08,3,Свинина,0.7,кг,400,280.0
2026-01-08,3,Рыба (филе),0.6,кг,600,360.0
2026-01-08,3,Креветки,0.5,кг,800,400.0
2026-01-08,3,Помидоры,1.8,кг,120,216.0
2026-01-08,3,Картофель,3.5,кг,40,140.0
2026-01-08,3,Сыр твердый,1.1,кг,450,495.0
2026-01-08,3,Сливки,1.5,л,200,300.0
2026-01-08,3,Макароны,1.9,кг,80,152.0
2026-01-08,3,Рис,1.7,кг,90,153.0
2026-01-08,3,Сахар,0.4,кг,60,24.0
2026-01-08,3,Пиво,2.4,л,150,360.0
2026-01-08,4,Куриное филе,2.9,кг,250,725.0
2026-01-08,4,Свинина,1.1,кг,400,440.0
2026-01-08,4,Креветки,0.5,кг,800,400.0
2026-01-08,4,Помидоры,1.9,кг,120,228.0
2026-01-08,4,Огурцы,1.6,кг,100,160.0
2026-01-08,4,Сыр твердый,0.8,кг,450,360.0
2026-01-08,4,Сыр пармезан,0.4,кг,800,320.0
2026-01-08,4,Сливки,1.4,л,200,280.0
2026-01-08,4,Рис,1.3,кг,90,117.0
2026-01-08,4,Сахар,0.5,кг,60,30.0
2026-01-08,4,Кофе в зернах,0.2,кг,800,160.0
2026-01-08,4,Чай листовой,0.1,кг,500,50.0
2026-01-08,4,Соки,1.8,л,120,216.0
2026-01-08,4,Пиво,2.7,л,150,405.0
2026-01-08,5,Куриное филе,2.6,кг,250,650.0
2026-01-08,5,Свинина,0.9,кг,400,360.0
2026-01-08,5,Креветки,0.5,кг,800,400.0
2026-01-08,5,Огурцы,1.6,кг,100,160.0
2026-01-08,5,Салат айсберг,0.9,кг,150,135.0
2026-01-08,5,Картофель,3.7,кг,40,148.0
2026-01-08,5,Сыр твердый,1.0,кг,450,450.0
2026-01-08,5,Сыр пармезан,0.5,кг,800,400.0
2026-01-08,5,Сливки,1.5,л,200,300.0
2026-01-08,5,Макароны,2.0,кг,80,160.0
2026-01-08,5,Рис,1.4,кг,90,126.0
2026-01-08,5,Мука,1.2,кг,50,60.0
2026-01-08,5,Сахар,0.4,кг,60,24.0
2026-01-08,5,Кофе в зернах,0.2,кг,800,160.0
2026-01-08,5,Соки,1.9,л,120,228.0
2026-01-08,7,Свинина,1.1,кг,400,440.0
2026-01-08,7,Помидоры,1.6,кг,120,192.0
2026-01-08,7,Салат айсберг,0.8,кг,150,120.0
2026-01-08,7,Картофель,3.9,кг,40,156.0
2026-01-08,7,Сыр твердый,1.0,кг,450,450.0
2026-01-08,7,Сыр пармезан,0.4,кг,800,320.0
2026-01-08,7,Сливки,1.3,л,200,260.0
2026-01-08,7,Молоко,2.2,л,70,154.0
2026-01-08,7,Макароны,2.2,кг,80,176.0
2026-01-08,7,Рис,1.6,кг,90,144.0
2026-01-08,7,Мука,0.8,кг,50,40.0
2026-01-08,7,Кофе в зернах,0.3,кг,800,240.0
2026-01-08,7,Чай листовой,0.2,кг,500,100.0
2026-01-08,7,Пиво,2.8,л,150,420.0
2026-01-08,9,Куриное филе,2.9,кг,250,725.0
2026-01-08,9,Говядина,1.6,кг,500,800.0
2026-01-08,9,Свинина,0.8,кг,400,320.0
2026-01-08,9,Рыба (филе),1.1,кг,600,660.0
2026-01-08,9,Креветки,0.6,кг,800,480.0
2026-01-08,9,Огурцы,1.7,кг,100,170.0
2026-01-08,9,Салат айсберг,0.9,кг,150,135.0
2026-01-08,9,Картофель,4.7,кг,40,188.0
2026-01-08,9,Сыр твердый,0.8,кг,450,360.0
2026-01-08,9,Сыр пармезан,0.4,кг,800,320.0
2026-01-08,9,Сливки,1.5,л,200,300.0
2026-01-08,9,Рис,1.6,кг,90,144.0
2026-01-08,9,Мука,1.2,кг,50,60.0
2026-01-08,9,Сахар,0.6,кг,60,36.0
2026-01-08,9,Чай листовой,0.2,кг,500,100.0
2026-01-08,9,Соки,1.6,л,120,192.0
2026-01-09,1,Куриное филе,2.8,кг,250,700.0
2026-01-09,1,Говядина,1.6,кг,500,800.0
2026-01-09,1,Свинина,0.9,кг,400,360.0
2026-01-09,1,Рыба (филе),1.1,кг,600,660.0
2026-01-09,1,Помидоры,2.4,кг,120,288.0
2026-01-09,1,Огурцы,1.7,кг,100,170.0
2026-01-09,1,Салат айсберг,1.1,кг,150,165.0
2026-01-09,1,Картофель,4.2,кг,40,168.0
2026-01-09,1,Макароны,2.0,кг,80,160.0
2026-01-09,1,Рис,1.4,кг,90,126.0
2026-01-09,1,Мука,1.2,кг,50,60.0
2026-01-09,1,Сахар,0.5,кг,60,30.0
2026-01-09,1,Кофе в зернах,0.2,кг,800,160.0
2026-01-09,1,Чай листовой,0.2,кг,500,100.0
2026-01-09,1,Соки,2.2,л,120,264.0
2026-01-09,1,Пиво,2.6,л,150,390.0
2026-01-09,2,Говядина,1.8,кг,500,900.0
2026-01-09,2,Свинина,0.8,кг,400,320.0
2026-01-09,2,Рыба (филе),1.1,кг,600,660.0
2026-01-09,2,Помидоры,1.9,кг,120,228.0
2026-01-09,2,Огурцы,1.7,кг,100,170.0
2026-01-09,2,Картофель,3.5,кг,40,140.0
2026-01-09,2,Сыр твердый,1.2,кг,450,540.0
2026-01-09,2,Сыр пармезан,0.6,кг,800,480.0
2026-01-09,2,Молоко,2.0,л,70,140.0
2026-01-09,2,Мука,1.0,кг,50,50.0
2026-01-09,2,Сахар,0.5,кг,60,30.0
2026-01-09,2,Кофе в зернах,0.2,кг,800,160.0
2026-01-09,2,Чай листовой,0.2,кг,500,100.0
2026-01-09,2,Соки,2.4,л,120,288.0
2026-01-09,7,Куриное филе,2.3,кг,250,575.0
2026-01-09,7,Говядина,1.5,кг,500,750.0
2026-01-09,7,Рыба (филе),1.1,кг,600,660.0
2026-01-09,7,Помидоры,2.5,кг,120,300.0
2026-01-09,7,Огурцы,1.6,кг,100,160.0
2026-01-09,7,Картофель,3.2,кг,40,128.0
2026-01-09,7,Сыр твердый,1.0,кг,450,450.0
2026-01-09,7,Сыр пармезан,0.5,кг,800,400.0
2026-01-09,7,Молоко,2.2,л,70,154.0
2026-01-09,7,Рис,1.2,кг,90,108.0
2026-01-09,7,Мука,1.1,кг,50,55.0
2026-01-09,7,Сахар,0.5,кг,60,30.0
2026-01-09,7,Кофе в зернах,0.2,кг,800,160.0
2026-01-09,7,Пиво,2.2,л,150,330.0
2026-01-09,8,Куриное филе,2.4,кг,250,600.0
2026-01-09,8,Говядина,1.4,кг,500,700.0
2026-01-09,8,Свинина,0.8,кг,400,320.0
2026-01-09,8,Рыба (филе),0.8,кг,600,480.0
2026-01-09,8,Креветки,0.5,кг,800,400.0
2026-01-09,8,Помидоры,2.0,кг,120,240.0
2026-01-09,8,Огурцы,1.7,кг,100,170.0
2026-01-09,8,Салат айсберг,1.1,кг,150,165.0
2026-01-09,8,Картофель,3.7,кг,40,148.0
2026-01-09,8,Сыр твердый,0.8,кг,450,360.0
2026-01-09,8,Сливки,1.2,л,200,240.0
2026-01-09,8,Макароны,2.3,кг,80,184.0
2026-01-09,8,Рис,1.4,кг,90,126.0
2026-01-09,8,Мука,1.0,кг,50,50.0
2026-01-09,8,Сахар,0.6,кг,60,36.0
2026-01-09,8,Чай листовой,0.2,кг,500,100.0
2026-01-09,10,Говядина,1.5,кг,500,750.0
2026-01-09,10,Креветки,0.5,кг,800,400.0
2026-01-09,10,Помидоры,1.7,кг,120,204.0
2026-01-09,10,Салат айсберг,1.1,кг,150,165.0
2026-01-09,10,Картофель,3.7,кг,40,148.0
2026-01-09,10,Сыр пармезан,0.5,кг,800,400.0
2026-01-09,10,Сливки,1.7,л,200,340.0
2026-01-09,10,Молоко,2.4,л,70,168.0
2026-01-09,10,Макароны,2.2,кг,80,176.0
2026-01-09,10,Рис,1.4,кг,90,126.0
2026-01-09,10,Мука,0.8,кг,50,40.0
2026-01-09,10,Сахар,0.5,кг,60,30.0
2026-01-09,10,Соки,1.9,л,120,228.0
2026-01-10,3,Говядина,1.1,кг,500,550.0
2026-01-10,3,Рыба (филе),0.7,кг,600,420.0
2026-01-10,3,Креветки,0.4,кг,800,320.0
2026-01-10,3,Помидоры,2.3,кг,120,276.0
2026-01-10,3,Огурцы,1.9,кг,100,190.0
2026-01-10,3,Картофель,4.0,кг,40,160.0
2026-01-10,3,Сыр твердый,1.1,кг,450,495.0
2026-01-10,3,Сыр пармезан,0.6,кг,800,480.0
2026-01-10,3,Макароны,1.8,кг,80,144.0
2026-01-10,3,Рис,1.4,кг,90,126.0
2026-01-10,3,Сахар,0.5,кг,60,30.0
2026-01-10,3,Кофе в зернах,0.3,кг,800,240.0
2026-01-10,3,Чай листовой,0.1,кг,500,50.0
2026-01-10,5,Куриное филе,2.8,кг,250,700.0
2026-01-10,5,Говядина,1.4,кг,500,700.0
2026-01-10,5,Свинина,1.1,кг,400,440.0
2026-01-10,5,Рыба (филе),1.2,кг,600,720.0
2026-01-10,5,Креветки,0.5,кг,800,400.0
2026-01-10,5,Помидоры,2.0,кг,120,240.0
2026-01-10,5,Огурцы,1.7,кг,100,170.0
2026-01-10,5,Картофель,4.6,кг,40,184.0
2026-01-10,5,Сыр твердый,1.1,кг,450,495.0
2026-01-10,5,Сыр пармезан,0.5,кг,800,400.0
2026-01-10,5,Молоко,2.7,л,70,189.0
2026-01-10,5,Рис,1.6,кг,90,144.0
2026-01-10,5,Мука,1.2,кг,50,60.0
2026-01-10,5,Сахар,0.6,кг,60,36.0
2026-01-10,5,Кофе в зернах,0.3,кг,800,240.0
2026-01-10,5,Чай листовой,0.1,кг,500,50.0
2026-01-10,5,Пиво,2.8,л,150,420.0
2026-01-10,7,Куриное филе,2.5,кг,250,625.0
2026-01-10,7,Свинина,1.3,кг,400,520.0
2026-01-10,7,Креветки,0.6,кг,800,480.0
2026-01-10,7,Огурцы,1.3,кг,100,130.0
2026-01-10,7,Картофель,3.9,кг,40,156.0
2026-01-10,7,Сливки,1.7,л,200,340.0
2026-01-10,7,Молоко,2.2,л,70,154.0
2026-01-10,7,Макароны,2.1,кг,80,168.0
2026-01-10,7,Сахар,0.5,кг,60,30.0
2026-01-10,7,Кофе в зернах,0.3,кг,800,240.0
2026-01-10,7,Чай листовой,0.2,кг,500,100.0
2026-01-10,7,Соки,2.0,л,120,240.0
2026-01-10,8,Куриное филе,2.4,кг,250,600.0
2026-01-10,8,Свинина,0.7,кг,400,280.0
2026-01-10,8,Помидоры,2.1,кг,120,252.0
2026-01-10,8,Салат айсберг,0.9,кг,150,135.0
2026-01-10,8,Картофель,3.5,кг,40,140.0
2026-01-10,8,Сыр твердый,0.9,кг,450,405.0
2026-01-10,8,Молоко,2.4,л,70,168.0
2026-01-10,8,Макароны,1.8,кг,80,144.0
2026-01-10,8,Рис,1.4,кг,90,126.0
2026-01-10,8,Сахар,0.5,кг,60,30.0
2026-01-10,8,Кофе в зернах,0.3,кг,800,240.0
2026-01-10,8,Чай листовой,0.1,кг,500,50.0
2026-01-10,8,Соки,2.2,л,120,264.0
2026-01-10,8,Пиво,2.6,л,150,390.0
2026-01-11,1,Куриное филе,2.6,кг,250,650.0
2026-01-11,1,Свинина,1.3,кг,400,520.0
2026-01-11,1,Рыба (филе),1.1,кг,600,660.0
2026-01-11,1,Картофель,4.7,кг,40,188.0
2026-01-11,1,Сыр пармезан,0.5,кг,800,400.0
2026-01-11,1,Сливки,1.3,л,200,260.0
2026-01-11,1,Молоко,2.7,л,70,189.0
2026-01-11,1,Макароны,2.2,кг,80,176.0
2026-01-11,1,Рис,1.5,кг,90,135.0
2026-01-11,1,Сахар,0.4,кг,60,24.0
2026-01-11,1,Кофе в зернах,0.2,кг,800,160.0
2026-01-11,1,Соки,2.2,л,120,264.0
2026-01-12,1,Куриное филе,2.2,кг,250,550.0
2026-01-12,1,Говядина,1.6,кг,500,800.0
2026-01-12,1,Рыба (филе),1.1,кг,600,660.0
2026-01-12,1,Креветки,0.5,кг,800,400.0
2026-01-12,1,Помидоры,2.5,кг,120,300.0
2026-01-12,1,Огурцы,1.3,кг,100,130.0
2026-01-12,1,Салат айсберг,0.9,кг,150,135.0
2026-01-12,1,Сыр пармезан,0.5,кг,800,400.0
2026-01-12,1,Молоко,2.1,л,70,147.0
2026-01-12,1,Макароны,1.7,кг,80,136.0
2026-01-12,1,Рис,1.4,кг,90,126.0
2026-01-12,1,Мука,1.1,кг,50,55.0
2026-01-12,1,Соки,1.9,л,120,228.0
2026-01-12,1,Пиво,2.8,л,150,420.0
2026-01-12,2,Куриное филе,2.9,кг,250,725.0
2026-01-12,2,Свинина,0.9,кг,400,360.0
2026-01-12,2,Креветки,0.5,кг,800,400.0
2026-01-12,2,Помидоры,1.7,кг,120,204.0
2026-01-12,2,Огурцы,1.8,кг,100,180.0
2026-01-12,2,Салат айсберг,0.9,кг,150,135.0
2026-01-12,2,Картофель,4.1,кг,40,164.0
2026-01-12,2,Сыр пармезан,0.5,кг,800,400.0
2026-01-12,2,Молоко,2.4,л,70,168.0
2026-01-12,2,Макароны,2.1,кг,80,168.0
2026-01-12,2,Рис,1.5,кг,90,135.0
2026-01-12,2,Сахар,0.5,кг,60,30.0
2026-01-12,2,Кофе в зернах,0.3,кг,800,240.0
2026-01-12,2,Чай листовой,0.1,кг,500,50.0
2026-01-12,2,Соки,1.8,л,120,216.0
2026-01-12,2,Пиво,2.5,л,150,375.0
2026-01-12,3,Свинина,0.7,кг,400,280.0
2026-01-12,3,Рыба (филе),0.9,кг,600,540.0
2026-01-12,3,Помидоры,1.9,кг,120,228.0
2026-01-12,3,Огурцы,1.5,кг,100,150.0
2026-01-12,3,Салат айсберг,1.2,кг,150,180.0
2026-01-12,3,Сыр пармезан,0.4,кг,800,320.0
2026-01-12,3,Молоко,2.1,л,70,147.0
2026-01-12,3,Макароны,1.7,кг,80,136.0
2026-01-12,3,Рис,1.2,кг,90,108.0
2026-01-12,3,Мука,1.0,кг,50,50.0
2026-01-12,3,Чай листовой,0.2,кг,500,100.0
2026-01-12,3,Соки,1.9,л,120,228.0
2026-01-12,3,Пиво,2.7,л,150,405.0
2026-01-12,5,Куриное филе,3.1,кг,250,775.0
2026-01-12,5,Говядина,1.4,кг,500,700.0
2026-01-12,5,Креветки,0.5,кг,800,400.0
2026-01-12,5,Огурцы,1.5,кг,100,150.0
2026-01-12,5,Салат айсберг,1.1,кг,150,165.0
2026-01-12,5,Картофель,3.9,кг,40,156.0
2026-01-12,5,Сливки,1.4,л,200,280.0
2026-01-12,5,Молоко,2.8,л,70,196.0
2026-01-12,5,Рис,1.5,кг,90,135.0
2026-01-12,5,Сахар,0.4,кг,60,24.0
2026-01-12,5,Чай листовой,0.2,кг,500,100.0
2026-01-12,5,Соки,2.1,л,120,252.0
2026-01-12,6,Куриное филе,3.1,кг,250,775.0
2026-01-12,6,Говядина,1.5,кг,500,750.0
2026-01-12,6,Свинина,1.0,кг,400,400.0
2026-01-12,6,Рыба (филе),0.9,кг,600,540.0
2026-01-12,6,Помидоры,1.8,кг,120,216.0
2026-01-12,6,Огурцы,1.8,кг,100,180.0
2026-01-12,6,Сыр твердый,0.9,кг,450,405.0
2026-01-12,6,Сливки,1.5,л,200,300.0
2026-01-12,6,Макароны,1.9,кг,80,152.0
2026-01-12,6,Рис,1.5,кг,90,135.0
2026-01-12,6,Мука,1.1,кг,50,55.0
2026-01-12,6,Сахар,0.6,кг,60,36.0
2026-01-12,6,Кофе в зернах,0.2,кг,800,160.0
2026-01-12,6,Пиво,2.2,л,150,330.0
2026-01-13,2,Куриное филе,3.0,кг,250,750.0
2026-01-13,2,Говядина,1.2,кг,500,600.0
2026-01-13,2,Свинина,1.0,кг,400,400.0
2026-01-13,2,Рыба (филе),1.1,кг,600,660.0
2026-01-13,2,Салат айсберг,1.1,кг,150,165.0
2026-01-13,2,Картофель,3.8,кг,40,152.0
2026-01-13,2,Сыр пармезан,0.5,кг,800,400.0
2026-01-13,2,Сливки,1.6,л,200,320.0
2026-01-13,2,Макароны,2.0,кг,80,160.0
2026-01-13,2,Рис,1.3,кг,90,117.0
2026-01-13,2,Мука,1.2,кг,50,60.0
2026-01-13,2,Кофе в зернах,0.2,кг,800,160.0
2026-01-13,2,Чай листовой,0.1,кг,500,50.0
2026-01-13,2,Соки,1.7,л,120,204.0
2026-01-13,6,Куриное филе,2.1,кг,250,525.0
2026-01-13,6,Говядина,1.2,кг,500,600.0
2026-01-13,6,Свинина,1.2,кг,400,480.0
2026-01-13,6,Рыба (филе),0.8,кг,600,480.0
2026-01-13,6,Креветки,0.5,кг,800,400.0
2026-01-13,6,Огурцы,1.4,кг,100,140.0
2026-01-13,6,Салат айсберг,1.0,кг,150,150.0
2026-01-13,6,Сыр твердый,1.1,кг,450,495.0
2026-01-13,6,Сыр пармезан,0.4,кг,800,320.0
2026-01-13,6,Сливки,1.2,л,200,240.0
2026-01-13,6,Молоко,2.9,л,70,203.0
2026-01-13,6,Рис,1.3,кг,90,117.0
2026-01-13,6,Мука,1.0,кг,50,50.0
2026-01-13,6,Сахар,0.5,кг,60,30.0
2026-01-13,6,Кофе в зернах,0.3,кг,800,240.0
2026-01-13,7,Свинина,1.0,кг,400,400.0
2026-01-13,7,Рыба (филе),1.1,кг,600,660.0
2026-01-13,7,Креветки,0.4,кг,800,320.0
2026-01-13,7,Помидоры,1.8,кг,120,216.0
2026-01-13,7,Сыр твердый,1.1,кг,450,495.0
2026-01-13,7,Сыр пармезан,0.5,кг,800,400.0
2026-01-13,7,Сливки,1.6,л,200,320.0
2026-01-13,7,Макароны,1.9,кг,80,152.0
2026-01-13,7,Рис,1.6,кг,90,144.0
2026-01-13,7,Мука,1.2,кг,50,60.0
2026-01-13,7,Сахар,0.4,кг,60,24.0
2026-01-13,7,Кофе в зернах,0.2,кг,800,160.0
2026-01-13,7,Чай листовой,0.1,кг,500,50.0
2026-01-13,7,Соки,1.9,л,120,228.0
2026-01-13,7,Пиво,2.0,л,150,300.0
2026-01-13,8,Куриное филе,2.1,кг,250,525.0
2026-01-13,8,Говядина,1.2,кг,500,600.0
2026-01-13,8,Свинина,0.7,кг,400,280.0
2026-01-13,8,Рыба (филе),1.0,кг,600,600.0
2026-01-13,8,Креветки,0.4,кг,800,320.0
2026-01-13,8,Помидоры,2.2,кг,120,264.0
2026-01-13,8,Огурцы,1.2,кг,100,120.0
2026-01-13,8,Салат айсберг,0.9,кг,150,135.0
2026-01-13,8,Картофель,4.1,кг,40,164.0
2026-01-13,8,Сыр твердый,1.0,кг,450,450.0
2026-01-13,8,Сыр пармезан,0.5,кг,800,400.0
2026-01-13,8,Сливки,1.7,л,200,340.0
2026-01-13,8,Молоко,2.7,л,70,189.0
2026-01-13,8,Макароны,1.8,кг,80,144.0
2026-01-13,8,Рис,1.3,кг,90,117.0
2026-01-13,8,Мука,0.9,кг,50,45.0
2026-01-13,8,Сахар,0.4,кг,60,24.0
2026-01-13,8,Кофе в зернах,0.3,кг,800,240.0
2026-01-13,8,Соки,1.7,л,120,204.0
2026-01-13,9,Куриное филе,2.6,кг,250,650.0
2026-01-13,9,Говядина,1.6,кг,500,800.0
2026-01-13,9,Свинина,1.1,кг,400,440.0
2026-01-13,9,Помидоры,2.1,кг,120,252.0
2026-01-13,9,Картофель,3.7,кг,40,148.0
2026-01-13,9,Сыр твердый,0.8,кг,450,360.0
2026-01-13,9,Молоко,2.7,л,70,189.0
2026-01-13,9,Макароны,2.4,кг,80,192.0
2026-01-13,9,Сахар,0.4,кг,60,24.0
2026-01-13,9,Кофе в зернах,0.2,кг,800,160.0
2026-01-13,9,Соки,2.0,л,120,240.0
2026-01-13,9,Пиво,2.6,л,150,390.0
2026-01-14,4,Куриное филе,2.2,кг,250,550.0
2026-01-14,4,Свинина,1.2,кг,400,480.0
2026-01-14,4,Рыба (филе),1.1,кг,600,660.0
2026-01-14,4,Креветки,0.5,кг,800,400.0
2026-01-14,4,Помидоры,1.6,кг,120,192.0
2026-01-14,4,Салат айсберг,1.0,кг,150,150.0
2026-01-14,4,Картофель,4.3,кг,40,172.0
2026-01-14,4,Сыр твердый,0.9,кг,450,405.0
2026-01-14,4,Сыр пармезан,0.6,кг,800,480.0
2026-01-14,4,Молоко,2.1,л,70,147.0
2026-01-14,4,Рис,1.2,кг,90,108.0
2026-01-14,4,Мука,1.0,кг,50,50.0
2026-01-14,4,Сахар,0.6,кг,60,36.0
2026-01-14,4,Кофе в зернах,0.2,кг,800,160.0
2026-01-14,4,Чай листовой,0.2,кг,500,100.0
2026-01-14,4,Пиво,2.2,л,150,330.0
2026-01-14,5,Говядина,1.7,кг,500,850.0
2026-01-14,5,Свинина,0.8,кг,400,320.0
2026-01-14,5,Рыба (филе),1.1,кг,600,660.0
2026-01-14,5,Креветки,0.5,кг,800,400.0
2026-01-14,5,Огурцы,1.3,кг,100,130.0
2026-01-14,5,Салат айсберг,1.0,кг,150,150.0
2026-01-14,5,Картофель,3.6,кг,40,144.0
2026-01-14,5,Сыр твердый,1.1,кг,450,495.0
2026-01-14,5,Сыр пармезан,0.5,кг,800,400.0
2026-01-14,5,Сливки,1.4,л,200,280.0
2026-01-14,5,Молоко,2.7,л,70,189.0
2026-01-14,5,Макароны,2.2,кг,80,176.0
2026-01-14,5,Рис,1.6,кг,90,144.0
2026-01-14,5,Мука,1.0,кг,50,50.0
2026-01-14,5,Пиво,2.9,л,150,435.0
2026-01-14,6,Куриное филе,2.6,кг,250,650.0
2026-01-14,6,Говядина,1.7,кг,500,850.0
2026-01-14,6,Рыба (филе),1.0,кг,600,600.0
2026-01-14,6,Креветки,0.5,кг,800,400.0
2026-01-14,6,Помидоры,2.2,кг,120,264.0
2026-01-14,6,Огурцы,1.6,кг,100,160.0
2026-01-14,6,Салат айсберг,0.8,кг,150,120.0
2026-01-14,6,Картофель,5.0,кг,40,200.0
2026-01-14,6,Сливки,1.5,л,200,300.0
2026-01-14,6,Молоко,2.1,л,70,147.0
2026-01-14,6,Макароны,1.7,кг,80,136.0
2026-01-14,6,Рис,1.4,кг,90,126.0
2026-01-14,6,Мука,1.0,кг,50,50.0
2026-01-14,6,Кофе в зернах,0.2,кг,800,160.0
2026-01-14,6,Чай листовой,0.2,кг,500,100.0
2026-01-14,8,Рыба (филе),0.7,кг,600,420.0
2026-01-14,8,Огурцы,1.6,кг,100,160.0
2026-01-14,8,Салат айсберг,1.0,кг,150,150.0
2026-01-14,8,Сыр твердый,0.8,кг,450,360.0
2026-01-14,8,Сливки,1.4,л,200,280.0
2026-01-14,8,Макароны,2.1,кг,80,168.0
2026-01-14,8,Рис,1.6,кг,90,144.0
2026-01-14,8,Мука,0.9,кг,50,45.0
2026-01-14,8,Сахар,0.5,кг,60,30.0
2026-01-14,8,Чай листовой,0.2,кг,500,100.0
2026-01-14,8,Пиво,2.2,л,150,330.0
2026-01-15,2,Куриное филе,2.5,кг,250,625.0
2026-01-15,2,Говядина,1.6,кг,500,800.0
2026-01-15,2,Свинина,1.1,кг,400,440.0
2026-01-15,2,Рыба (филе),1.1,кг,600,660.0
2026-01-15,2,Креветки,0.6,кг,800,480.0
2026-01-15,2,Помидоры,2.2,кг,120,264.0
2026-01-15,2,Огурцы,1.8,кг,100,180.0
2026-01-15,2,Картофель,3.5,кг,40,140.0
2026-01-15,2,Сыр твердый,1.1,кг,450,495.0
2026-01-15,2,Сливки,1.7,л,200,340.0
2026-01-15,2,Молоко,2.8,л,70,196.0
2026-01-15,2,Мука,1.1,кг,50,55.0
2026-01-15,2,Сахар,0.5,кг,60,30.0
2026-01-15,2,Кофе в зернах,0.3,кг,800,240.0
2026-01-15,3,Куриное филе,2.3,кг,250,575.0
2026-01-15,3,Говядина,1.1,кг,500,550.0
2026-01-15,3,Свинина,0.8,кг,400,320.0
2026-01-15,3,Рыба (филе),0.9,кг,600,540.0
2026-01-15,3,Креветки,0.5,кг,800,400.0
2026-01-15,3,Огурцы,1.6,кг,100,160.0
2026-01-15,3,Салат айсберг,1.2,кг,150,180.0
2026-01-15,3,Сливки,1.3,л,200,260.0
2026-01-15,3,Молоко,2.8,л,70,196.0
2026-01-15,3,Макароны,1.9,кг,80,152.0
2026-01-15,3,Мука,0.9,кг,50,45.0
2026-01-15,3,Сахар,0.4,кг,60,24.0
2026-01-15,3,Кофе в зернах,0.3,кг,800,240.0
2026-01-15,3,Чай листовой,0.1,кг,500,50.0
2026-01-15,3,Соки,2.1,л,120,252.0
2026-01-15,3,Пиво,3.1,л,150,465.0
2026-01-15,8,Куриное филе,1.8,кг,250,450.0
2026-01-15,8,Говядина,1.4,кг,500,700.0
2026-01-15,8,Рыба (филе),0.8,кг,600,480.0
2026-01-15,8,Креветки,0.4,кг,800,320.0
2026-01-15,8,Помидоры,2.4,кг,120,288.0
2026-01-15,8,Огурцы,1.5,кг,100,150.0
2026-01-15,8,Салат айсберг,1.0,кг,150,150.0
2026-01-15,8,Сыр твердый,1.2,кг,450,540.0
2026-01-15,8,Сливки,1.5,л,200,300.0
2026-01-15,8,Макароны,1.7,кг,80,136.0
2026-01-15,8,Кофе в зернах,0.2,кг,800,160.0
2026-01-15,8,Чай листовой,0.1,кг,500,50.0
2026-01-16,1,Рыба (филе),0.9,кг,600,540.0
2026-01-16,1,Креветки,0.4,кг,800,320.0
2026-01-16,1,Огурцы,1.4,кг,100,140.0
2026-01-16,1,Салат айсберг,1.0,кг,150,150.0
2026-01-16,1,Картофель,4.3,кг,40,172.0
2026-01-16,1,Сыр твердый,1.1,кг,450,495.0
2026-01-16,1,Сыр пармезан,0.5,кг,800,400.0
2026-01-16,1,Сливки,1.4,л,200,280.0
2026-01-16,1,Молоко,2.9,л,70,203.0
2026-01-16,1,Макароны,2.0,кг,80,160.0
2026-01-16,1,Рис,1.2,кг,90,108.0
2026-01-16,1,Мука,1.2,кг,50,60.0
2026-01-16,1,Сахар,0.5,кг,60,30.0
2026-01-16,1,Кофе в зернах,0.3,кг,800,240.0
2026-01-16,1,Чай листовой,0.2,кг,500,100.0
2026-01-16,1,Соки,2.0,л,120,240.0
2026-01-16,1,Пиво,2.5,л,150,375.0
2026-01-16,7,Куриное филе,2.4,кг,250,600.0
2026-01-16,7,Говядина,1.7,кг,500,850.0
2026-01-16,7,Креветки,0.5,кг,800,400.0
2026-01-16,7,Помидоры,2.1,кг,120,252.0
2026-01-16,7,Огурцы,1.4,кг,100,140.0
2026-01-16,7,Салат айсберг,0.8,кг,150,120.0
2026-01-16,7,Сыр твердый,1.0,кг,450,450.0
2026-01-16,7,Сыр пармезан,0.5,кг,800,400.0
2026-01-16,7,Сливки,1.3,л,200,260.0
2026-01-16,7,Макароны,2.1,кг,80,168.0
2026-01-16,7,Мука,1.1,кг,50,55.0
2026-01-16,7,Кофе в зернах,0.2,кг,800,160.0
2026-01-16,7,Пиво,2.7,л,150,405.0
2026-01-16,8,Куриное филе,1.6,кг,250,400.0
2026-01-16,8,Помидоры,2.1,кг,120,252.0
2026-01-16,8,Огурцы,1.5,кг,100,150.0
2026-01-16,8,Салат айсберг,0.9,кг,150,135.0
2026-01-16,8,Картофель,4.4,кг,40,176.0
2026-01-16,8,Сыр твердый,0.9,кг,450,405.0
2026-01-16,8,Сыр пармезан,0.4,кг,800,320.0
2026-01-16,8,Сливки,1.5,л,200,300.0
2026-01-16,8,Молоко,2.4,л,70,168.0
2026-01-16,8,Макароны,2.0,кг,80,160.0
2026-01-16,8,Рис,1.2,кг,90,108.0
2026-01-16,8,Мука,0.8,кг,50,40.0
2026-01-16,8,Сахар,0.4,кг,60,24.0
2026-01-16,8,Чай листовой,0.2,кг,500,100.0
2026-01-16,8,Соки,2.5,л,120,300.0
2026-01-16,8,Пиво,2.7,л,150,405.0
2026-01-16,9,Говядина,1.4,кг,500,700.0
2026-01-16,9,Свинина,1.0,кг,400,400.0
2026-01-16,9,Рыба (филе),0.8,кг,600,480.0
2026-01-16,9,Креветки,0.5,кг,800,400.0
2026-01-16,9,Помидоры,1.8,кг,120,216.0
2026-01-16,9,Огурцы,1.4,кг,100,140.0
2026-01-16,9,Сыр твердый,0.9,кг,450,405.0
2026-01-16,9,Макароны,1.9,кг,80,152.0
2026-01-16,9,Рис,1.7,кг,90,153.0
2026-01-16,9,Сахар,0.5,кг,60,30.0
2026-01-16,9,Кофе в зернах,0.2,кг,800,160.0
2026-01-16,9,Соки,2.0,л,120,240.0
2026-01-16,9,Пиво,2.3,л,150,345.0
2026-01-16,10,Куриное филе,2.7,кг,250,675.0
2026-01-16,10,Рыба (филе),1.0,кг,600,600.0
2026-01-16,10,Помидоры,2.2,кг,120,264.0
2026-01-16,10,Салат айсберг,1.2,кг,150,180.0
2026-01-16,10,Картофель,3.8,кг,40,152.0
2026-01-16,10,Сыр пармезан,0.4,кг,800,320.0
2026-01-16,10,Сливки,1.4,л,200,280.0
2026-01-16,10,Макароны,2.1,кг,80,168.0
2026-01-16,10,Рис,1.3,кг,90,117.0
2026-01-16,10,Мука,1.1,кг,50,55.0
2026-01-16,10,Чай листовой,0.1,кг,500,50.0
2026-01-17,6,Куриное филе,2.8,кг,250,700.0
2026-01-17,6,Говядина,1.4,кг,500,700.0
2026-01-17,6,Свинина,1.2,кг,400,480.0
2026-01-17,6,Помидоры,1.9,кг,120,228.0
2026-01-17,6,Огурцы,1.6,кг,100,160.0
2026-01-17,6,Салат айсберг,1.0,кг,150,150.0
2026-01-17,6,Картофель,3.8,кг,40,152.0
2026-01-17,6,Сыр пармезан,0.5,кг,800,400.0
2026-01-17,6,Сливки,1.3,л,200,260.0
2026-01-17,6,Молоко,2.9,л,70,203.0
2026-01-17,6,Сахар,0.6,кг,60,36.0
2026-01-17,6,Чай листовой,0.1,кг,500,50.0
2026-01-17,6,Пиво,2.4,л,150,360.0
2026-01-17,7,Куриное филе,2.3,кг,250,575.0
2026-01-17,7,Говядина,1.5,кг,500,750.0
2026-01-17,7,Свинина,0.9,кг,400,360.0
2026-01-17,7,Рыба (филе),0.9,кг,600,540.0
2026-01-17,7,Огурцы,1.3,кг,100,130.0
2026-01-17,7,Салат айсберг,1.0,кг,150,150.0
2026-01-17,7,Картофель,4.2,кг,40,168.0
2026-01-17,7,Сыр твердый,0.8,кг,450,360.0
2026-01-17,7,Сыр пармезан,0.6,кг,800,480.0
2026-01-17,7,Сливки,1.5,л,200,300.0
2026-01-17,7,Молоко,2.9,л,70,203.0
2026-01-17,7,Макароны,2.1,кг,80,168.0
2026-01-17,7,Рис,1.8,кг,90,162.0
2026-01-17,7,Мука,1.2,кг,50,60.0
2026-01-17,7,Сахар,0.5,кг,60,30.0
2026-01-17,7,Кофе в зернах,0.3,кг,800,240.0
2026-01-17,7,Чай листовой,0.1,кг,500,50.0
2026-01-17,7,Соки,1.7,л,120,204.0
2026-01-17,7,Пиво,2.3,л,150,345.0
2026-01-17,10,Куриное филе,2.1,кг,250,525.0
2026-01-17,10,Свинина,1.1,кг,400,440.0
2026-01-17,10,Креветки,0.4,кг,800,320.0
2026-01-17,10,Салат айсберг,0.9,кг,150,135.0
2026-01-17,10,Картофель,4.5,кг,40,180.0
2026-01-17,10,Сыр твердый,1.1,кг,450,495.0
2026-01-17,10,Сыр пармезан,0.4,кг,800,320.0
2026-01-17,10,Сливки,1.3,л,200,260.0
2026-01-17,10,Молоко,2.9,л,70,203.0
2026-01-17,10,Рис,1.4,кг,90,126.0
2026-01-17,10,Кофе в зернах,0.3,кг,800,240.0
2026-01-17,10,Чай листовой,0.2,кг,500,100.0
2026-01-17,10,Пиво,2.4,л,150,360.0
2026-01-18,3,Говядина,1.1,кг,500,550.0
2026-01-18,3,Свинина,0.9,кг,400,360.0
2026-01-18,3,Рыба (филе),0.9,кг,600,540.0
2026-01-18,3,Креветки,0.3,кг,800,240.0
2026-01-18,3,Огурцы,1.6,кг,100,160.0
2026-01-18,3,Салат айсберг,0.9,кг,150,135.0
2026-01-18,3,Картофель,3.3,кг,40,132.0
2026-01-18,3,Сыр пармезан,0.5,кг,800,400.0
2026-01-18,3,Сливки,1.6,л,200,320.0
2026-01-18,3,Молоко,2.2,л,70,154.0
2026-01-18,3,Макароны,1.9,кг,80,152.0
2026-01-18,3,Рис,1.3,кг,90,117.0
2026-01-18,3,Сахар,0.5,кг,60,30.0
2026-01-18,3,Кофе в зернах,0.3,кг,800,240.0
2026-01-18,3,Чай листовой,0.1,кг,500,50.0
2026-01-18,3,Соки,1.8,л,120,216.0
2026-01-18,3,Пиво,2.4,л,150,360.0
2026-01-18,4,Куриное филе,2.3,кг,250,575.0
2026-01-18,4,Говядина,1.5,кг,500,750.0
2026-01-18,4,Помидоры,2.3,кг,120,276.0
2026-01-18,4,Огурцы,1.6,кг,100,160.0
2026-01-18,4,Картофель,4.2,кг,40,168.0
2026-01-18,4,Сыр твердый,1.1,кг,450,495.0
2026-01-18,4,Сливки,1.6,л,200,320.0
2026-01-18,4,Молоко,2.3,л,70,161.0
2026-01-18,4,Чай листовой,0.2,кг,500,100.0
2026-01-18,4,Соки,1.7,л,120,204.0
2026-01-18,6,Говядина,1.5,кг,500,750.0
2026-01-18,6,Креветки,0.6,кг,800,480.0
2026-01-18,6,Помидоры,1.6,кг,120,192.0
2026-01-18,6,Салат айсберг,1.1,кг,150,165.0
2026-01-18,6,Сыр твердый,0.9,кг,450,405.0
2026-01-18,6,Сыр пармезан,0.6,кг,800,480.0
2026-01-18,6,Сливки,1.4,л,200,280.0
2026-01-18,6,Мука,0.8,кг,50,40.0
2026-01-18,6,Сахар,0.4,кг,60,24.0
2026-01-18,6,Чай листовой,0.2,кг,500,100.0
2026-01-18,6,Соки,2.2,л,120,264.0
2026-01-18,6,Пиво,2.7,л,150,405.0
2026-01-18,10,Куриное филе,2.4,кг,250,600.0
2026-01-18,10,Говядина,1.4,кг,500,700.0
2026-01-18,10,Свинина,0.9,кг,400,360.0
2026-01-18,10,Рыба (филе),0.9,кг,600,540.0
2026-01-18,10,Креветки,0.5,кг,800,400.0
2026-01-18,10,Помидоры,2.2,кг,120,264.0
2026-01-18,10,Огурцы,1.6,кг,100,160.0
2026-01-18,10,Салат айсберг,1.0,кг,150,150.0
2026-01-18,10,Картофель,4.0,кг,40,160.0
2026-01-18,10,Сыр твердый,0.9,кг,450,405.0
2026-01-18,10,Сыр пармезан,0.5,кг,800,400.0
2026-01-18,10,Сливки,1.6,л,200,320.0
2026-01-18,10,Макароны,2.0,кг,80,160.0
2026-01-18,10,Кофе в зернах,0.3,кг,800,240.0
2026-01-18,10,Чай листовой,0.1,кг,500,50.0
2026-01-19,4,Куриное филе,2.9,кг,250,725.0
2026-01-19,4,Говядина,1.5,кг,500,750.0
2026-01-19,4,Креветки,0.4,кг,800,320.0
2026-01-19,4,Огурцы,1.3,кг,100,130.0
2026-01-19,4,Салат айсберг,1.1,кг,150,165.0
2026-01-19,4,Картофель,3.6,кг,40,144.0
2026-01-19,4,Сыр пармезан,0.4,кг,800,320.0
2026-01-19,4,Сливки,1.8,л,200,360.0
2026-01-19,4,Молоко,2.3,л,70,161.0
2026-01-19,4,Макароны,2.2,кг,80,176.0
2026-01-19,4,Мука,0.9,кг,50,45.0
2026-01-19,4,Кофе в зернах,0.3,кг,800,240.0
2026-01-19,4,Чай листовой,0.1,кг,500,50.0
2026-01-19,4,Соки,2.3,л,120,276.0
2026-01-19,4,Пиво,2.8,л,150,420.0
2026-01-19,7,Говядина,1.4,кг,500,700.0
2026-01-19,7,Рыба (филе),1.0,кг,600,600.0
2026-01-19,7,Креветки,0.4,кг,800,320.0
2026-01-19,7,Салат айсберг,1.1,кг,150,165.0
2026-01-19,7,Картофель,4.6,кг,40,184.0
2026-01-19,7,Сыр твердый,1.0,кг,450,450.0
2026-01-19,7,Сыр пармезан,0.5,кг,800,400.0
2026-01-19,7,Сливки,1.5,л,200,300.0
2026-01-19,7,Молоко,2.0,л,70,140.0
2026-01-19,7,Макароны,2.4,кг,80,192.0
2026-01-19,7,Рис,1.7,кг,90,153.0
2026-01-19,7,Кофе в зернах,0.3,кг,800,240.0
2026-01-19,7,Чай листовой,0.2,кг,500,100.0
2026-01-19,7,Соки,2.0,л,120,240.0
2026-01-19,7,Пиво,2.7,л,150,405.0
2026-01-19,10,Говядина,1.8,кг,500,900.0
2026-01-19,10,Свинина,1.0,кг,400,400.0
2026-01-19,10,Креветки,0.4,кг,800,320.0
2026-01-19,10,Помидоры,2.0,кг,120,240.0
2026-01-19,10,Огурцы,1.6,кг,100,160.0
2026-01-19,10,Картофель,3.9,кг,40,156.0
2026-01-19,10,Сыр твердый,1.2,кг,450,540.0
2026-01-19,10,Сыр пармезан,0.6,кг,800,480.0
2026-01-19,10,Молоко,2.6,л,70,182.0
2026-01-19,10,Рис,1.8,кг,90,162.0
2026-01-19,10,Кофе в зернах,0.3,кг,800,240.0
2026-01-19,10,Чай листовой,0.2,кг,500,100.0
2026-01-19,10,Соки,1.8,л,120,216.0
2026-01-19,10,Пиво,2.6,л,150,390.0
2026-01-20,1,Говядина,1.6,кг,500,800.0
2026-01-20,1,Свинина,1.2,кг,400,480.0
2026-01-20,1,Рыба (филе),1.0,кг,600,600.0
2026-01-20,1,Огурцы,1.8,кг,100,180.0
2026-01-20,1,Картофель,3.9,кг,40,156.0
2026-01-20,1,Сыр пармезан,0.5,кг,800,400.0
2026-01-20,1,Сливки,1.3,л,200,260.0
2026-01-20,1,Макароны,2.0,кг,80,160.0
2026-01-20,1,Рис,1.6,кг,90,144.0
2026-01-20,1,Сахар,0.5,кг,60,30.0
2026-01-20,1,Чай листовой,0.2,кг,500,100.0
2026-01-20,1,Соки,2.3,л,120,276.0
2026-01-20,1,Пиво,2.5,л,150,375.0
2026-01-20,3,Куриное филе,2.0,кг,250,500.0
2026-01-20,3,Говядина,1.4,кг,500,700.0
2026-01-20,3,Свинина,0.7,кг,400,280.0
2026-01-20,3,Рыба (филе),0.9,кг,600,540.0
2026-01-20,3,Помидоры,2.2,кг,120,264.0
2026-01-20,3,Огурцы,1.7,кг,100,170.0
2026-01-20,3,Картофель,4.3,кг,40,172.0
2026-01-20,3,Сыр пармезан,0.6,кг,800,480.0
2026-01-20,3,Сливки,1.8,л,200,360.0
2026-01-20,3,Молоко,2.2,л,70,154.0
2026-01-20,3,Макароны,2.0,кг,80,160.0
2026-01-20,3,Сахар,0.6,кг,60,36.0
2026-01-20,3,Чай листовой,0.1,кг,500,50.0
2026-01-20,4,Куриное филе,2.8,кг,250,700.0
2026-01-20,4,Свинина,1.1,кг,400,440.0
2026-01-20,4,Рыба (филе),1.1,кг,600,660.0
2026-01-20,4,Огурцы,1.7,кг,100,170.0
2026-01-20,4,Салат айсберг,1.0,кг,150,150.0
2026-01-20,4,Картофель,3.5,кг,40,140.0
2026-01-20,4,Сливки,1.7,л,200,340.0
2026-01-20,4,Молоко,2.3,л,70,161.0
2026-01-20,4,Макароны,2.3,кг,80,184.0
2026-01-20,4,Рис,1.2,кг,90,108.0
2026-01-20,4,Сахар,0.4,кг,60,24.0
2026-01-20,4,Кофе в зернах,0.3,кг,800,240.0
2026-01-20,4,Соки,1.7,л,120,204.0
2026-01-20,6,Говядина,1.3,кг,500,650.0
2026-01-20,6,Свинина,1.1,кг,400,440.0
2026-01-20,6,Рыба (филе),1.1,кг,600,660.0
2026-01-20,6,Креветки,0.5,кг,800,400.0
2026-01-20,6,Огурцы,1.7,кг,100,170.0
2026-01-20,6,Салат айсберг,1.1,кг,150,165.0
2026-01-20,6,Сыр твердый,1.1,кг,450,495.0
2026-01-20,6,Сыр пармезан,0.6,кг,800,480.0
2026-01-20,6,Сливки,1.5,л,200,300.0
2026-01-20,6,Молоко,2.1,л,70,147.0
2026-01-20,6,Макароны,2.3,кг,80,184.0
2026-01-20,6,Сахар,0.5,кг,60,30.0
2026-01-20,6,Чай листовой,0.2,кг,500,100.0
2026-01-20,6,Соки,2.1,л,120,252.0
2026-01-20,6,Пиво,2.5,л,150,375.0
2026-01-21,2,Куриное филе,2.2,кг,250,550.0
2026-01-21,2,Свинина,0.9,кг,400,360.0
2026-01-21,2,Рыба (филе),1.0,кг,600,600.0
2026-01-21,2,Креветки,0.4,кг,800,320.0
2026-01-21,2,Салат айсберг,1.1,кг,150,165.0
2026-01-21,2,Сыр твердый,1.1,кг,450,495.0
2026-01-21,2,Сыр пармезан,0.6,кг,800,480.0
2026-01-21,2,Молоко,2.3,л,70,161.0
2026-01-21,2,Макароны,1.8,кг,80,144.0
2026-01-21,2,Мука,0.8,кг,50,40.0
2026-01-21,2,Сахар,0.6,кг,60,36.0
2026-01-21,2,Кофе в зернах,0.3,кг,800,240.0
2026-01-21,2,Чай листовой,0.2,кг,500,100.0
2026-01-21,4,Куриное филе,2.4,кг,250,600.0
2026-01-21,4,Говядина,1.4,кг,500,700.0
2026-01-21,4,Свинина,1.0,кг,400,400.0
2026-01-21,4,Рыба (филе),1.0,кг,600,600.0
2026-01-21,4,Помидоры,2.1,кг,120,252.0
2026-01-21,4,Сыр пармезан,0.5,кг,800,400.0
2026-01-21,4,Сливки,1.5,л,200,300.0
2026-01-21,4,Чай листовой,0.2,кг,500,100.0
2026-01-21,4,Соки,1.8,л,120,216.0
2026-01-21,5,Куриное филе,2.9,кг,250,725.0
2026-01-21,5,Говядина,1.6,кг,500,800.0
2026-01-21,5,Свинина,0.8,кг,400,320.0
2026-01-21,5,Рыба (филе),1.0,кг,600,600.0
2026-01-21,5,Помидоры,2.1,кг,120,252.0
2026-01-21,5,Огурцы,1.3,кг,100,130.0
2026-01-21,5,Салат айсберг,0.9,кг,150,135.0
2026-01-21,5,Сыр твердый,0.9,кг,450,405.0
2026-01-21,5,Сыр пармезан,0.6,кг,800,480.0
2026-01-21,5,Сливки,1.3,л,200,260.0
2026-01-21,5,Молоко,2.3,л,70,161.0
2026-01-21,5,Макароны,1.7,кг,80,136.0
2026-01-21,5,Рис,1.6,кг,90,144.0
2026-01-21,5,Мука,0.9,кг,50,45.0
2026-01-21,5,Сахар,0.5,кг,60,30.0
2026-01-21,5,Соки,2.1,л,120,252.0
2026-01-21,5,Пиво,2.9,л,150,435.0
2026-01-21,7,Говядина,1.7,кг,500,850.0
2026-01-21,7,Свинина,0.9,кг,400,360.0
2026-01-21,7,Рыба (филе),1.1,кг,600,660.0
2026-01-21,7,Креветки,0.4,кг,800,320.0
2026-01-21,7,Помидоры,2.2,кг,120,264.0
2026-01-21,7,Сыр пармезан,0.5,кг,800,400.0
2026-01-21,7,Сливки,1.3,л,200,260.0
2026-01-21,7,Рис,1.8,кг,90,162.0
2026-01-21,7,Мука,1.2,кг,50,60.0
2026-01-21,7,Кофе в зернах,0.3,кг,800,240.0
2026-01-21,7,Чай листовой,0.1,кг,500,50.0
2026-01-21,7,Соки,2.0,л,120,240.0
2026-01-21,8,Куриное филе,1.6,кг,250,400.0
2026-01-21,8,Говядина,1.3,кг,500,650.0
2026-01-21,8,Свинина,0.8,кг,400,320.0
2026-01-21,8,Рыба (филе),0.7,кг,600,420.0
2026-01-21,8,Креветки,0.4,кг,800,320.0
2026-01-21,8,Огурцы,1.6,кг,100,160.0
2026-01-21,8,Салат айсберг,1.0,кг,150,150.0
2026-01-21,8,Сыр пармезан,0.5,кг,800,400.0
2026-01-21,8,Молоко,2.9,л,70,203.0
2026-01-21,8,Макароны,1.8,кг,80,144.0
2026-01-21,8,Рис,1.4,кг,90,126.0
2026-01-21,8,Мука,0.9,кг,50,45.0
2026-01-21,8,Сахар,0.5,кг,60,30.0
2026-01-21,8,Чай листовой,0.2,кг,500,100.0
2026-01-21,8,Соки,2.3,л,120,276.0
2026-01-21,9,Говядина,1.8,кг,500,900.0
2026-01-21,9,Свинина,1.1,кг,400,440.0
2026-01-21,9,Рыба (филе),1.0,кг,600,600.0
2026-01-21,9,Помидоры,2.0,кг,120,240.0
2026-01-21,9,Салат айсберг,1.0,кг,150,150.0
2026-01-21,9,Картофель,4.8,кг,40,192.0
2026-01-21,9,Сыр пармезан,0.6,кг,800,480.0
2026-01-21,9,Сливки,1.3,л,200,260.0
2026-01-21,9,Молоко,2.8,л,70,196.0
2026-01-21,9,Мука,1.0,кг,50,50.0
2026-01-21,9,Сахар,0.6,кг,60,36.0
2026-01-21,9,Кофе в зернах,0.3,кг,800,240.0
2026-01-21,9,Соки,1.9,л,120,228.0
2026-01-21,9,Пиво,2.8,л,150,420.0
2026-01-21,10,Куриное филе,2.3,кг,250,575.0
2026-01-21,10,Говядина,1.5,кг,500,750.0
2026-01-21,10,Свинина,0.8,кг,400,320.0
2026-01-21,10,Рыба (филе),0.9,кг,600,540.0
2026-01-21,10,Огурцы,1.7,кг,100,170.0
2026-01-21,10,Картофель,3.9,кг,40,156.0
2026-01-21,10,Сыр твердый,1.0,кг,450,450.0
2026-01-21,10,Сыр пармезан,0.4,кг,800,320.0
2026-01-21,10,Сливки,1.8,л,200,360.0
2026-01-21,10,Молоко,2.7,л,70,189.0
2026-01-21,10,Макароны,2.1,кг,80,168.0
2026-01-21,10,Мука,1.1,кг,50,55.0
2026-01-21,10,Кофе в зернах,0.2,кг,800,160.0
2026-01-21,10,Чай листовой,0.2,кг,500,100.0
2026-01-21,10,Пиво,2.9,л,150,435.0
2026-01-22,5,Говядина,1.6,кг,500,800.0
2026-01-22,5,Свинина,1.0,кг,400,400.0
2026-01-22,5,Рыба (филе),1.1,кг,600,660.0
2026-01-22,5,Креветки,0.5,кг,800,400.0
2026-01-22,5,Огурцы,1.6,кг,100,160.0
2026-01-22,5,Салат айсберг,1.1,кг,150,165.0
2026-01-22,5,Сыр твердый,0.9,кг,450,405.0
2026-01-22,5,Сыр пармезан,0.6,кг,800,480.0
2026-01-22,5,Рис,1.5,кг,90,135.0
2026-01-22,5,Мука,0.9,кг,50,45.0
2026-01-22,5,Сахар,0.6,кг,60,36.0
2026-01-22,5,Кофе в зернах,0.3,кг,800,240.0
2026-01-22,5,Чай листовой,0.2,кг,500,100.0
2026-01-22,5,Пиво,2.8,л,150,420.0
2026-01-22,6,Куриное филе,2.2,кг,250,550.0
2026-01-22,6,Говядина,1.4,кг,500,700.0
2026-01-22,6,Свинина,1.0,кг,400,400.0
2026-01-22,6,Рыба (филе),0.9,кг,600,540.0
2026-01-22,6,Креветки,0.5,кг,800,400.0
2026-01-22,6,Помидоры,2.1,кг,120,252.0
2026-01-22,6,Огурцы,1.5,кг,100,150.0
2026-01-22,6,Картофель,3.9,кг,40,156.0
2026-01-22,6,Сыр твердый,0.9,кг,450,405.0
2026-01-22,6,Сыр пармезан,0.5,кг,800,400.0
2026-01-22,6,Молоко,2.6,л,70,182.0
2026-01-22,6,Макароны,2.2,кг,80,176.0
2026-01-22,6,Сахар,0.6,кг,60,36.0
2026-01-22,6,Кофе в зернах,0.2,кг,800,160.0
2026-01-22,6,Соки,1.9,л,120,228.0
2026-01-22,6,Пиво,2.9,л,150,435.0
2026-01-22,8,Куриное филе,2.0,кг,250,500.0
2026-01-22,8,Говядина,1.3,кг,500,650.0
2026-01-22,8,Свинина,0.6,кг,400,240.0
2026-01-22,8,Огурцы,1.3,кг,100,130.0
2026-01-22,8,Салат айсберг,1.0,кг,150,150.0
2026-01-22,8,Картофель,4.0,кг,40,160.0
2026-01-22,8,Сыр пармезан,0.5,кг,800,400.0
2026-01-22,8,Сливки,1.6,л,200,320.0
2026-01-22,8,Молоко,2.4,л,70,168.0
2026-01-22,8,Сахар,0.5,кг,60,30.0
2026-01-22,8,Кофе в зернах,0.3,кг,800,240.0
2026-01-22,8,Соки,1.9,л,120,228.0
2026-01-22,8,Пиво,2.3,л,150,345.0
2026-01-22,10,Куриное филе,2.6,кг,250,650.0
2026-01-22,10,Говядина,1.3,кг,500,650.0
2026-01-22,10,Рыба (филе),0.9,кг,600,540.0
2026-01-22,10,Креветки,0.5,кг,800,400.0
2026-01-22,10,Огурцы,1.3,кг,100,130.0
2026-01-22,10,Картофель,3.8,кг,40,152.0
2026-01-22,10,Сыр пармезан,0.5,кг,800,400.0
2026-01-22,10,Сливки,1.6,л,200,320.0
2026-01-22,10,Молоко,2.7,л,70,189.0
2026-01-22,10,Макароны,2.3,кг,80,184.0
2026-01-22,10,Рис,1.5,кг,90,135.0
2026-01-22,10,Мука,1.3,кг,50,65.0
2026-01-22,10,Сахар,0.6,кг,60,36.0
2026-01-22,10,Кофе в зернах,0.2,кг,800,160.0
2026-01-22,10,Чай листовой,0.1,кг,500,50.0
2026-01-22,10,Соки,1.5,л,120,180.0
2026-01-22,10,Пиво,3.1,л,150,465.0
2026-01-23,1,Говядина,1.8,кг,500,900.0
2026-01-23,1,Свинина,1.1,кг,400,440.0
2026-01-23,1,Рыба (филе),1.1,кг,600,660.0
2026-01-23,1,Креветки,0.5,кг,800,400.0
2026-01-23,1,Помидоры,2.4,кг,120,288.0
2026-01-23,1,Огурцы,1.3,кг,100,130.0
2026-01-23,1,Салат айсберг,1.1,кг,150,165.0
2026-01-23,1,Картофель,3.8,кг,40,152.0
2026-01-23,1,Сыр пармезан,0.6,кг,800,480.0
2026-01-23,1,Сливки,1.5,л,200,300.0
2026-01-23,1,Молоко,2.1,л,70,147.0
2026-01-23,1,Макароны,2.3,кг,80,184.0
2026-01-23,1,Рис,1.5,кг,90,135.0
2026-01-23,1,Кофе в зернах,0.3,кг,800,240.0
2026-01-23,1,Чай листовой,0.2,кг,500,100.0
2026-01-23,1,Пиво,2.3,л,150,345.0
2026-01-23,4,Куриное филе,2.3,кг,250,575.0
2026-01-23,4,Рыба (филе),1.1,кг,600,660.0
2026-01-23,4,Креветки,0.5,кг,800,400.0
2026-01-23,4,Помидоры,1.8,кг,120,216.0
2026-01-23,4,Огурцы,1.7,кг,100,170.0
2026-01-23,4,Картофель,4.3,кг,40,172.0
2026-01-23,4,Сливки,1.4,л,200,280.0
2026-01-23,4,Молоко,2.7,л,70,189.0
2026-01-23,4,Макароны,2.1,кг,80,168.0
2026-01-23,4,Рис,1.5,кг,90,135.0
2026-01-23,4,Мука,0.8,кг,50,40.0
2026-01-23,4,Кофе в зернах,0.3,кг,800,240.0
2026-01-23,4,Чай листовой,0.1,кг,500,50.0
2026-01-23,4,Соки,1.9,л,120,228.0
2026-01-23,7,Говядина,1.6,кг,500,800.0
2026-01-23,7,Свинина,1.1,кг,400,440.0
2026-01-23,7,Креветки,0.5,кг,800,400.0
2026-01-23,7,Помидоры,2.0,кг,120,240.0
2026-01-23,7,Огурцы,1.9,кг,100,190.0
2026-01-23,7,Картофель,3.7,кг,40,148.0
2026-01-23,7,Сыр твердый,1.1,кг,450,495.0
2026-01-23,7,Сливки,1.7,л,200,340.0
2026-01-23,7,Макароны,1.8,кг,80,144.0
2026-01-23,7,Мука,1.0,кг,50,50.0
2026-01-23,7,Кофе в зернах,0.3,кг,800,240.0
2026-01-23,7,Чай листовой,0.1,кг,500,50.0
2026-01-23,7,Соки,2.4,л,120,288.0
2026-01-23,8,Куриное филе,1.9,кг,250,475.0
2026-01-23,8,Говядина,1.1,кг,500,550.0
2026-01-23,8,Свинина,0.8,кг,400,320.0
2026-01-23,8,Рыба (филе),0.9,кг,600,540.0
2026-01-23,8,Креветки,0.3,кг,800,240.0
2026-01-23,8,Помидоры,1.7,кг,120,204.0
2026-01-23,8,Огурцы,1.6,кг,100,160.0
2026-01-23,8,Салат айсберг,1.2,кг,150,180.0
2026-01-23,8,Картофель,3.7,кг,40,148.0
2026-01-23,8,Сыр пармезан,0.6,кг,800,480.0
2026-01-23,8,Сливки,1.3,л,200,260.0
2026-01-23,8,Молоко,2.8,л,70,196.0
2026-01-23,8,Макароны,1.8,кг,80,144.0
2026-01-23,8,Мука,1.0,кг,50,50.0
2026-01-23,8,Кофе в зернах,0.2,кг,800,160.0
2026-01-23,8,Соки,2.0,л,120,240.0
2026-01-23,8,Пиво,2.7,л,150,405.0
2026-01-24,1,Свинина,1.0,кг,400,400.0
2026-01-24,1,Рыба (филе),1.0,кг,600,600.0
2026-01-24,1,Креветки,0.5,кг,800,400.0
2026-01-24,1,Салат айсберг,1.1,кг,150,165.0
2026-01-24,1,Сыр твердый,0.8,кг,450,360.0
2026-01-24,1,Сыр пармезан,0.4,кг,800,320.0
2026-01-24,1,Сливки,1.5,л,200,300.0
2026-01-24,1,Молоко,2.2,л,70,154.0
2026-01-24,1,Рис,1.6,кг,90,144.0
2026-01-24,1,Мука,1.0,кг,50,50.0
2026-01-24,1,Сахар,0.4,кг,60,24.0
2026-01-24,1,Кофе в зернах,0.3,кг,800,240.0
2026-01-24,1,Чай листовой,0.2,кг,500,100.0
2026-01-24,1,Пиво,3.2,л,150,480.0
2026-01-24,5,Куриное филе,2.6,кг,250,650.0
2026-01-24,5,Говядина,1.7,кг,500,850.0
2026-01-24,5,Свинина,1.1,кг,400,440.0
2026-01-24,5,Креветки,0.5,кг,800,400.0
2026-01-24,5,Огурцы,1.2,кг,100,120.0
2026-01-24,5,Салат айсберг,0.8,кг,150,120.0
2026-01-24,5,Картофель,3.5,кг,40,140.0
2026-01-24,5,Сыр твердый,1.1,кг,450,495.0
2026-01-24,5,Сыр пармезан,0.5,кг,800,400.0
2026-01-24,5,Сливки,1.4,л,200,280.0
2026-01-24,5,Молоко,2.9,л,70,203.0
2026-01-24,5,Макароны,2.1,кг,80,168.0
2026-01-24,5,Мука,1.1,кг,50,55.0
2026-01-24,5,Сахар,0.4,кг,60,24.0
2026-01-24,5,Кофе в зернах,0.3,кг,800,240.0
2026-01-24,5,Соки,2.5,л,120,300.0
2026-01-24,5,Пиво,2.4,л,150,360.0
2026-01-24,8,Куриное филе,2.3,кг,250,575.0
2026-01-24,8,Свинина,0.7,кг,400,280.0
2026-01-24,8,Рыба (филе),0.8,кг,600,480.0
2026-01-24,8,Креветки,0.3,кг,800,240.0
2026-01-24,8,Помидоры,2.2,кг,120,264.0
2026-01-24,8,Салат айсберг,1.1,кг,150,165.0
2026-01-24,8,Картофель,3.3,кг,40,132.0
2026-01-24,8,Сыр твердый,0.9,кг,450,405.0
2026-01-24,8,Сыр пармезан,0.5,кг,800,400.0
2026-01-24,8,Молоко,2.5,л,70,175.0
2026-01-24,8,Макароны,2.1,кг,80,168.0
2026-01-24,8,Рис,1.5,кг,90,135.0
2026-01-24,8,Мука,1.1,кг,50,55.0
2026-01-24,8,Сахар,0.5,кг,60,30.0
2026-01-24,8,Кофе в зернах,0.2,кг,800,160.0
2026-01-24,8,Соки,2.3,л,120,276.0
2026-01-24,10,Куриное филе,2.3,кг,250,575.0
2026-01-24,10,Говядина,1.6,кг,500,800.0
2026-01-24,10,Свинина,1.0,кг,400,400.0
2026-01-24,10,Рыба (филе),1.0,кг,600,600.0
2026-01-24,10,Салат айсберг,1.0,кг,150,150.0
2026-01-24,10,Картофель,4.4,кг,40,176.0
2026-01-24,10,Сыр твердый,0.9,кг,450,405.0
2026-01-24,10,Сыр пармезан,0.5,кг,800,400.0
2026-01-24,10,Сливки,1.5,л,200,300.0
2026-01-24,10,Молоко,2.5,л,70,175.0
2026-01-24,10,Макароны,1.6,кг,80,128.0
2026-01-24,10,Рис,1.5,кг,90,135.0
2026-01-24,10,Кофе в зернах,0.2,кг,800,160.0
2026-01-24,10,Чай листовой,0.2,кг,500,100.0
2026-01-24,10,Пиво,2.3,л,150,345.0
2026-01-25,1,Куриное филе,2.8,кг,250,700.0
2026-01-25,1,Рыба (филе),1.2,кг,600,720.0
2026-01-25,1,Помидоры,2.3,кг,120,276.0
2026-01-25,1,Огурцы,1.8,кг,100,180.0
2026-01-25,1,Картофель,4.0,кг,40,160.0
2026-01-25,1,Сыр твердый,0.8,кг,450,360.0
2026-01-25,1,Сыр пармезан,0.4,кг,800,320.0
2026-01-25,1,Сливки,1.7,л,200,340.0
2026-01-25,1,Молоко,2.3,л,70,161.0
2026-01-25,1,Макароны,2.0,кг,80,160.0
2026-01-25,1,Рис,1.7,кг,90,153.0
2026-01-25,1,Мука,1.1,кг,50,55.0
2026-01-25,1,Кофе в зернах,0.2,кг,800,160.0
2026-01-25,1,Чай листовой,0.2,кг,500,100.0
2026-01-25,1,Соки,1.7,л,120,204.0
2026-01-25,1,Пиво,2.9,л,150,435.0
2026-01-25,7,Куриное филе,2.4,кг,250,600.0
2026-01-25,7,Говядина,1.4,кг,500,700.0
2026-01-25,7,Рыба (филе),0.8,кг,600,480.0
2026-01-25,7,Помидоры,1.8,кг,120,216.0
2026-01-25,7,Салат айсберг,1.0,кг,150,150.0
2026-01-25,7,Сливки,1.6,л,200,320.0
2026-01-25,7,Молоко,2.4,л,70,168.0
2026-01-25,7,Макароны,2.2,кг,80,176.0
2026-01-25,7,Мука,0.8,кг,50,40.0
2026-01-25,7,Сахар,0.5,кг,60,30.0
2026-01-25,8,Говядина,1.4,кг,500,700.0
2026-01-25,8,Креветки,0.4,кг,800,320.0
2026-01-25,8,Помидоры,2.3,кг,120,276.0
2026-01-25,8,Огурцы,1.7,кг,100,170.0
2026-01-25,8,Салат айсберг,1.2,кг,150,180.0
2026-01-25,8,Картофель,4.2,кг,40,168.0
2026-01-25,8,Сыр твердый,1.2,кг,450,540.0
2026-01-25,8,Сыр пармезан,0.5,кг,800,400.0
2026-01-25,8,Молоко,2.7,л,70,189.0
2026-01-25,8,Макароны,1.7,кг,80,136.0
2026-01-25,8,Рис,1.4,кг,90,126.0
2026-01-25,8,Мука,1.0,кг,50,50.0
2026-01-25,8,Сахар,0.4,кг,60,24.0
2026-01-25,8,Кофе в зернах,0.3,кг,800,240.0
2026-01-25,8,Чай листовой,0.1,кг,500,50.0
2026-01-25,8,Соки,1.9,л,120,228.0
2026-01-25,8,Пиво,2.2,л,150,330.0
2026-01-25,10,Куриное филе,2.5,кг,250,625.0
2026-01-25,10,Говядина,1.8,кг,500,900.0
2026-01-25,10,Свинина,1.0,кг,400,400.0
2026-01-25,10,Рыба (филе),0.8,кг,600,480.0
2026-01-25,10,Креветки,0.6,кг,800,480.0
2026-01-25,10,Помидоры,2.2,кг,120,264.0
2026-01-25,10,Картофель,4.0,кг,40,160.0
2026-01-25,10,Сыр твердый,1.1,кг,450,495.0
2026-01-25,10,Сыр пармезан,0.5,кг,800,400.0
2026-01-25,10,Макароны,1.7,кг,80,136.0
2026-01-25,10,Рис,1.8,кг,90,162.0
2026-01-25,10,Сахар,0.5,кг,60,30.0
2026-01-25,10,Кофе в зернах,0.2,кг,800,160.0
2026-01-25,10,Соки,2.5,л,120,300.0
2026-01-25,10,Пиво,2.4,л,150,360.0
2026-01-26,2,Говядина,1.9,кг,500,950.0
2026-01-26,2,Свинина,1.0,кг,400,400.0
2026-01-26,2,Креветки,0.5,кг,800,400.0
2026-01-26,2,Помидоры,1.9,кг,120,228.0
2026-01-26,2,Огурцы,1.2,кг,100,120.0
2026-01-26,2,Картофель,3.5,кг,40,140.0
2026-01-26,2,Сыр твердый,1.1,кг,450,495.0
2026-01-26,2,Сливки,1.4,л,200,280.0
2026-01-26,2,Молоко,2.7,л,70,189.0
2026-01-26,2,Макароны,1.9,кг,80,152.0
2026-01-26,2,Рис,1.6,кг,90,144.0
2026-01-26,2,Чай листовой,0.2,кг,500,100.0
2026-01-26,2,Пиво,2.8,л,150,420.0
2026-01-26,3,Куриное филе,1.7,кг,250,425.0
2026-01-26,3,Говядина,1.1,кг,500,550.0
2026-01-26,3,Помидоры,2.1,кг,120,252.0
2026-01-26,3,Огурцы,1.6,кг,100,160.0
2026-01-26,3,Салат айсберг,1.3,кг,150,195.0
2026-01-26,3,Сыр твердый,1.0,кг,450,450.0
2026-01-26,3,Сливки,1.3,л,200,260.0
2026-01-26,3,Молоко,2.8,л,70,196.0
2026-01-26,3,Макароны,2.1,кг,80,168.0
2026-01-26,3,Рис,1.5,кг,90,135.0
2026-01-26,3,Мука,1.0,кг,50,50.0
2026-01-26,3,Сахар,0.5,кг,60,30.0
2026-01-26,3,Кофе в зернах,0.3,кг,800,240.0
2026-01-26,3,Чай листовой,0.2,кг,500,100.0
2026-01-26,3,Соки,1.9,л,120,228.0
2026-01-26,5,Куриное филе,2.3,кг,250,575.0
2026-01-26,5,Свинина,1.1,кг,400,440.0
2026-01-26,5,Креветки,0.6,кг,800,480.0
2026-01-26,5,Помидоры,1.8,кг,120,216.0
2026-01-26,5,Огурцы,1.4,кг,100,140.0
2026-01-26,5,Салат айсберг,0.8,кг,150,120.0
2026-01-26,5,Сыр твердый,1.1,кг,450,495.0
2026-01-26,5,Сыр пармезан,0.4,кг,800,320.0
2026-01-26,5,Молоко,2.2,л,70,154.0
2026-01-26,5,Макароны,2.2,кг,80,176.0
2026-01-26,5,Рис,1.6,кг,90,144.0
2026-01-26,5,Мука,1.0,кг,50,50.0
2026-01-26,5,Кофе в зернах,0.2,кг,800,160.0
2026-01-26,5,Пиво,2.4,л,150,360.0
2026-01-26,6,Говядина,1.5,кг,500,750.0
2026-01-26,6,Свинина,1.2,кг,400,480.0
2026-01-26,6,Креветки,0.4,кг,800,320.0
2026-01-26,6,Помидоры,1.7,кг,120,204.0
2026-01-26,6,Огурцы,1.4,кг,100,140.0
2026-01-26,6,Картофель,4.9,кг,40,196.0
2026-01-26,6,Сливки,1.5,л,200,300.0
2026-01-26,6,Макароны,1.8,кг,80,144.0
2026-01-26,6,Мука,1.0,кг,50,50.0
2026-01-26,6,Сахар,0.5,кг,60,30.0
2026-01-26,6,Кофе в зернах,0.3,кг,800,240.0
2026-01-26,6,Чай листовой,0.1,кг,500,50.0
2026-01-26,6,Соки,1.9,л,120,228.0
2026-01-26,6,Пиво,2.4,л,150,360.0
2026-01-26,9,Куриное филе,2.1,кг,250,525.0
2026-01-26,9,Говядина,1.4,кг,500,700.0
2026-01-26,9,Рыба (филе),0.9,кг,600,540.0
2026-01-26,9,Креветки,0.5,кг,800,400.0
2026-01-26,9,Огурцы,1.3,кг,100,130.0
2026-01-26,9,Салат айсберг,1.2,кг,150,180.0
2026-01-26,9,Картофель,5.0,кг,40,200.0
2026-01-26,9,Сыр твердый,0.9,кг,450,405.0
2026-01-26,9,Сыр пармезан,0.5,кг,800,400.0
2026-01-26,9,Молоко,2.7,л,70,189.0
2026-01-26,9,Макароны,2.0,кг,80,160.0
2026-01-26,9,Рис,1.3,кг,90,117.0
2026-01-26,9,Мука,0.9,кг,50,45.0
2026-01-26,9,Кофе в зернах,0.3,кг,800,240.0
2026-01-26,9,Чай листовой,0.1,кг,500,50.0
2026-01-26,9,Соки,2.3,л,120,276.0
2026-01-26,9,Пиво,2.4,л,150,360.0
2026-01-26,10,Говядина,1.5,кг,500,750.0
2026-01-26,10,Свинина,1.0,кг,400,400.0
2026-01-26,10,Рыба (филе),1.0,кг,600,600.0
2026-01-26,10,Креветки,0.4,кг,800,320.0
2026-01-26,10,Помидоры,2.4,кг,120,288.0
2026-01-26,10,Огурцы,1.5,кг,100,150.0
2026-01-26,10,Салат айсберг,1.0,кг,150,150.0
2026-01-26,10,Картофель,4.0,кг,40,160.0
2026-01-26,10,Сыр твердый,1.0,кг,450,450.0
2026-01-26,10,Молоко,2.3,л,70,161.0
2026-01-26,10,Макароны,2.0,кг,80,160.0
2026-01-26,10,Рис,1.6,кг,90,144.0
2026-01-26,10,Мука,1.1,кг,50,55.0
2026-01-26,10,Кофе в зернах,0.3,кг,800,240.0
2026-01-26,10,Чай листовой,0.2,кг,500,100.0
2026-01-26,10,Пиво,3.0,л,150,450.0
2026-01-27,2,Куриное филе,2.9,кг,250,725.0
2026-01-27,2,Говядина,1.3,кг,500,650.0
2026-01-27,2,Свинина,1.1,кг,400,440.0
2026-01-27,2,Сыр твердый,1.1,кг,450,495.0
2026-01-27,2,Молоко,3.0,л,70,210.0
2026-01-27,2,Макароны,1.8,кг,80,144.0
2026-01-27,2,Мука,0.9,кг,50,45.0
2026-01-27,2,Кофе в зернах,0.2,кг,800,160.0
2026-01-27,2,Пиво,2.8,л,150,420.0
2026-01-27,6,Говядина,1.3,кг,500,650.0
2026-01-27,6,Креветки,0.6,кг,800,480.0
2026-01-27,6,Огурцы,1.4,кг,100,140.0
2026-01-27,6,Салат айсберг,1.3,кг,150,195.0
2026-01-27,6,Картофель,3.9,кг,40,156.0
2026-01-27,6,Сыр пармезан,0.4,кг,800,320.0
2026-01-27,6,Сливки,1.8,л,200,360.0
2026-01-27,6,Молоко,2.7,л,70,189.0
2026-01-27,6,Макароны,2.2,кг,80,176.0
2026-01-27,6,Мука,1.0,кг,50,50.0
2026-01-27,6,Сахар,0.5,кг,60,30.0
2026-01-27,6,Кофе в зернах,0.2,кг,800,160.0
2026-01-27,6,Соки,1.7,л,120,204.0
2026-01-27,6,Пиво,2.6,л,150,390.0
2026-01-27,9,Куриное филе,2.2,кг,250,550.0
2026-01-27,9,Говядина,1.7,кг,500,850.0
2026-01-27,9,Креветки,0.5,кг,800,400.0
2026-01-27,9,Помидоры,2.3,кг,120,276.0
2026-01-27,9,Огурцы,1.7,кг,100,170.0
2026-01-27,9,Салат айсберг,1.1,кг,150,165.0
2026-01-27,9,Сыр пармезан,0.5,кг,800,400.0
2026-01-27,9,Сливки,1.4,л,200,280.0
2026-01-27,9,Молоко,2.1,л,70,147.0
2026-01-27,9,Макароны,2.5,кг,80,200.0
2026-01-27,9,Мука,1.0,кг,50,50.0
2026-01-27,9,Кофе в зернах,0.2,кг,800,160.0
2026-01-28,5,Говядина,1.3,кг,500,650.0
2026-01-28,5,Свинина,1.2,кг,400,480.0
2026-01-28,5,Креветки,0.4,кг,800,320.0
2026-01-28,5,Помидоры,2.1,кг,120,252.0
2026-01-28,5,Огурцы,1.5,кг,100,150.0
2026-01-28,5,Салат айсберг,0.9,кг,150,135.0
2026-01-28,5,Сыр твердый,0.8,кг,450,360.0
2026-01-28,5,Сыр пармезан,0.5,кг,800,400.0
2026-01-28,5,Сливки,1.7,л,200,340.0
2026-01-28,5,Молоко,2.3,л,70,161.0
2026-01-28,5,Рис,1.6,кг,90,144.0
2026-01-28,5,Чай листовой,0.1,кг,500,50.0
2026-01-28,5,Пиво,2.5,л,150,375.0
2026-01-28,6,Куриное филе,3.0,кг,250,750.0
2026-01-28,6,Говядина,1.3,кг,500,650.0
2026-01-28,6,Свинина,1.0,кг,400,400.0
2026-01-28,6,Рыба (филе),1.0,кг,600,600.0
2026-01-28,6,Креветки,0.5,кг,800,400.0
2026-01-28,6,Помидоры,1.9,кг,120,228.0
2026-01-28,6,Огурцы,1.7,кг,100,170.0
2026-01-28,6,Салат айсберг,1.1,кг,150,165.0
2026-01-28,6,Картофель,3.2,кг,40,128.0
2026-01-28,6,Сыр твердый,0.8,кг,450,360.0
2026-01-28,6,Сливки,1.2,л,200,240.0
2026-01-28,6,Молоко,2.6,л,70,182.0
2026-01-28,6,Рис,1.5,кг,90,135.0
2026-01-28,6,Мука,1.0,кг,50,50.0
2026-01-28,6,Сахар,0.4,кг,60,24.0
2026-01-28,6,Кофе в зернах,0.2,кг,800,160.0
2026-01-28,6,Соки,1.8,л,120,216.0
2026-01-28,6,Пиво,2.5,л,150,375.0
2026-01-28,9,Говядина,1.2,кг,500,600.0
2026-01-28,9,Свинина,0.9,кг,400,360.0
2026-01-28,9,Рыба (филе),0.9,кг,600,540.0
2026-01-28,9,Креветки,0.5,кг,800,400.0
2026-01-28,9,Помидоры,2.3,кг,120,276.0
2026-01-28,9,Салат айсберг,0.9,кг,150,135.0
2026-01-28,9,Сыр твердый,1.0,кг,450,450.0
2026-01-28,9,Молоко,2.6,л,70,182.0
2026-01-28,9,Макароны,1.8,кг,80,144.0
2026-01-28,9,Мука,1.1,кг,50,55.0
2026-01-28,9,Сахар,0.5,кг,60,30.0
2026-01-28,9,Кофе в зернах,0.2,кг,800,160.0
2026-01-28,9,Чай листовой,0.2,кг,500,100.0
2026-01-28,9,Соки,1.9,л,120,228.0
2026-01-28,9,Пиво,2.2,л,150,330.0
2026-01-29,1,Говядина,1.6,кг,500,800.0
2026-01-29,1,Свинина,0.9,кг,400,360.0
2026-01-29,1,Креветки,0.5,кг,800,400.0
2026-01-29,1,Помидоры,2.1,кг,120,252.0
2026-01-29,1,Огурцы,1.5,кг,100,150.0
2026-01-29,1,Салат айсберг,1.0,кг,150,150.0
2026-01-29,1,Сыр твердый,1.1,кг,450,495.0
2026-01-29,1,Сыр пармезан,0.6,кг,800,480.0
2026-01-29,1,Сливки,1.2,л,200,240.0
2026-01-29,1,Макароны,1.8,кг,80,144.0
2026-01-29,1,Рис,1.7,кг,90,153.0
2026-01-29,1,Мука,1.0,кг,50,50.0
2026-01-29,1,Сахар,0.5,кг,60,30.0
2026-01-29,1,Кофе в зернах,0.3,кг,800,240.0
2026-01-29,1,Чай листовой,0.2,кг,500,100.0
2026-01-29,1,Соки,2.3,л,120,276.0
2026-01-29,1,Пиво,3.0,л,150,450.0
2026-01-29,4,Куриное филе,2.6,кг,250,650.0
2026-01-29,4,Говядина,1.5,кг,500,750.0
2026-01-29,4,Рыба (филе),1.0,кг,600,600.0
2026-01-29,4,Огурцы,1.7,кг,100,170.0
2026-01-29,4,Салат айсберг,1.2,кг,150,180.0
2026-01-29,4,Картофель,4.3,кг,40,172.0
2026-01-29,4,Сыр твердый,1.1,кг,450,495.0
2026-01-29,4,Молоко,2.5,л,70,175.0
2026-01-29,4,Рис,1.8,кг,90,162.0
2026-01-29,4,Мука,1.0,кг,50,50.0
2026-01-29,4,Сахар,0.5,кг,60,30.0
2026-01-29,4,Кофе в зернах,0.3,кг,800,240.0
2026-01-29,4,Чай листовой,0.2,кг,500,100.0
2026-01-29,4,Соки,2.2,л,120,264.0
2026-01-29,4,Пиво,2.2,л,150,330.0
2026-01-29,7,Говядина,1.6,кг,500,800.0
2026-01-29,7,Свинина,1.1,кг,400,440.0
2026-01-29,7,Креветки,0.5,кг,800,400.0
2026-01-29,7,Помидоры,2.2,кг,120,264.0
2026-01-29,7,Огурцы,1.2,кг,100,120.0
2026-01-29,7,Салат айсберг,1.0,кг,150,150.0
2026-01-29,7,Сыр пармезан,0.5,кг,800,400.0
2026-01-29,7,Сливки,1.6,л,200,320.0
2026-01-29,7,Макароны,2.4,кг,80,192.0
2026-01-29,7,Рис,1.8,кг,90,162.0
2026-01-29,7,Сахар,0.6,кг,60,36.0
2026-01-29,7,Кофе в зернах,0.2,кг,800,160.0
2026-01-29,7,Чай листовой,0.1,кг,500,50.0
2026-01-29,7,Соки,2.3,л,120,276.0
2026-01-29,9,Куриное филе,2.9,кг,250,725.0
2026-01-29,9,Говядина,1.4,кг,500,700.0
2026-01-29,9,Свинина,1.1,кг,400,440.0
2026-01-29,9,Рыба (филе),1.0,кг,600,600.0
2026-01-29,9,Креветки,0.5,кг,800,400.0
2026-01-29,9,Помидоры,1.9,кг,120,228.0
2026-01-29,9,Огурцы,1.4,кг,100,140.0
2026-01-29,9,Салат айсберг,0.8,кг,150,120.0
2026-01-29,9,Картофель,3.8,кг,40,152.0
2026-01-29,9,Сливки,1.4,л,200,280.0
2026-01-29,9,Молоко,2.8,л,70,196.0
2026-01-29,9,Макароны,1.7,кг,80,136.0
2026-01-29,9,Рис,1.4,кг,90,126.0
2026-01-29,9,Мука,1.3,кг,50,65.0
2026-01-29,9,Кофе в зернах,0.3,кг,800,240.0
2026-01-29,9,Соки,2.0,л,120,240.0
2026-01-30,2,Говядина,1.4,кг,500,700.0
2026-01-30,2,Свинина,1.3,кг,400,520.0
2026-01-30,2,Помидоры,1.6,кг,120,192.0
2026-01-30,2,Огурцы,1.8,кг,100,180.0
2026-01-30,2,Салат айсберг,1.2,кг,150,180.0
2026-01-30,2,Картофель,3.4,кг,40,136.0
2026-01-30,2,Сливки,1.3,л,200,260.0
2026-01-30,2,Макароны,2.0,кг,80,160.0
2026-01-30,2,Рис,1.5,кг,90,135.0
2026-01-30,2,Мука,1.2,кг,50,60.0
2026-01-30,2,Сахар,0.4,кг,60,24.0
2026-01-30,2,Кофе в зернах,0.3,кг,800,240.0
2026-01-30,2,Соки,1.8,л,120,216.0
2026-01-30,5,Говядина,1.6,кг,500,800.0
2026-01-30,5,Свинина,1.1,кг,400,440.0
2026-01-30,5,Рыба (филе),0.8,кг,600,480.0
2026-01-30,5,Креветки,0.5,кг,800,400.0
2026-01-30,5,Помидоры,1.9,кг,120,228.0
2026-01-30,5,Огурцы,1.7,кг,100,170.0
2026-01-30,5,Салат айсберг,0.9,кг,150,135.0
2026-01-30,5,Картофель,3.9,кг,40,156.0
2026-01-30,5,Сыр пармезан,0.5,кг,800,400.0
2026-01-30,5,Сливки,1.7,л,200,340.0
2026-01-30,5,Макароны,2.3,кг,80,184.0
2026-01-30,5,Рис,1.4,кг,90,126.0
2026-01-30,5,Кофе в зернах,0.3,кг,800,240.0
2026-01-30,5,Чай листовой,0.1,кг,500,50.0
2026-01-30,5,Соки,1.7,л,120,204.0
2026-01-30,5,Пиво,2.7,л,150,405.0
2026-01-30,7,Куриное филе,3.0,кг,250,750.0
2026-01-30,7,Свинина,1.0,кг,400,400.0
2026-01-30,7,Рыба (филе),1.0,кг,600,600.0
2026-01-30,7,Огурцы,1.6,кг,100,160.0
2026-01-30,7,Картофель,4.2,кг,40,168.0
2026-01-30,7,Сыр твердый,1.3,кг,450,585.0
2026-01-30,7,Рис,1.5,кг,90,135.0
2026-01-30,7,Мука,1.0,кг,50,50.0
2026-01-30,7,Сахар,0.5,кг,60,30.0
2026-01-30,7,Кофе в зернах,0.3,кг,800,240.0
2026-01-30,7,Чай листовой,0.2,кг,500,100.0
2026-01-30,7,Соки,2.1,л,120,252.0
2026-01-30,7,Пиво,2.2,л,150,330.0
2026-01-30,8,Куриное филе,2.1,кг,250,525.0
2026-01-30,8,Говядина,1.5,кг,500,750.0
2026-01-30,8,Свинина,0.7,кг,400,280.0
2026-01-30,8,Рыба (филе),0.7,кг,600,420.0
2026-01-30,8,Креветки,0.3,кг,800,240.0
2026-01-30,8,Помидоры,1.8,кг,120,216.0
2026-01-30,8,Огурцы,1.7,кг,100,170.0
2026-01-30,8,Сыр твердый,1.0,кг,450,450.0
2026-01-30,8,Сыр пармезан,0.4,кг,800,320.0
2026-01-30,8,Сливки,1.7,л,200,340.0
2026-01-30,8,Молоко,2.8,л,70,196.0
2026-01-30,8,Макароны,1.6,кг,80,128.0
2026-01-30,8,Рис,1.8,кг,90,162.0
2026-01-30,8,Мука,1.1,кг,50,55.0
2026-01-30,8,Кофе в зернах,0.2,кг,800,160.0
2026-01-30,8,Чай листовой,0.1,кг,500,50.0
2026-01-30,8,Соки,2.3,л,120,276.0
2026-01-30,8,Пиво,2.3,л,150,345.0
2026-01-31,1,Свинина,1.1,кг,400,440.0
2026-01-31,1,Рыба (филе),1.2,кг,600,720.0
2026-01-31,1,Креветки,0.5,кг,800,400.0
2026-01-31,1,Салат айсберг,0.9,кг,150,135.0
2026-01-31,1,Сливки,1.6,л,200,320.0
2026-01-31,1,Рис,1.7,кг,90,153.0
2026-01-31,1,Сахар,0.4,кг,60,24.0
2026-01-31,1,Кофе в зернах,0.3,кг,800,240.0
2026-01-31,1,Соки,1.9,л,120,228.0
2026-01-31,1,Пиво,2.5,л,150,375.0
2026-01-31,2,Куриное филе,2.7,кг,250,675.0
2026-01-31,2,Говядина,1.4,кг,500,700.0
2026-01-31,2,Свинина,0.8,кг,400,320.0
2026-01-31,2,Рыба (филе),0.9,кг,600,540.0
2026-01-31,2,Помидоры,2.2,кг,120,264.0
2026-01-31,2,Салат айсберг,1.2,кг,150,180.0
2026-01-31,2,Картофель,4.6,кг,40,184.0
2026-01-31,2,Сыр пармезан,0.5,кг,800,400.0
2026-01-31,2,Сливки,1.5,л,200,300.0
2026-01-31,2,Молоко,2.2,л,70,154.0
2026-01-31,2,Макароны,1.7,кг,80,136.0
2026-01-31,2,Рис,1.5,кг,90,135.0
2026-01-31,2,Мука,0.9,кг,50,45.0
2026-01-31,2,Сахар,0.4,кг,60,24.0
2026-01-31,2,Пиво,2.4,л,150,360.0
2026-01-31,3,Говядина,1.3,кг,500,650.0
2026-01-31,3,Свинина,0.7,кг,400,280.0
2026-01-31,3,Помидоры,2.0,кг,120,240.0
2026-01-31,3,Салат айсберг,1.1,кг,150,165.0
2026-01-31,3,Картофель,3.9,кг,40,156.0
2026-01-31,3,Сыр твердый,1.0,кг,450,450.0
2026-01-31,3,Молоко,2.4,л,70,168.0
2026-01-31,3,Макароны,2.3,кг,80,184.0
2026-01-31,3,Сахар,0.5,кг,60,30.0
2026-01-31,3,Кофе в зернах,0.3,кг,800,240.0
2026-01-31,3,Чай листовой,0.1,кг,500,50.0
2026-01-31,3,Соки,2.1,л,120,252.0
2026-01-31,3,Пиво,2.6,л,150,390.0
2026-01-31,6,Свинина,1.1,кг,400,440.0
2026-01-31,6,Помидоры,1.8,кг,120,216.0
2026-01-31,6,Огурцы,1.3,кг,100,130.0
2026-01-31,6,Салат айсберг,0.9,кг,150,135.0
2026-01-31,6,Сыр твердый,1.0,кг,450,450.0
2026-01-31,6,Сыр пармезан,0.4,кг,800,320.0
2026-01-31,6,Сливки,1.5,л,200,300.0
2026-01-31,6,Молоко,2.7,л,70,189.0
2026-01-31,6,Рис,1.7,кг,90,153.0
2026-01-31,6,Мука,1.0,кг,50,50.0
2026-01-31,6,Сахар,0.5,кг,60,30.0
2026-01-31,6,Чай листовой,0.2,кг,500,100.0
2026-01-31,6,Соки,1.8,л,120,216.0
2026-01-31,7,Куриное филе,2.7,кг,250,675.0
2026-01-31,7,Говядина,1.4,кг,500,700.0
2026-01-31,7,Рыба (филе),1.2,кг,600,720.0
2026-01-31,7,Помидоры,2.0,кг,120,240.0
2026-01-31,7,Огурцы,1.7,кг,100,170.0
2026-01-31,7,Сыр твердый,1.1,кг,450,495.0
2026-01-31,7,Сливки,1.5,л,200,300.0
2026-01-31,7,Макароны,2.3,кг,80,184.0
2026-01-31,7,Рис,1.4,кг,90,126.0
2026-01-31,7,Мука,0.9,кг,50,45.0
2026-01-31,7,Сахар,0.5,кг,60,30.0
2026-01-31,7,Кофе в зернах,0.3,кг,800,240.0
2026-01-31,7,Чай листовой,0.2,кг,500,100.0
2026-01-31,8,Свинина,0.6,кг,400,240.0
2026-01-31,8,Креветки,0.3,кг,800,240.0
2026-01-31,8,Огурцы,1.5,кг,100,150.0
2026-01-31,8,Салат айсберг,0.9,кг,150,135.0
2026-01-31,8,Сливки,1.6,л,200,320.0
2026-01-31,8,Молоко,2.1,л,70,147.0
2026-01-31,8,Макароны,1.9,кг,80,152.0
2026-01-31,8,Рис,1.7,кг,90,153.0
2026-01-31,8,Мука,1.0,кг,50,50.0
2026-01-31,8,Кофе в зернах,0.3,кг,800,240.0
2026-01-31,8,Соки,1.8,л,120,216.0
2026-01-31,10,Куриное филе,2.6,кг,250,650.0
2026-01-31,10,Свинина,1.0,кг,400,400.0
2026-01-31,10,Рыба (филе),0.8,кг,600,480.0
2026-01-31,10,Креветки,0.5,кг,800,400.0
2026-01-31,10,Помидоры,1.9,кг,120,228.0
2026-01-31,10,Огурцы,1.5,кг,100,150.0
2026-01-31,10,Салат айсберг,1.1,кг,150,165.0
2026-01-31,10,Картофель,4.3,кг,40,172.0
2026-01-31,10,Сыр твердый,1.1,кг,450,495.0
2026-01-31,10,Сыр пармезан,0.6,кг,800,480.0
2026-01-31,10,Молоко,2.5,л,70,175.0
2026-01-31,10,Макароны,2.3,кг,80,184.0
2026-01-31,10,Рис,1.4,кг,90,126.0
2026-01-31,10,Мука,0.9,кг,50,45.0
2026-01-31,10,Сахар,0.5,кг,60,30.0
2026-01-31,10,Чай листовой,0.1,кг,500,50.0
2026-02-01,4,Свинина,1.1,кг,400,440.0
2026-02-01,4,Креветки,0.5,кг,800,400.0
2026-02-01,4,Помидоры,2.0,кг,120,240.0
2026-02-01,4,Огурцы,1.3,кг,100,130.0
2026-02-01,4,Салат айсберг,1.0,кг,150,150.0
2026-02-01,4,Сыр пармезан,0.5,кг,800,400.0
2026-02-01,4,Молоко,3.2,л,70,224.0
2026-02-01,4,Макароны,2.1,кг,80,168.0
2026-02-01,4,Сахар,0.4,кг,60,24.0
2026-02-01,4,Кофе в зернах,0.2,кг,800,160.0
2026-02-01,4,Чай листовой,0.1,кг,500,50.0
2026-02-01,4,Пиво,2.1,л,150,315.0
2026-02-01,7,Куриное филе,2.8,кг,250,700.0
2026-02-01,7,Говядина,1.6,кг,500,800.0
2026-02-01,7,Свинина,0.9,кг,400,360.0
2026-02-01,7,Картофель,3.4,кг,40,136.0
2026-02-01,7,Сыр твердый,1.1,кг,450,495.0
2026-02-01,7,Сливки,1.3,л,200,260.0
2026-02-01,7,Рис,1.8,кг,90,162.0
2026-02-01,7,Кофе в зернах,0.3,кг,800,240.0
2026-02-01,7,Чай листовой,0.2,кг,500,100.0
2026-02-01,7,Соки,2.1,л,120,252.0
2026-02-01,10,Куриное филе,2.4,кг,250,600.0
2026-02-01,10,Свинина,0.9,кг,400,360.0
2026-02-01,10,Рыба (филе),1.0,кг,600,600.0
2026-02-01,10,Креветки,0.5,кг,800,400.0
2026-02-01,10,Помидоры,2.1,кг,120,252.0
2026-02-01,10,Огурцы,1.4,кг,100,140.0
2026-02-01,10,Салат айсберг,0.9,кг,150,135.0
2026-02-01,10,Картофель,3.5,кг,40,140.0
2026-02-01,10,Сыр твердый,0.8,кг,450,360.0
2026-02-01,10,Макароны,1.9,кг,80,152.0
2026-02-01,10,Мука,1.1,кг,50,55.0
2026-02-01,10,Кофе в зернах,0.2,кг,800,160.0
2026-02-01,10,Чай листовой,0.2,кг,500,100.0
2026-02-01,10,Соки,2.0,л,120,240.0
2026-02-01,10,Пиво,2.5,л,150,375.0
2026-02-02,1,Говядина,1.5,кг,500,750.0
2026-02-02,1,Свинина,1.1,кг,400,440.0
2026-02-02,1,Креветки,0.5,кг,800,400.0
2026-02-02,1,Помидоры,1.8,кг,120,216.0
2026-02-02,1,Огурцы,1.4,кг,100,140.0
2026-02-02,1,Салат айсберг,1.1,кг,150,165.0
2026-02-02,1,Картофель,3.4,кг,40,136.0
2026-02-02,1,Сыр пармезан,0.4,кг,800,320.0
2026-02-02,1,Молоко,3.2,л,70,224.0
2026-02-02,1,Рис,1.6,кг,90,144.0
2026-02-02,1,Мука,1.1,кг,50,55.0
2026-02-02,1,Кофе в зернах,0.3,кг,800,240.0
2026-02-02,1,Пиво,2.8,л,150,420.0
2026-02-02,2,Куриное филе,2.7,кг,250,675.0
2026-02-02,2,Говядина,1.6,кг,500,800.0
2026-02-02,2,Рыба (филе),1.0,кг,600,600.0
2026-02-02,2,Креветки,0.5,кг,800,400.0
2026-02-02,2,Огурцы,1.6,кг,100,160.0
2026-02-02,2,Салат айсберг,1.1,кг,150,165.0
2026-02-02,2,Сыр твердый,1.1,кг,450,495.0
2026-02-02,2,Сыр пармезан,0.6,кг,800,480.0
2026-02-02,2,Сливки,1.5,л,200,300.0
2026-02-02,2,Молоко,2.2,л,70,154.0
2026-02-02,2,Макароны,1.8,кг,80,144.0
2026-02-02,2,Рис,1.7,кг,90,153.0
2026-02-02,2,Мука,0.9,кг,50,45.0
2026-02-02,2,Сахар,0.6,кг,60,36.0
2026-02-02,2,Кофе в зернах,0.3,кг,800,240.0
2026-02-02,2,Соки,2.1,л,120,252.0
2026-02-02,2,Пиво,2.6,л,150,390.0
2026-02-02,3,Куриное филе,2.3,кг,250,575.0
2026-02-02,3,Говядина,1.0,кг,500,500.0
2026-02-02,3,Свинина,0.8,кг,400,320.0
2026-02-02,3,Рыба (филе),0.8,кг,600,480.0
2026-02-02,3,Помидоры,2.3,кг,120,276.0
2026-02-02,3,Огурцы,1.6,кг,100,160.0
2026-02-02,3,Салат айсберг,1.1,кг,150,165.0
2026-02-02,3,Картофель,3.1,кг,40,124.0
2026-02-02,3,Сыр твердый,1.1,кг,450,495.0
2026-02-02,3,Сыр пармезан,0.4,кг,800,320.0
2026-02-02,3,Сливки,1.5,л,200,300.0
2026-02-02,3,Молоко,2.5,л,70,175.0
2026-02-02,3,Макароны,2.0,кг,80,160.0
2026-02-02,3,Рис,1.6,кг,90,144.0
2026-02-02,3,Мука,1.0,кг,50,50.0
2026-02-02,3,Сахар,0.4,кг,60,24.0
2026-02-02,3,Кофе в зернах,0.2,кг,800,160.0
2026-02-02,3,Чай листовой,0.2,кг,500,100.0
2026-02-02,3,Пиво,2.2,л,150,330.0
2026-02-02,7,Говядина,1.2,кг,500,600.0
2026-02-02,7,Рыба (филе),0.9,кг,600,540.0
2026-02-02,7,Помидоры,2.5,кг,120,300.0
2026-02-02,7,Огурцы,1.4,кг,100,140.0
2026-02-02,7,Салат айсберг,1.1,кг,150,165.0
2026-02-02,7,Картофель,3.4,кг,40,136.0
2026-02-02,7,Макароны,2.4,кг,80,192.0
2026-02-02,7,Рис,1.8,кг,90,162.0
2026-02-02,7,Мука,1.0,кг,50,50.0
2026-02-02,7,Сахар,0.6,кг,60,36.0
2026-02-02,7,Кофе в зернах,0.3,кг,800,240.0
2026-02-02,7,Чай листовой,0.2,кг,500,100.0
2026-02-02,7,Соки,2.2,л,120,264.0
2026-02-02,8,Куриное филе,2.3,кг,250,575.0
2026-02-02,8,Говядина,1.2,кг,500,600.0
2026-02-02,8,Свинина,0.9,кг,400,360.0
2026-02-02,8,Рыба (филе),0.7,кг,600,420.0
2026-02-02,8,Картофель,4.3,кг,40,172.0
2026-02-02,8,Сыр пармезан,0.5,кг,800,400.0
2026-02-02,8,Сливки,1.7,л,200,340.0
2026-02-02,8,Молоко,3.1,л,70,217.0
2026-02-02,8,Макароны,1.9,кг,80,152.0
2026-02-02,8,Рис,1.6,кг,90,144.0
2026-02-02,8,Мука,0.8,кг,50,40.0
2026-02-02,8,Сахар,0.5,кг,60,30.0
2026-02-02,8,Кофе в зернах,0.3,кг,800,240.0
2026-02-02,8,Чай листовой,0.2,кг,500,100.0
2026-02-02,8,Соки,1.8,л,120,216.0
2026-02-02,8,Пиво,2.6,л,150,390.0
2026-02-02,10,Куриное филе,2.8,кг,250,700.0
2026-02-02,10,Говядина,1.3,кг,500,650.0
2026-02-02,10,Свинина,1.0,кг,400,400.0
2026-02-02,10,Рыба (филе),1.1,кг,600,660.0
2026-02-02,10,Помидоры,2.3,кг,120,276.0
2026-02-02,10,Салат айсберг,1.0,кг,150,150.0
2026-02-02,10,Сыр твердый,1.2,кг,450,540.0
2026-02-02,10,Молоко,2.5,л,70,175.0
2026-02-02,10,Макароны,1.7,кг,80,136.0
2026-02-02,10,Рис,1.3,кг,90,117.0
2026-02-02,10,Кофе в зернах,0.3,кг,800,240.0
2026-02-02,10,Чай листовой,0.2,кг,500,100.0
2026-02-02,10,Соки,1.9,л,120,228.0
2026-02-02,10,Пиво,2.1,л,150,315.0
2026-02-03,4,Говядина,1.7,кг,500,850.0
2026-02-03,4,Креветки,0.5,кг,800,400.0
2026-02-03,4,Помидоры,1.7,кг,120,204.0
2026-02-03,4,Огурцы,1.6,кг,100,160.0
2026-02-03,4,Салат айсберг,0.9,кг,150,135.0
2026-02-03,4,Картофель,4.4,кг,40,176.0
2026-02-03,4,Сыр твердый,0.9,кг,450,405.0
2026-02-03,4,Сыр пармезан,0.5,кг,800,400.0
2026-02-03,4,Сливки,1.6,л,200,320.0
2026-02-03,4,Рис,1.6,кг,90,144.0
2026-02-03,4,Мука,0.9,кг,50,45.0
2026-02-03,4,Кофе в зернах,0.3,кг,800,240.0
2026-02-03,4,Соки,2.4,л,120,288.0
2026-02-03,5,Говядина,1.3,кг,500,650.0
2026-02-03,5,Помидоры,2.3,кг,120,276.0
2026-02-03,5,Огурцы,1.8,кг,100,180.0
2026-02-03,5,Картофель,4.4,кг,40,176.0
2026-02-03,5,Сыр твердый,1.0,кг,450,450.0
2026-02-03,5,Сыр пармезан,0.5,кг,800,400.0
2026-02-03,5,Молоко,2.5,л,70,175.0
2026-02-03,5,Рис,1.3,кг,90,117.0
2026-02-03,5,Мука,0.9,кг,50,45.0
2026-02-03,5,Сахар,0.5,кг,60,30.0
2026-02-03,5,Чай листовой,0.1,кг,500,50.0
2026-02-03,5,Соки,2.3,л,120,276.0
2026-02-03,5,Пиво,2.5,л,150,375.0
2026-02-03,6,Говядина,1.5,кг,500,750.0
2026-02-03,6,Помидоры,1.9,кг,120,228.0
2026-02-03,6,Огурцы,1.7,кг,100,170.0
2026-02-03,6,Салат айсберг,1.2,кг,150,180.0
2026-02-03,6,Сыр твердый,0.9,кг,450,405.0
2026-02-03,6,Сливки,1.4,л,200,280.0
2026-02-03,6,Макароны,2.4,кг,80,192.0
2026-02-03,6,Рис,1.5,кг,90,135.0
2026-02-03,6,Мука,1.2,кг,50,60.0
2026-02-03,6,Кофе в зернах,0.2,кг,800,160.0
2026-02-03,6,Пиво,2.8,л,150,420.0
2026-02-03,7,Говядина,1.5,кг,500,750.0
2026-02-03,7,Свинина,1.0,кг,400,400.0
2026-02-03,7,Рыба (филе),1.0,кг,600,600.0
2026-02-03,7,Креветки,0.4,кг,800,320.0
2026-02-03,7,Помидоры,2.0,кг,120,240.0
2026-02-03,7,Огурцы,1.3,кг,100,130.0
2026-02-03,7,Сыр твердый,1.0,кг,450,450.0
2026-02-03,7,Сыр пармезан,0.5,кг,800,400.0
2026-02-03,7,Сливки,1.3,л,200,260.0
2026-02-03,7,Макароны,2.2,кг,80,176.0
2026-02-03,7,Чай листовой,0.2,кг,500,100.0
2026-02-03,7,Соки,1.8,л,120,216.0
2026-02-03,7,Пиво,3.0,л,150,450.0
2026-02-03,10,Говядина,1.3,кг,500,650.0
2026-02-03,10,Свинина,0.9,кг,400,360.0
2026-02-03,10,Креветки,0.4,кг,800,320.0
2026-02-03,10,Помидоры,1.8,кг,120,216.0
2026-02-03,10,Огурцы,1.4,кг,100,140.0
2026-02-03,10,Макароны,2.3,кг,80,184.0
2026-02-03,10,Рис,1.4,кг,90,126.0
2026-02-03,10,Мука,1.2,кг,50,60.0
2026-02-03,10,Сахар,0.5,кг,60,30.0
2026-02-03,10,Кофе в зернах,0.2,кг,800,160.0
2026-02-03,10,Чай листовой,0.2,кг,500,100.0
2026-02-03,10,Соки,1.8,л,120,216.0
2026-02-04,1,Говядина,1.7,кг,500,850.0
2026-02-04,1,Рыба (филе),0.9,кг,600,540.0
2026-02-04,1,Креветки,0.5,кг,800,400.0
2026-02-04,1,Помидоры,2.0,кг,120,240.0
2026-02-04,1,Огурцы,1.5,кг,100,150.0
2026-02-04,1,Салат айсберг,1.0,кг,150,150.0
2026-02-04,1,Сыр твердый,1.2,кг,450,540.0
2026-02-04,1,Сливки,1.7,л,200,340.0
2026-02-04,1,Молоко,2.2,л,70,154.0
2026-02-04,1,Макароны,2.3,кг,80,184.0
2026-02-04,1,Мука,0.9,кг,50,45.0
2026-02-04,1,Сахар,0.4,кг,60,24.0
2026-02-04,1,Чай листовой,0.1,кг,500,50.0
2026-02-04,1,Соки,2.2,л,120,264.0
2026-02-04,1,Пиво,2.3,л,150,345.0
2026-02-04,3,Куриное филе,1.7,кг,250,425.0
2026-02-04,3,Говядина,1.1,кг,500,550.0
2026-02-04,3,Свинина,0.9,кг,400,360.0
2026-02-04,3,Рыба (филе),0.8,кг,600,480.0
2026-02-04,3,Креветки,0.4,кг,800,320.0
2026-02-04,3,Помидоры,2.0,кг,120,240.0
2026-02-04,3,Огурцы,1.8,кг,100,180.0
2026-02-04,3,Салат айсберг,1.1,кг,150,165.0
2026-02-04,3,Сыр твердый,1.0,кг,450,450.0
2026-02-04,3,Сыр пармезан,0.5,кг,800,400.0
2026-02-04,3,Сливки,1.4,л,200,280.0
2026-02-04,3,Молоко,2.9,л,70,203.0
2026-02-04,3,Макароны,2.0,кг,80,160.0
2026-02-04,3,Рис,1.3,кг,90,117.0
2026-02-04,3,Мука,1.2,кг,50,60.0
2026-02-04,3,Сахар,0.5,кг,60,30.0
2026-02-04,3,Чай листовой,0.2,кг,500,100.0
2026-02-04,3,Соки,2.0,л,120,240.0
2026-02-04,3,Пиво,2.5,л,150,375.0
2026-02-04,7,Куриное филе,2.4,кг,250,600.0
2026-02-04,7,Рыба (филе),0.9,кг,600,540.0
2026-02-04,7,Креветки,0.5,кг,800,400.0
2026-02-04,7,Огурцы,1.5,кг,100,150.0
2026-02-04,7,Сыр твердый,1.0,кг,450,450.0
2026-02-04,7,Сыр пармезан,0.6,кг,800,480.0
2026-02-04,7,Молоко,3.0,л,70,210.0
2026-02-04,7,Мука,1.2,кг,50,60.0
2026-02-04,7,Сахар,0.6,кг,60,36.0
2026-02-04,7,Соки,2.0,л,120,240.0
2026-02-04,9,Куриное филе,2.4,кг,250,600.0
2026-02-04,9,Говядина,1.4,кг,500,700.0
2026-02-04,9,Рыба (филе),1.1,кг,600,660.0
2026-02-04,9,Креветки,0.6,кг,800,480.0
2026-02-04,9,Помидоры,1.9,кг,120,228.0
2026-02-04,9,Салат айсберг,1.0,кг,150,150.0
2026-02-04,9,Сыр твердый,0.9,кг,450,405.0
2026-02-04,9,Сыр пармезан,0.5,кг,800,400.0
2026-02-04,9,Макароны,1.8,кг,80,144.0
2026-02-04,9,Рис,1.5,кг,90,135.0
2026-02-04,9,Мука,0.9,кг,50,45.0
2026-02-04,9,Сахар,0.5,кг,60,30.0
2026-02-04,9,Кофе в зернах,0.3,кг,800,240.0
2026-02-04,9,Чай листовой,0.1,кг,500,50.0
2026-02-04,9,Пиво,2.2,л,150,330.0
2026-02-05,3,Куриное филе,1.8,кг,250,450.0
2026-02-05,3,Говядина,1.1,кг,500,550.0
2026-02-05,3,Рыба (филе),0.8,кг,600,480.0
2026-02-05,3,Помидоры,1.6,кг,120,192.0
2026-02-05,3,Огурцы,1.4,кг,100,140.0
2026-02-05,3,Салат айсберг,1.0,кг,150,150.0
2026-02-05,3,Картофель,3.5,кг,40,140.0
2026-02-05,3,Сыр твердый,1.1,кг,450,495.0
2026-02-05,3,Сыр пармезан,0.5,кг,800,400.0
2026-02-05,3,Сливки,1.6,л,200,320.0
2026-02-05,3,Молоко,2.7,л,70,189.0
2026-02-05,3,Макароны,2.3,кг,80,184.0
2026-02-05,3,Рис,1.5,кг,90,135.0
2026-02-05,3,Мука,0.9,кг,50,45.0
2026-02-05,3,Сахар,0.5,кг,60,30.0
2026-02-05,3,Чай листовой,0.2,кг,500,100.0
2026-02-05,3,Соки,2.4,л,120,288.0
2026-02-05,3,Пиво,2.8,л,150,420.0
2026-02-05,4,Куриное филе,2.7,кг,250,675.0
2026-02-05,4,Свинина,1.2,кг,400,480.0
2026-02-05,4,Креветки,0.6,кг,800,480.0
2026-02-05,4,Огурцы,1.4,кг,100,140.0
2026-02-05,4,Сыр твердый,0.9,кг,450,405.0
2026-02-05,4,Сыр пармезан,0.5,кг,800,400.0
2026-02-05,4,Сливки,1.5,л,200,300.0
2026-02-05,4,Мука,0.9,кг,50,45.0
2026-02-05,4,Сахар,0.6,кг,60,36.0
2026-02-05,4,Кофе в зернах,0.2,кг,800,160.0
2026-02-05,4,Чай листовой,0.2,кг,500,100.0
2026-02-05,4,Соки,1.7,л,120,204.0
2026-02-05,4,Пиво,2.9,л,150,435.0
2026-02-05,5,Свинина,1.0,кг,400,400.0
2026-02-05,5,Рыба (филе),1.1,кг,600,660.0
2026-02-05,5,Креветки,0.5,кг,800,400.0
2026-02-05,5,Помидоры,1.9,кг,120,228.0
2026-02-05,5,Огурцы,1.7,кг,100,170.0
2026-02-05,5,Салат айсберг,1.2,кг,150,180.0
2026-02-05,5,Картофель,3.9,кг,40,156.0
2026-02-05,5,Сыр твердый,1.1,кг,450,495.0
2026-02-05,5,Сливки,1.4,л,200,280.0
2026-02-05,5,Молоко,2.8,л,70,196.0
2026-02-05,5,Макароны,1.7,кг,80,136.0
2026-02-05,5,Рис,1.7,кг,90,153.0
2026-02-05,5,Сахар,0.6,кг,60,36.0
2026-02-05,5,Чай листовой,0.1,кг,500,50.0
2026-02-05,5,Соки,2.2,л,120,264.0
2026-02-05,5,Пиво,2.5,л,150,375.0
2026-02-05,9,Куриное филе,2.5,кг,250,625.0
2026-02-05,9,Говядина,1.6,кг,500,800.0
2026-02-05,9,Свинина,1.1,кг,400,440.0
2026-02-05,9,Рыба (филе),1.1,кг,600,660.0
2026-02-05,9,Креветки,0.5,кг,800,400.0
2026-02-05,9,Огурцы,1.3,кг,100,130.0
2026-02-05,9,Сыр твердый,1.0,кг,450,450.0
2026-02-05,9,Сыр пармезан,0.6,кг,800,480.0
2026-02-05,9,Сливки,1.3,л,200,260.0
2026-02-05,9,Макароны,1.8,кг,80,144.0
2026-02-05,9,Мука,1.1,кг,50,55.0
2026-02-05,9,Кофе в зернах,0.3,кг,800,240.0
2026-02-05,9,Чай листовой,0.1,кг,500,50.0
2026-02-05,9,Соки,2.4,л,120,288.0
2026-02-05,10,Куриное филе,2.4,кг,250,600.0
2026-02-05,10,Свинина,0.9,кг,400,360.0
2026-02-05,10,Рыба (филе),1.0,кг,600,600.0
2026-02-05,10,Креветки,0.4,кг,800,320.0
2026-02-05,10,Помидоры,1.7,кг,120,204.0
2026-02-05,10,Салат айсберг,1.1,кг,150,165.0
2026-02-05,10,Картофель,4.2,кг,40,168.0
2026-02-05,10,Сливки,1.2,л,200,240.0
2026-02-05,10,Молоко,2.0,л,70,140.0
2026-02-05,10,Мука,1.1,кг,50,55.0
2026-02-05,10,Сахар,0.6,кг,60,36.0
2026-02-05,10,Кофе в зернах,0.2,кг,800,160.0
2026-02-05,10,Чай листовой,0.1,кг,500,50.0
2026-02-05,10,Соки,2.5,л,120,300.0
2026-02-05,10,Пиво,2.5,л,150,375.0
2026-02-06,1,Куриное филе,2.5,кг,250,625.0
2026-02-06,1,Говядина,1.7,кг,500,850.0
2026-02-06,1,Свинина,1.1,кг,400,440.0
2026-02-06,1,Креветки,0.5,кг,800,400.0
2026-02-06,1,Огурцы,1.4,кг,100,140.0
2026-02-06,1,Салат айсберг,1.2,кг,150,180.0
2026-02-06,1,Картофель,4.2,кг,40,168.0
2026-02-06,1,Сыр твердый,0.8,кг,450,360.0
2026-02-06,1,Сыр пармезан,0.5,кг,800,400.0
2026-02-06,1,Сливки,1.8,л,200,360.0
2026-02-06,1,Молоко,2.4,л,70,168.0
2026-02-06,1,Макароны,2.0,кг,80,160.0
2026-02-06,1,Мука,1.1,кг,50,55.0
2026-02-06,1,Сахар,0.5,кг,60,30.0
2026-02-06,1,Чай листовой,0.1,кг,500,50.0
2026-02-06,1,Соки,2.2,л,120,264.0
2026-02-06,1,Пиво,3.0,л,150,450.0
2026-02-06,2,Говядина,1.5,кг,500,750.0
2026-02-06,2,Свинина,0.9,кг,400,360.0
2026-02-06,2,Креветки,0.5,кг,800,400.0
2026-02-06,2,Салат айсберг,1.0,кг,150,150.0
2026-02-06,2,Картофель,4.1,кг,40,164.0
2026-02-06,2,Сыр твердый,1.0,кг,450,450.0
2026-02-06,2,Сыр пармезан,0.5,кг,800,400.0
2026-02-06,2,Молоко,2.7,л,70,189.0
2026-02-06,2,Макароны,2.0,кг,80,160.0
2026-02-06,2,Рис,1.6,кг,90,144.0
2026-02-06,2,Мука,0.9,кг,50,45.0
2026-02-06,2,Чай листовой,0.1,кг,500,50.0
2026-02-06,2,Соки,2.1,л,120,252.0
2026-02-06,2,Пиво,2.2,л,150,330.0
2026-02-06,6,Говядина,1.7,кг,500,850.0
2026-02-06,6,Свинина,1.1,кг,400,440.0
2026-02-06,6,Рыба (филе),1.2,кг,600,720.0
2026-02-06,6,Креветки,0.4,кг,800,320.0
2026-02-06,6,Помидоры,2.0,кг,120,240.0
2026-02-06,6,Огурцы,1.3,кг,100,130.0
2026-02-06,6,Салат айсберг,1.1,кг,150,165.0
2026-02-06,6,Картофель,4.6,кг,40,184.0
2026-02-06,6,Сыр твердый,1.0,кг,450,450.0
2026-02-06,6,Сыр пармезан,0.5,кг,800,400.0
2026-02-06,6,Макароны,2.5,кг,80,200.0
2026-02-06,6,Мука,1.1,кг,50,55.0
2026-02-06,6,Кофе в зернах,0.2,кг,800,160.0
2026-02-06,6,Чай листовой,0.1,кг,500,50.0
2026-02-06,6,Соки,1.7,л,120,204.0
2026-02-06,6,Пиво,2.8,л,150,420.0
2026-02-07,2,Куриное филе,2.8,кг,250,700.0
2026-02-07,2,Говядина,1.2,кг,500,600.0
2026-02-07,2,Рыба (филе),0.9,кг,600,540.0
2026-02-07,2,Креветки,0.5,кг,800,400.0
2026-02-07,2,Огурцы,1.7,кг,100,170.0
2026-02-07,2,Салат айсберг,0.8,кг,150,120.0
2026-02-07,2,Картофель,4.2,кг,40,168.0
2026-02-07,2,Сыр пармезан,0.4,кг,800,320.0
2026-02-07,2,Сливки,1.5,л,200,300.0
2026-02-07,2,Молоко,3.1,л,70,217.0
2026-02-07,2,Рис,1.5,кг,90,135.0
2026-02-07,2,Мука,0.9,кг,50,45.0
2026-02-07,2,Сахар,0.5,кг,60,30.0
2026-02-07,2,Чай листовой,0.1,кг,500,50.0
2026-02-07,2,Пиво,2.4,л,150,360.0
2026-02-07,7,Говядина,1.6,кг,500,800.0
2026-02-07,7,Свинина,0.9,кг,400,360.0
2026-02-07,7,Помидоры,2.2,кг,120,264.0
2026-02-07,7,Огурцы,1.6,кг,100,160.0
2026-02-07,7,Салат айсберг,1.1,кг,150,165.0
2026-02-07,7,Картофель,3.7,кг,40,148.0
2026-02-07,7,Сыр твердый,1.1,кг,450,495.0
2026-02-07,7,Сыр пармезан,0.6,кг,800,480.0
2026-02-07,7,Сливки,1.6,л,200,320.0
2026-02-07,7,Молоко,2.4,л,70,168.0
2026-02-07,7,Рис,1.7,кг,90,153.0
2026-02-07,7,Мука,1.0,кг,50,50.0
2026-02-07,7,Кофе в зернах,0.3,кг,800,240.0
2026-02-07,7,Чай листовой,0.2,кг,500,100.0
2026-02-07,7,Пиво,2.8,л,150,420.0
2026-02-07,9,Куриное филе,2.9,кг,250,725.0
2026-02-07,9,Говядина,1.4,кг,500,700.0
2026-02-07,9,Свинина,1.0,кг,400,400.0
2026-02-07,9,Рыба (филе),1.0,кг,600,600.0
2026-02-07,9,Креветки,0.4,кг,800,320.0
2026-02-07,9,Салат айсберг,1.3,кг,150,195.0
2026-02-07,9,Картофель,4.1,кг,40,164.0
2026-02-07,9,Сыр твердый,1.0,кг,450,450.0
2026-02-07,9,Сыр пармезан,0.5,кг,800,400.0
2026-02-07,9,Сливки,1.3,л,200,260.0
2026-02-07,9,Макароны,1.9,кг,80,152.0
2026-02-07,9,Рис,1.3,кг,90,117.0
2026-02-07,9,Чай листовой,0.1,кг,500,50.0
2026-02-07,9,Соки,1.9,л,120,228.0
2026-02-07,9,Пиво,2.5,л,150,375.0
2026-02-08,1,Рыба (филе),1.1,кг,600,660.0
2026-02-08,1,Креветки,0.6,кг,800,480.0
2026-02-08,1,Помидоры,1.9,кг,120,228.0
2026-02-08,1,Сыр твердый,1.0,кг,450,450.0
2026-02-08,1,Молоко,2.0,л,70,140.0
2026-02-08,1,Рис,1.6,кг,90,144.0
2026-02-08,1,Кофе в зернах,0.3,кг,800,240.0
2026-02-08,1,Пиво,2.3,л,150,345.0
2026-02-08,2,Куриное филе,2.9,кг,250,725.0
2026-02-08,2,Говядина,1.3,кг,500,650.0
2026-02-08,2,Свинина,1.1,кг,400,440.0
2026-02-08,2,Креветки,0.4,кг,800,320.0
2026-02-08,2,Помидоры,2.5,кг,120,300.0
2026-02-08,2,Салат айсберг,1.1,кг,150,165.0
2026-02-08,2,Картофель,4.7,кг,40,188.0
2026-02-08,2,Сыр твердый,1.0,кг,450,450.0
2026-02-08,2,Молоко,2.3,л,70,161.0
2026-02-08,2,Макароны,2.3,кг,80,184.0
2026-02-08,2,Рис,1.4,кг,90,126.0
2026-02-08,2,Мука,1.1,кг,50,55.0
2026-02-08,2,Сахар,0.6,кг,60,36.0
2026-02-08,2,Кофе в зернах,0.2,кг,800,160.0
2026-02-08,5,Куриное филе,2.6,кг,250,650.0
2026-02-08,5,Говядина,1.3,кг,500,650.0
2026-02-08,5,Свинина,1.0,кг,400,400.0
2026-02-08,5,Рыба (филе),0.9,кг,600,540.0
2026-02-08,5,Креветки,0.5,кг,800,400.0
2026-02-08,5,Огурцы,1.3,кг,100,130.0
2026-02-08,5,Сливки,1.5,л,200,300.0
2026-02-08,5,Макароны,2.3,кг,80,184.0
2026-02-08,5,Рис,1.4,кг,90,126.0
2026-02-08,5,Мука,1.1,кг,50,55.0
2026-02-08,5,Сахар,0.5,кг,60,30.0
2026-02-08,5,Чай листовой,0.2,кг,500,100.0
2026-02-08,5,Пиво,2.5,л,150,375.0
2026-02-08,6,Куриное филе,2.4,кг,250,600.0
2026-02-08,6,Говядина,1.8,кг,500,900.0
2026-02-08,6,Креветки,0.5,кг,800,400.0
2026-02-08,6,Помидоры,1.8,кг,120,216.0
2026-02-08,6,Огурцы,1.4,кг,100,140.0
2026-02-08,6,Сливки,1.2,л,200,240.0
2026-02-08,6,Молоко,2.3,л,70,161.0
2026-02-08,6,Макароны,2.1,кг,80,168.0
2026-02-08,6,Рис,1.3,кг,90,117.0
2026-02-08,6,Мука,0.9,кг,50,45.0
2026-02-08,6,Сахар,0.4,кг,60,24.0
2026-02-08,6,Кофе в зернах,0.2,кг,800,160.0
2026-02-08,6,Соки,2.0,л,120,240.0
2026-02-08,6,Пиво,2.2,л,150,330.0
2026-02-09,2,Говядина,1.6,кг,500,800.0
2026-02-09,2,Рыба (филе),1.0,кг,600,600.0
2026-02-09,2,Креветки,0.4,кг,800,320.0
2026-02-09,2,Помидоры,2.1,кг,120,252.0
2026-02-09,2,Огурцы,1.5,кг,100,150.0
2026-02-09,2,Картофель,3.8,кг,40,152.0
2026-02-09,2,Сыр твердый,0.9,кг,450,405.0
2026-02-09,2,Сыр пармезан,0.5,кг,800,400.0
2026-02-09,2,Молоко,2.6,л,70,182.0
2026-02-09,2,Сахар,0.5,кг,60,30.0
2026-02-09,2,Кофе в зернах,0.2,кг,800,160.0
2026-02-09,2,Соки,2.3,л,120,276.0
2026-02-09,2,Пиво,2.3,л,150,345.0
2026-02-09,3,Куриное филе,2.8,кг,250,700.0
2026-02-09,3,Говядина,1.1,кг,500,550.0
2026-02-09,3,Свинина,1.0,кг,400,400.0
2026-02-09,3,Рыба (филе),0.7,кг,600,420.0
2026-02-09,3,Креветки,0.3,кг,800,240.0
2026-02-09,3,Помидоры,2.5,кг,120,300.0
2026-02-09,3,Огурцы,1.8,кг,100,180.0
2026-02-09,3,Картофель,4.9,кг,40,196.0
2026-02-09,3,Сыр твердый,1.1,кг,450,495.0
2026-02-09,3,Сливки,1.7,л,200,340.0
2026-02-09,3,Молоко,2.4,л,70,168.0
2026-02-09,3,Макароны,1.7,кг,80,136.0
2026-02-09,3,Рис,1.3,кг,90,117.0
2026-02-09,3,Кофе в зернах,0.2,кг,800,160.0
2026-02-09,3,Соки,2.2,л,120,264.0
2026-02-09,3,Пиво,2.7,л,150,405.0
2026-02-10,1,Куриное филе,2.4,кг,250,600.0
2026-02-10,1,Рыба (филе),0.9,кг,600,540.0
2026-02-10,1,Креветки,0.5,кг,800,400.0
2026-02-10,1,Помидоры,2.1,кг,120,252.0
2026-02-10,1,Огурцы,1.5,кг,100,150.0
2026-02-10,1,Картофель,3.8,кг,40,152.0
2026-02-10,1,Молоко,2.6,л,70,182.0
2026-02-10,1,Мука,1.0,кг,50,50.0
2026-02-10,1,Кофе в зернах,0.3,кг,800,240.0
2026-02-10,1,Соки,2.4,л,120,288.0
2026-02-10,1,Пиво,2.9,л,150,435.0
2026-02-10,3,Куриное филе,2.3,кг,250,575.0
2026-02-10,3,Говядина,1.3,кг,500,650.0
2026-02-10,3,Рыба (филе),0.7,кг,600,420.0
2026-02-10,3,Креветки,0.4,кг,800,320.0
2026-02-10,3,Помидоры,1.7,кг,120,204.0
2026-02-10,3,Огурцы,1.3,кг,100,130.0
2026-02-10,3,Картофель,3.6,кг,40,144.0
2026-02-10,3,Сыр твердый,0.9,кг,450,405.0
2026-02-10,3,Сыр пармезан,0.5,кг,800,400.0
2026-02-10,3,Сливки,1.5,л,200,300.0
2026-02-10,3,Молоко,2.5,л,70,175.0
2026-02-10,3,Макароны,2.3,кг,80,184.0
2026-02-10,3,Рис,1.3,кг,90,117.0
2026-02-10,3,Кофе в зернах,0.3,кг,800,240.0
2026-02-10,3,Чай листовой,0.2,кг,500,100.0
2026-02-10,3,Пиво,2.3,л,150,345.0
2026-02-10,4,Говядина,1.6,кг,500,800.0
2026-02-10,4,Свинина,0.9,кг,400,360.0
2026-02-10,4,Рыба (филе),0.9,кг,600,540.0
2026-02-10,4,Креветки,0.5,кг,800,400.0
2026-02-10,4,Огурцы,1.6,кг,100,160.0
2026-02-10,4,Салат айсберг,1.0,кг,150,150.0
2026-02-10,4,Картофель,3.4,кг,40,136.0
2026-02-10,4,Сыр твердый,0.9,кг,450,405.0
2026-02-10,4,Сыр пармезан,0.6,кг,800,480.0
2026-02-10,4,Молоко,2.6,л,70,182.0
2026-02-10,4,Рис,1.7,кг,90,153.0
2026-02-10,4,Сахар,0.6,кг,60,36.0
2026-02-10,4,Кофе в зернах,0.2,кг,800,160.0
2026-02-10,4,Чай листовой,0.1,кг,500,50.0
2026-02-10,4,Пиво,2.2,л,150,330.0
2026-02-10,5,Рыба (филе),1.0,кг,600,600.0
2026-02-10,5,Помидоры,2.2,кг,120,264.0
2026-02-10,5,Картофель,3.8,кг,40,152.0
2026-02-10,5,Сыр твердый,0.9,кг,450,405.0
2026-02-10,5,Сыр пармезан,0.5,кг,800,400.0
2026-02-10,5,Макароны,2.1,кг,80,168.0
2026-02-10,5,Мука,1.2,кг,50,60.0
2026-02-10,5,Кофе в зернах,0.3,кг,800,240.0
2026-02-10,5,Соки,2.3,л,120,276.0
2026-02-10,5,Пиво,2.6,л,150,390.0
2026-02-10,10,Куриное филе,2.6,кг,250,650.0
2026-02-10,10,Говядина,1.7,кг,500,850.0
2026-02-10,10,Свинина,0.8,кг,400,320.0
2026-02-10,10,Рыба (филе),1.2,кг,600,720.0
2026-02-10,10,Креветки,0.5,кг,800,400.0
2026-02-10,10,Помидоры,2.2,кг,120,264.0
2026-02-10,10,Салат айсберг,1.2,кг,150,180.0
2026-02-10,10,Молоко,2.2,л,70,154.0
2026-02-10,10,Макароны,2.2,кг,80,176.0
2026-02-10,10,Рис,1.8,кг,90,162.0
2026-02-10,10,Мука,1.1,кг,50,55.0
2026-02-10,10,Соки,2.3,л,120,276.0
2026-02-10,10,Пиво,2.6,л,150,390.0
2026-02-11,3,Говядина,1.3,кг,500,650.0
2026-02-11,3,Креветки,0.4,кг,800,320.0
2026-02-11,3,Помидоры,2.0,кг,120,240.0
2026-02-11,3,Огурцы,1.2,кг,100,120.0
2026-02-11,3,Салат айсберг,0.8,кг,150,120.0
2026-02-11,3,Картофель,4.3,кг,40,172.0
2026-02-11,3,Сыр твердый,1.0,кг,450,450.0
2026-02-11,3,Сыр пармезан,0.5,кг,800,400.0
2026-02-11,3,Сливки,1.3,л,200,260.0
2026-02-11,3,Молоко,2.3,л,70,161.0
2026-02-11,3,Макароны,1.8,кг,80,144.0
2026-02-11,3,Рис,1.4,кг,90,126.0
2026-02-11,3,Мука,1.1,кг,50,55.0
2026-02-11,3,Сахар,0.5,кг,60,30.0
2026-02-11,3,Соки,2.0,л,120,240.0
2026-02-11,4,Куриное филе,2.0,кг,250,500.0
2026-02-11,4,Говядина,1.4,кг,500,700.0
2026-02-11,4,Свинина,1.1,кг,400,440.0
2026-02-11,4,Креветки,0.6,кг,800,480.0
2026-02-11,4,Огурцы,1.5,кг,100,150.0
2026-02-11,4,Салат айсберг,1.1,кг,150,165.0
2026-02-11,4,Картофель,4.1,кг,40,164.0
2026-02-11,4,Сыр твердый,1.1,кг,450,495.0
2026-02-11,4,Сыр пармезан,0.6,кг,800,480.0
2026-02-11,4,Сливки,1.6,л,200,320.0
2026-02-11,4,Молоко,2.5,л,70,175.0
2026-02-11,4,Макароны,1.8,кг,80,144.0
2026-02-11,4,Сахар,0.5,кг,60,30.0
2026-02-11,4,Соки,1.8,л,120,216.0
2026-02-11,5,Куриное филе,2.7,кг,250,675.0
2026-02-11,5,Говядина,1.3,кг,500,650.0
2026-02-11,5,Свинина,1.1,кг,400,440.0
2026-02-11,5,Рыба (филе),1.1,кг,600,660.0
2026-02-11,5,Огурцы,1.7,кг,100,170.0
2026-02-11,5,Салат айсберг,1.1,кг,150,165.0
2026-02-11,5,Сыр твердый,1.0,кг,450,450.0
2026-02-11,5,Сыр пармезан,0.6,кг,800,480.0
2026-02-11,5,Сливки,1.5,л,200,300.0
2026-02-11,5,Макароны,2.2,кг,80,176.0
2026-02-11,5,Рис,1.6,кг,90,144.0
2026-02-11,5,Мука,1.0,кг,50,50.0
2026-02-11,5,Кофе в зернах,0.2,кг,800,160.0
2026-02-11,5,Чай листовой,0.2,кг,500,100.0
2026-02-11,5,Соки,2.3,л,120,276.0
2026-02-11,5,Пиво,3.1,л,150,465.0
2026-02-11,7,Куриное филе,2.8,кг,250,700.0
2026-02-11,7,Свинина,0.9,кг,400,360.0
2026-02-11,7,Рыба (филе),1.0,кг,600,600.0
2026-02-11,7,Креветки,0.4,кг,800,320.0
2026-02-11,7,Огурцы,1.3,кг,100,130.0
2026-02-11,7,Сыр твердый,1.1,кг,450,495.0
2026-02-11,7,Сыр пармезан,0.4,кг,800,320.0
2026-02-11,7,Макароны,1.7,кг,80,136.0
2026-02-11,7,Мука,1.0,кг,50,50.0
2026-02-11,7,Сахар,0.6,кг,60,36.0
2026-02-11,7,Кофе в зернах,0.2,кг,800,160.0
2026-02-11,7,Соки,2.1,л,120,252.0
2026-02-11,7,Пиво,2.8,л,150,420.0
2026-02-11,8,Куриное филе,1.8,кг,250,450.0
2026-02-11,8,Говядина,1.4,кг,500,700.0
2026-02-11,8,Свинина,0.7,кг,400,280.0
2026-02-11,8,Рыба (филе),0.7,кг,600,420.0
2026-02-11,8,Креветки,0.4,кг,800,320.0
2026-02-11,8,Помидоры,1.9,кг,120,228.0
2026-02-11,8,Огурцы,1.4,кг,100,140.0
2026-02-11,8,Салат айсберг,1.1,кг,150,165.0
2026-02-11,8,Картофель,3.8,кг,40,152.0
2026-02-11,8,Сыр твердый,1.0,кг,450,450.0
2026-02-11,8,Макароны,1.8,кг,80,144.0
2026-02-11,8,Рис,1.7,кг,90,153.0
2026-02-11,8,Сахар,0.5,кг,60,30.0
2026-02-11,8,Чай листовой,0.2,кг,500,100.0
2026-02-11,8,Соки,2.1,л,120,252.0
2026-02-11,8,Пиво,2.9,л,150,435.0
2026-02-11,10,Куриное филе,2.3,кг,250,575.0
2026-02-11,10,Говядина,1.4,кг,500,700.0
2026-02-11,10,Свинина,0.8,кг,400,320.0
2026-02-11,10,Рыба (филе),1.0,кг,600,600.0
2026-02-11,10,Креветки,0.5,кг,800,400.0
2026-02-11,10,Помидоры,2.2,кг,120,264.0
2026-02-11,10,Огурцы,1.7,кг,100,170.0
2026-02-11,10,Салат айсберг,0.9,кг,150,135.0
2026-02-11,10,Картофель,4.1,кг,40,164.0
2026-02-11,10,Сыр твердый,1.2,кг,450,540.0
2026-02-11,10,Сыр пармезан,0.5,кг,800,400.0
2026-02-11,10,Молоко,2.3,л,70,161.0
2026-02-11,10,Рис,1.9,кг,90,171.0
2026-02-11,10,Мука,1.0,кг,50,50.0
2026-02-11,10,Сахар,0.5,кг,60,30.0
2026-02-11,10,Кофе в зернах,0.3,кг,800,240.0
2026-02-11,10,Чай листовой,0.1,кг,500,50.0
2026-02-11,10,Соки,2.2,л,120,264.0
2026-02-12,1,Свинина,1.0,кг,400,400.0
2026-02-12,1,Рыба (филе),1.0,кг,600,600.0
2026-02-12,1,Креветки,0.5,кг,800,400.0
2026-02-12,1,Огурцы,1.4,кг,100,140.0
2026-02-12,1,Салат айсберг,0.8,кг,150,120.0
2026-02-12,1,Картофель,3.9,кг,40,156.0
2026-02-12,1,Сыр твердый,1.0,кг,450,450.0
2026-02-12,1,Сыр пармезан,0.6,кг,800,480.0
2026-02-12,1,Сливки,1.5,л,200,300.0
2026-02-12,1,Макароны,1.9,кг,80,152.0
2026-02-12,1,Мука,1.0,кг,50,50.0
2026-02-12,1,Сахар,0.4,кг,60,24.0
2026-02-12,1,Кофе в зернах,0.3,кг,800,240.0
2026-02-12,1,Чай листовой,0.1,кг,500,50.0
2026-02-12,1,Соки,1.9,л,120,228.0
2026-02-12,1,Пиво,2.5,л,150,375.0
2026-02-12,2,Говядина,1.6,кг,500,800.0
2026-02-12,2,Свинина,0.9,кг,400,360.0
2026-02-12,2,Рыба (филе),1.2,кг,600,720.0
2026-02-12,2,Креветки,0.5,кг,800,400.0
2026-02-12,2,Помидоры,2.3,кг,120,276.0
2026-02-12,2,Салат айсберг,1.1,кг,150,165.0
2026-02-12,2,Картофель,3.7,кг,40,148.0
2026-02-12,2,Сыр пармезан,0.4,кг,800,320.0
2026-02-12,2,Сливки,1.6,л,200,320.0
2026-02-12,2,Молоко,2.4,л,70,168.0
2026-02-12,2,Макароны,2.1,кг,80,168.0
2026-02-12,2,Рис,1.3,кг,90,117.0
2026-02-12,2,Мука,1.0,кг,50,50.0
2026-02-12,2,Сахар,0.4,кг,60,24.0
2026-02-12,2,Кофе в зернах,0.3,кг,800,240.0
2026-02-12,2,Пиво,3.0,л,150,450.0
2026-02-12,3,Куриное филе,1.9,кг,250,475.0
2026-02-12,3,Говядина,1.2,кг,500,600.0
2026-02-12,3,Свинина,1.0,кг,400,400.0
2026-02-12,3,Рыба (филе),0.7,кг,600,420.0
2026-02-12,3,Помидоры,1.9,кг,120,228.0
2026-02-12,3,Огурцы,1.2,кг,100,120.0
2026-02-12,3,Салат айсберг,0.9,кг,150,135.0
2026-02-12,3,Сыр пармезан,0.6,кг,800,480.0
2026-02-12,3,Молоко,2.6,л,70,182.0
2026-02-12,3,Рис,1.4,кг,90,126.0
2026-02-12,3,Сахар,0.6,кг,60,36.0
2026-02-12,3,Кофе в зернах,0.3,кг,800,240.0
2026-02-12,3,Чай листовой,0.1,кг,500,50.0
2026-02-12,3,Соки,1.8,л,120,216.0
2026-02-12,7,Куриное филе,2.6,кг,250,650.0
2026-02-12,7,Креветки,0.4,кг,800,320.0
2026-02-12,7,Картофель,3.6,кг,40,144.0
2026-02-12,7,Сыр твердый,1.0,кг,450,450.0
2026-02-12,7,Молоко,2.2,л,70,154.0
2026-02-12,7,Рис,1.5,кг,90,135.0
2026-02-12,7,Мука,1.1,кг,50,55.0
2026-02-12,7,Сахар,0.4,кг,60,24.0
2026-02-12,7,Кофе в зернах,0.2,кг,800,160.0
2026-02-12,7,Чай листовой,0.2,кг,500,100.0
2026-02-12,7,Соки,2.0,л,120,240.0
2026-02-12,7,Пиво,2.9,л,150,435.0
2026-02-12,9,Куриное филе,2.6,кг,250,650.0
2026-02-12,9,Говядина,1.5,кг,500,750.0
2026-02-12,9,Свинина,0.9,кг,400,360.0
2026-02-12,9,Рыба (филе),1.0,кг,600,600.0
2026-02-12,9,Помидоры,1.9,кг,120,228.0
2026-02-12,9,Огурцы,1.7,кг,100,170.0
2026-02-12,9,Салат айсберг,1.0,кг,150,150.0
2026-02-12,9,Сыр твердый,1.2,кг,450,540.0
2026-02-12,9,Сыр пармезан,0.5,кг,800,400.0
2026-02-12,9,Сливки,1.4,л,200,280.0
2026-02-12,9,Молоко,2.5,л,70,175.0
2026-02-12,9,Рис,1.5,кг,90,135.0
2026-02-12,9,Кофе в зернах,0.3,кг,800,240.0
2026-02-12,9,Пиво,2.3,л,150,345.0
2026-02-13,1,Куриное филе,2.9,кг,250,725.0
2026-02-13,1,Говядина,1.5,кг,500,750.0
2026-02-13,1,Свинина,1.2,кг,400,480.0
2026-02-13,1,Помидоры,2.1,кг,120,252.0
2026-02-13,1,Огурцы,1.5,кг,100,150.0
2026-02-13,1,Салат айсберг,1.1,кг,150,165.0
2026-02-13,1,Картофель,3.8,кг,40,152.0
2026-02-13,1,Сыр твердый,0.9,кг,450,405.0
2026-02-13,1,Сыр пармезан,0.5,кг,800,400.0
2026-02-13,1,Молоко,2.9,л,70,203.0
2026-02-13,1,Макароны,1.8,кг,80,144.0
2026-02-13,1,Рис,1.6,кг,90,144.0
2026-02-13,1,Сахар,0.5,кг,60,30.0
2026-02-13,1,Кофе в зернах,0.3,кг,800,240.0
2026-02-13,1,Чай листовой,0.2,кг,500,100.0
2026-02-13,1,Соки,2.3,л,120,276.0
2026-02-13,2,Говядина,1.6,кг,500,800.0
2026-02-13,2,Свинина,0.9,кг,400,360.0
2026-02-13,2,Помидоры,2.6,кг,120,312.0
2026-02-13,2,Огурцы,1.4,кг,100,140.0
2026-02-13,2,Салат айсберг,1.1,кг,150,165.0
2026-02-13,2,Картофель,3.3,кг,40,132.0
2026-02-13,2,Сыр твердый,0.8,кг,450,360.0
2026-02-13,2,Сыр пармезан,0.6,кг,800,480.0
2026-02-13,2,Сливки,1.5,л,200,300.0
2026-02-13,2,Молоко,2.2,л,70,154.0
2026-02-13,2,Макароны,2.3,кг,80,184.0
2026-02-13,2,Рис,1.8,кг,90,162.0
2026-02-13,2,Сахар,0.5,кг,60,30.0
2026-02-13,2,Чай листовой,0.1,кг,500,50.0
2026-02-13,4,Говядина,1.7,кг,500,850.0
2026-02-13,4,Креветки,0.5,кг,800,400.0
2026-02-13,4,Огурцы,1.4,кг,100,140.0
2026-02-13,4,Салат айсберг,1.1,кг,150,165.0
2026-02-13,4,Картофель,5.0,кг,40,200.0
2026-02-13,4,Сыр твердый,1.0,кг,450,450.0
2026-02-13,4,Сыр пармезан,0.4,кг,800,320.0
2026-02-13,4,Макароны,1.8,кг,80,144.0
2026-02-13,4,Рис,1.3,кг,90,117.0
2026-02-13,4,Сахар,0.6,кг,60,36.0
2026-02-13,4,Кофе в зернах,0.2,кг,800,160.0
2026-02-13,4,Чай листовой,0.2,кг,500,100.0
2026-02-13,4,Соки,1.9,л,120,228.0
2026-02-13,4,Пиво,2.6,л,150,390.0
2026-02-13,7,Куриное филе,2.5,кг,250,625.0
2026-02-13,7,Говядина,1.4,кг,500,700.0
2026-02-13,7,Рыба (филе),1.1,кг,600,660.0
2026-02-13,7,Помидоры,1.8,кг,120,216.0
2026-02-13,7,Огурцы,1.3,кг,100,130.0
2026-02-13,7,Салат айсберг,0.9,кг,150,135.0
2026-02-13,7,Картофель,4.7,кг,40,188.0
2026-02-13,7,Сыр твердый,0.9,кг,450,405.0
2026-02-13,7,Сыр пармезан,0.6,кг,800,480.0
2026-02-13,7,Сливки,1.6,л,200,320.0
2026-02-13,7,Молоко,2.4,л,70,168.0
2026-02-13,7,Макароны,2.1,кг,80,168.0
2026-02-13,7,Рис,1.5,кг,90,135.0
2026-02-13,7,Мука,1.1,кг,50,55.0
2026-02-13,7,Сахар,0.5,кг,60,30.0
2026-02-13,7,Чай листовой,0.2,кг,500,100.0
2026-02-13,7,Соки,2.1,л,120,252.0
2026-02-13,9,Говядина,1.5,кг,500,750.0
2026-02-13,9,Свинина,1.1,кг,400,440.0
2026-02-13,9,Рыба (филе),1.0,кг,600,600.0
2026-02-13,9,Креветки,0.5,кг,800,400.0
2026-02-13,9,Помидоры,2.3,кг,120,276.0
2026-02-13,9,Огурцы,1.7,кг,100,170.0
2026-02-13,9,Салат айсберг,1.0,кг,150,150.0
2026-02-13,9,Картофель,4.0,кг,40,160.0
2026-02-13,9,Сыр твердый,0.8,кг,450,360.0
2026-02-13,9,Сыр пармезан,0.5,кг,800,400.0
2026-02-13,9,Сливки,1.3,л,200,260.0
2026-02-13,9,Молоко,2.7,л,70,189.0
2026-02-13,9,Макароны,2.0,кг,80,160.0
2026-02-13,9,Рис,1.5,кг,90,135.0
2026-02-13,9,Мука,1.0,кг,50,50.0
2026-02-13,9,Сахар,0.6,кг,60,36.0
2026-02-13,9,Чай листовой,0.1,кг,500,50.0
2026-02-14,2,Куриное филе,2.3,кг,250,575.0
2026-02-14,2,Говядина,1.9,кг,500,950.0
2026-02-14,2,Свинина,1.2,кг,400,480.0
2026-02-14,2,Рыба (филе),1.0,кг,600,600.0
2026-02-14,2,Креветки,0.5,кг,800,400.0
2026-02-14,2,Огурцы,1.4,кг,100,140.0
2026-02-14,2,Картофель,4.1,кг,40,164.0
2026-02-14,2,Сливки,1.5,л,200,300.0
2026-02-14,2,Молоко,2.1,л,70,147.0
2026-02-14,2,Мука,1.1,кг,50,55.0
2026-02-14,2,Чай листовой,0.2,кг,500,100.0
2026-02-14,2,Соки,2.0,л,120,240.0
2026-02-14,2,Пиво,2.3,л,150,345.0
2026-02-14,10,Говядина,1.7,кг,500,850.0
2026-02-14,10,Рыба (филе),1.1,кг,600,660.0
2026-02-14,10,Помидоры,1.8,кг,120,216.0
2026-02-14,10,Салат айсберг,1.0,кг,150,150.0
2026-02-14,10,Сыр твердый,1.2,кг,450,540.0
2026-02-14,10,Сливки,1.5,л,200,300.0
2026-02-14,10,Макароны,2.1,кг,80,168.0
2026-02-14,10,Сахар,0.4,кг,60,24.0
2026-02-14,10,Кофе в зернах,0.2,кг,800,160.0
2026-02-14,10,Чай листовой,0.1,кг,500,50.0
2026-02-14,10,Соки,1.9,л,120,228.0
2026-02-14,10,Пиво,2.6,л,150,390.0
2026-02-15,1,Куриное филе,2.6,кг,250,650.0
2026-02-15,1,Говядина,1.3,кг,500,650.0
2026-02-15,1,Рыба (филе),0.9,кг,600,540.0
2026-02-15,1,Креветки,0.5,кг,800,400.0
2026-02-15,1,Помидоры,1.9,кг,120,228.0
2026-02-15,1,Огурцы,1.3,кг,100,130.0
2026-02-15,1,Салат айсберг,1.0,кг,150,150.0
2026-02-15,1,Картофель,3.6,кг,40,144.0
2026-02-15,1,Сыр твердый,1.0,кг,450,450.0
2026-02-15,1,Сыр пармезан,0.6,кг,800,480.0
2026-02-15,1,Сливки,1.3,л,200,260.0
2026-02-15,1,Макароны,2.2,кг,80,176.0
2026-02-15,1,Рис,1.7,кг,90,153.0
2026-02-15,1,Чай листовой,0.2,кг,500,100.0
2026-02-15,1,Пиво,2.2,л,150,330.0
2026-02-15,4,Куриное филе,2.3,кг,250,575.0
2026-02-15,4,Свинина,0.9,кг,400,360.0
2026-02-15,4,Рыба (филе),0.9,кг,600,540.0
2026-02-15,4,Креветки,0.5,кг,800,400.0
2026-02-15,4,Огурцы,1.5,кг,100,150.0
2026-02-15,4,Сыр пармезан,0.5,кг,800,400.0
2026-02-15,4,Сливки,1.3,л,200,260.0
2026-02-15,4,Молоко,2.5,л,70,175.0
2026-02-15,4,Макароны,2.0,кг,80,160.0
2026-02-15,4,Рис,1.3,кг,90,117.0
2026-02-15,4,Сахар,0.6,кг,60,36.0
2026-02-15,4,Кофе в зернах,0.3,кг,800,240.0
2026-02-15,4,Чай листовой,0.2,кг,500,100.0
2026-02-15,4,Соки,2.4,л,120,288.0
2026-02-15,8,Куриное филе,2.0,кг,250,500.0
2026-02-15,8,Свинина,0.7,кг,400,280.0
2026-02-15,8,Рыба (филе),1.0,кг,600,600.0
2026-02-15,8,Креветки,0.4,кг,800,320.0
2026-02-15,8,Помидоры,2.1,кг,120,252.0
2026-02-15,8,Огурцы,1.5,кг,100,150.0
2026-02-15,8,Салат айсберг,1.1,кг,150,165.0
2026-02-15,8,Сыр твердый,1.1,кг,450,495.0
2026-02-15,8,Сыр пармезан,0.4,кг,800,320.0
2026-02-15,8,Сливки,1.8,л,200,360.0
2026-02-15,8,Молоко,2.2,л,70,154.0
2026-02-15,8,Макароны,1.6,кг,80,128.0
2026-02-15,8,Мука,0.9,кг,50,45.0
2026-02-15,8,Кофе в зернах,0.2,кг,800,160.0
2026-02-15,8,Чай листовой,0.1,кг,500,50.0
2026-02-15,8,Соки,1.7,л,120,204.0
2026-02-17,3,Куриное филе,1.7,кг,250,425.0
2026-02-17,3,Свинина,1.0,кг,400,400.0
2026-02-17,3,Креветки,0.5,кг,800,400.0
2026-02-17,3,Салат айсберг,1.0,кг,150,150.0
2026-02-17,3,Картофель,4.1,кг,40,164.0
2026-02-17,3,Сыр пармезан,0.4,кг,800,320.0
2026-02-17,3,Сливки,1.5,л,200,300.0
2026-02-17,3,Макароны,2.0,кг,80,160.0
2026-02-17,3,Рис,1.7,кг,90,153.0
2026-02-17,3,Мука,1.0,кг,50,50.0
2026-02-17,3,Сахар,0.6,кг,60,36.0
2026-02-17,3,Чай листовой,0.1,кг,500,50.0
2026-02-17,3,Соки,2.0,л,120,240.0
2026-02-17,4,Куриное филе,2.1,кг,250,525.0
2026-02-17,4,Говядина,1.8,кг,500,900.0
2026-02-17,4,Свинина,1.1,кг,400,440.0
2026-02-17,4,Рыба (филе),1.3,кг,600,780.0
2026-02-17,4,Креветки,0.6,кг,800,480.0
2026-02-17,4,Помидоры,1.6,кг,120,192.0
2026-02-17,4,Огурцы,1.6,кг,100,160.0
2026-02-17,4,Сыр твердый,1.1,кг,450,495.0
2026-02-17,4,Сыр пармезан,0.5,кг,800,400.0
2026-02-17,4,Сливки,1.6,л,200,320.0
2026-02-17,4,Рис,1.5,кг,90,135.0
2026-02-17,4,Мука,0.8,кг,50,40.0
2026-02-17,4,Сахар,0.5,кг,60,30.0
2026-02-17,4,Чай листовой,0.1,кг,500,50.0
2026-02-17,8,Куриное филе,2.0,кг,250,500.0
2026-02-17,8,Свинина,0.9,кг,400,360.0
2026-02-17,8,Рыба (филе),0.7,кг,600,420.0
2026-02-17,8,Помидоры,2.2,кг,120,264.0
2026-02-17,8,Огурцы,1.6,кг,100,160.0
2026-02-17,8,Салат айсберг,1.2,кг,150,180.0
2026-02-17,8,Картофель,4.1,кг,40,164.0
2026-02-17,8,Сыр пармезан,0.5,кг,800,400.0
2026-02-17,8,Молоко,2.2,л,70,154.0
2026-02-17,8,Макароны,1.7,кг,80,136.0
2026-02-17,8,Рис,1.3,кг,90,117.0
2026-02-17,8,Мука,0.8,кг,50,40.0
2026-02-17,8,Сахар,0.5,кг,60,30.0
2026-02-17,8,Кофе в зернах,0.3,кг,800,240.0
2026-02-17,8,Чай листовой,0.1,кг,500,50.0
2026-02-17,8,Соки,1.9,л,120,228.0
2026-02-17,8,Пиво,2.9,л,150,435.0
2026-02-17,9,Говядина,1.2,кг,500,600.0
2026-02-17,9,Свинина,1.0,кг,400,400.0
2026-02-17,9,Креветки,0.4,кг,800,320.0
2026-02-17,9,Огурцы,1.8,кг,100,180.0
2026-02-17,9,Салат айсберг,1.1,кг,150,165.0
2026-02-17,9,Сыр твердый,0.9,кг,450,405.0
2026-02-17,9,Сыр пармезан,0.5,кг,800,400.0
2026-02-17,9,Сливки,1.7,л,200,340.0
2026-02-17,9,Макароны,1.9,кг,80,152.0
2026-02-17,9,Рис,1.4,кг,90,126.0
2026-02-17,9,Сахар,0.6,кг,60,36.0
2026-02-17,9,Кофе в зернах,0.2,кг,800,160.0
2026-02-17,9,Соки,2.3,л,120,276.0
2026-02-17,9,Пиво,2.4,л,150,360.0
2026-02-17,10,Куриное филе,2.6,кг,250,650.0
2026-02-17,10,Говядина,1.4,кг,500,700.0
2026-02-17,10,Свинина,1.0,кг,400,400.0
2026-02-17,10,Рыба (филе),0.8,кг,600,480.0
2026-02-17,10,Креветки,0.5,кг,800,400.0
2026-02-17,10,Помидоры,2.2,кг,120,264.0
2026-02-17,10,Огурцы,1.2,кг,100,120.0
2026-02-17,10,Салат айсберг,1.1,кг,150,165.0
2026-02-17,10,Картофель,3.7,кг,40,148.0
2026-02-17,10,Сыр твердый,0.9,кг,450,405.0
2026-02-17,10,Сыр пармезан,0.5,кг,800,400.0
2026-02-17,10,Сливки,1.8,л,200,360.0
2026-02-17,10,Молоко,2.4,л,70,168.0
2026-02-17,10,Макароны,1.9,кг,80,152.0
2026-02-17,10,Рис,1.4,кг,90,126.0
2026-02-17,10,Мука,0.9,кг,50,45.0
2026-02-17,10,Сахар,0.6,кг,60,36.0
2026-02-17,10,Кофе в зернах,0.2,кг,800,160.0
2026-02-17,10,Чай листовой,0.1,кг,500,50.0
2026-02-17,10,Соки,2.1,л,120,252.0
2026-02-17,10,Пиво,2.7,л,150,405.0
2026-02-18,2,Куриное филе,2.2,кг,250,550.0
2026-02-18,2,Говядина,1.4,кг,500,700.0
2026-02-18,2,Свинина,0.9,кг,400,360.0
2026-02-18,2,Помидоры,2.0,кг,120,240.0
2026-02-18,2,Огурцы,1.7,кг,100,170.0
2026-02-18,2,Салат айсберг,1.0,кг,150,150.0
2026-02-18,2,Картофель,4.8,кг,40,192.0
2026-02-18,2,Сыр твердый,1.1,кг,450,495.0
2026-02-18,2,Сыр пармезан,0.5,кг,800,400.0
2026-02-18,2,Сливки,1.7,л,200,340.0
2026-02-18,2,Молоко,2.2,л,70,154.0
2026-02-18,2,Макароны,2.4,кг,80,192.0
2026-02-18,2,Рис,1.4,кг,90,126.0
2026-02-18,2,Сахар,0.5,кг,60,30.0
2026-02-18,2,Кофе в зернах,0.2,кг,800,160.0
2026-02-18,2,Соки,2.2,л,120,264.0
2026-02-18,2,Пиво,2.4,л,150,360.0
2026-02-18,7,Куриное филе,2.8,кг,250,700.0
2026-02-18,7,Говядина,1.6,кг,500,800.0
2026-02-18,7,Рыба (филе),0.9,кг,600,540.0
2026-02-18,7,Креветки,0.5,кг,800,400.0
2026-02-18,7,Помидоры,1.5,кг,120,180.0
2026-02-18,7,Огурцы,1.6,кг,100,160.0
2026-02-18,7,Картофель,4.0,кг,40,160.0
2026-02-18,7,Сыр твердый,0.8,кг,450,360.0
2026-02-18,7,Сливки,1.8,л,200,360.0
2026-02-18,7,Молоко,2.4,л,70,168.0
2026-02-18,7,Макароны,2.5,кг,80,200.0
2026-02-18,7,Рис,1.5,кг,90,135.0
2026-02-18,7,Мука,1.3,кг,50,65.0
2026-02-18,7,Сахар,0.5,кг,60,30.0
2026-02-18,7,Кофе в зернах,0.2,кг,800,160.0
2026-02-18,7,Чай листовой,0.2,кг,500,100.0
2026-02-18,7,Соки,2.1,л,120,252.0
2026-02-18,7,Пиво,3.0,л,150,450.0
2026-02-19,4,Куриное филе,2.6,кг,250,650.0
2026-02-19,4,Говядина,1.7,кг,500,850.0
2026-02-19,4,Рыба (филе),0.9,кг,600,540.0
2026-02-19,4,Креветки,0.6,кг,800,480.0
2026-02-19,4,Помидоры,1.7,кг,120,204.0
2026-02-19,4,Огурцы,1.6,кг,100,160.0
2026-02-19,4,Салат айсберг,0.8,кг,150,120.0
2026-02-19,4,Картофель,4.4,кг,40,176.0
2026-02-19,4,Сливки,1.5,л,200,300.0
2026-02-19,4,Рис,1.7,кг,90,153.0
2026-02-19,4,Сахар,0.5,кг,60,30.0
2026-02-19,4,Кофе в зернах,0.3,кг,800,240.0
2026-02-19,4,Чай листовой,0.2,кг,500,100.0
2026-02-19,4,Соки,1.9,л,120,228.0
2026-02-19,7,Куриное филе,2.0,кг,250,500.0
2026-02-19,7,Говядина,1.7,кг,500,850.0
2026-02-19,7,Свинина,1.1,кг,400,440.0
2026-02-19,7,Рыба (филе),0.9,кг,600,540.0
2026-02-19,7,Огурцы,1.4,кг,100,140.0
2026-02-19,7,Сыр твердый,0.9,кг,450,405.0
2026-02-19,7,Сыр пармезан,0.6,кг,800,480.0
2026-02-19,7,Сливки,1.6,л,200,320.0
2026-02-19,7,Молоко,2.6,л,70,182.0
2026-02-19,7,Макароны,1.6,кг,80,128.0
2026-02-19,7,Рис,1.5,кг,90,135.0
2026-02-19,7,Мука,1.0,кг,50,50.0
2026-02-19,7,Сахар,0.4,кг,60,24.0
2026-02-19,7,Чай листовой,0.1,кг,500,50.0
2026-02-19,7,Соки,2.3,л,120,276.0
2026-02-19,9,Куриное филе,2.9,кг,250,725.0
2026-02-19,9,Говядина,1.4,кг,500,700.0
2026-02-19,9,Свинина,1.0,кг,400,400.0
2026-02-19,9,Рыба (филе),1.0,кг,600,600.0
2026-02-19,9,Креветки,0.6,кг,800,480.0
2026-02-19,9,Огурцы,1.6,кг,100,160.0
2026-02-19,9,Салат айсберг,1.0,кг,150,150.0
2026-02-19,9,Сыр пармезан,0.5,кг,800,400.0
2026-02-19,9,Сливки,1.3,л,200,260.0
2026-02-19,9,Макароны,2.2,кг,80,176.0
2026-02-19,9,Мука,1.2,кг,50,60.0
2026-02-19,9,Сахар,0.4,кг,60,24.0
2026-02-19,9,Соки,2.1,л,120,252.0
2026-02-19,10,Куриное филе,2.4,кг,250,600.0
2026-02-19,10,Говядина,1.3,кг,500,650.0
2026-02-19,10,Свинина,0.8,кг,400,320.0
2026-02-19,10,Рыба (филе),1.0,кг,600,600.0
2026-02-19,10,Креветки,0.5,кг,800,400.0
2026-02-19,10,Картофель,4.4,кг,40,176.0
2026-02-19,10,Сыр пармезан,0.4,кг,800,320.0
2026-02-19,10,Сливки,1.8,л,200,360.0
2026-02-19,10,Молоко,2.1,л,70,147.0
2026-02-19,10,Макароны,1.6,кг,80,128.0
2026-02-19,10,Рис,1.7,кг,90,153.0
2026-02-19,10,Мука,1.0,кг,50,50.0
2026-02-19,10,Сахар,0.6,кг,60,36.0
2026-02-19,10,Чай листовой,0.1,кг,500,50.0
2026-02-19,10,Соки,1.6,л,120,192.0
2026-02-19,10,Пиво,2.3,л,150,345.0
2026-02-20,1,Куриное филе,2.4,кг,250,600.0
2026-02-20,1,Свинина,1.1,кг,400,440.0
2026-02-20,1,Рыба (филе),1.0,кг,600,600.0
2026-02-20,1,Креветки,0.6,кг,800,480.0
2026-02-20,1,Помидоры,2.1,кг,120,252.0
2026-02-20,1,Огурцы,1.2,кг,100,120.0
2026-02-20,1,Сливки,1.5,л,200,300.0
2026-02-20,1,Молоко,2.8,л,70,196.0
2026-02-20,1,Макароны,2.1,кг,80,168.0
2026-02-20,1,Рис,1.6,кг,90,144.0
2026-02-20,1,Мука,1.1,кг,50,55.0
2026-02-20,1,Сахар,0.4,кг,60,24.0
2026-02-20,1,Кофе в зернах,0.3,кг,800,240.0
2026-02-20,1,Чай листовой,0.2,кг,500,100.0
2026-02-20,1,Соки,2.2,л,120,264.0
2026-02-20,1,Пиво,2.2,л,150,330.0
2026-02-20,2,Куриное филе,2.8,кг,250,700.0
2026-02-20,2,Говядина,1.6,кг,500,800.0
2026-02-20,2,Рыба (филе),1.0,кг,600,600.0
2026-02-20,2,Креветки,0.6,кг,800,480.0
2026-02-20,2,Помидоры,1.6,кг,120,192.0
2026-02-20,2,Огурцы,1.8,кг,100,180.0
2026-02-20,2,Салат айсберг,0.9,кг,150,135.0
2026-02-20,2,Сыр пармезан,0.5,кг,800,400.0
2026-02-20,2,Сливки,1.4,л,200,280.0
2026-02-20,2,Молоко,2.3,л,70,161.0
2026-02-20,2,Макароны,2.3,кг,80,184.0
2026-02-20,2,Мука,0.9,кг,50,45.0
2026-02-20,2,Сахар,0.6,кг,60,36.0
2026-02-20,2,Кофе в зернах,0.3,кг,800,240.0
2026-02-20,2,Соки,2.0,л,120,240.0
2026-02-20,2,Пиво,2.2,л,150,330.0
2026-02-20,3,Куриное филе,2.2,кг,250,550.0
2026-02-20,3,Говядина,1.1,кг,500,550.0
2026-02-20,3,Свинина,0.9,кг,400,360.0
2026-02-20,3,Креветки,0.4,кг,800,320.0
2026-02-20,3,Помидоры,1.7,кг,120,204.0
2026-02-20,3,Салат айсберг,1.2,кг,150,180.0
2026-02-20,3,Картофель,3.5,кг,40,140.0
2026-02-20,3,Сыр твердый,0.9,кг,450,405.0
2026-02-20,3,Сливки,1.6,л,200,320.0
2026-02-20,3,Молоко,2.6,л,70,182.0
2026-02-20,3,Макароны,2.5,кг,80,200.0
2026-02-20,3,Мука,0.9,кг,50,45.0
2026-02-20,3,Сахар,0.6,кг,60,36.0
2026-02-20,3,Соки,2.0,л,120,240.0
2026-02-20,5,Рыба (филе),0.9,кг,600,540.0
2026-02-20,5,Креветки,0.6,кг,800,480.0
2026-02-20,5,Помидоры,1.6,кг,120,192.0
2026-02-20,5,Огурцы,1.6,кг,100,160.0
2026-02-20,5,Салат айсберг,0.9,кг,150,135.0
2026-02-20,5,Картофель,4.5,кг,40,180.0
2026-02-20,5,Сыр пармезан,0.6,кг,800,480.0
2026-02-20,5,Сливки,1.3,л,200,260.0
2026-02-20,5,Молоко,2.8,л,70,196.0
2026-02-20,5,Макароны,2.5,кг,80,200.0
2026-02-20,5,Рис,1.8,кг,90,162.0
2026-02-20,5,Мука,1.0,кг,50,50.0
2026-02-20,5,Сахар,0.5,кг,60,30.0
2026-02-20,5,Чай листовой,0.1,кг,500,50.0
2026-02-20,5,Соки,2.3,л,120,276.0
2026-02-20,5,Пиво,2.1,л,150,315.0
2026-02-20,7,Рыба (филе),1.1,кг,600,660.0
2026-02-20,7,Креветки,0.6,кг,800,480.0
2026-02-20,7,Огурцы,1.6,кг,100,160.0
2026-02-20,7,Салат айсберг,1.1,кг,150,165.0
2026-02-20,7,Сыр пармезан,0.5,кг,800,400.0
2026-02-20,7,Сливки,1.5,л,200,300.0
2026-02-20,7,Макароны,2.1,кг,80,168.0
2026-02-20,7,Рис,1.6,кг,90,144.0
2026-02-20,7,Мука,0.8,кг,50,40.0
2026-02-20,7,Сахар,0.5,кг,60,30.0
2026-02-20,7,Кофе в зернах,0.2,кг,800,160.0
2026-02-20,7,Соки,2.1,л,120,252.0
2026-02-20,7,Пиво,2.3,л,150,345.0
2026-02-20,9,Куриное филе,1.9,кг,250,475.0
2026-02-20,9,Свинина,1.1,кг,400,440.0
2026-02-20,9,Рыба (филе),1.3,кг,600,780.0
2026-02-20,9,Огурцы,1.8,кг,100,180.0
2026-02-20,9,Салат айсберг,1.1,кг,150,165.0
2026-02-20,9,Сыр пармезан,0.4,кг,800,320.0
2026-02-20,9,Макароны,1.9,кг,80,152.0
2026-02-20,9,Рис,1.7,кг,90,153.0
2026-02-20,9,Кофе в зернах,0.2,кг,800,160.0
2026-02-20,9,Пиво,2.8,л,150,420.0
2026-02-21,3,Куриное филе,2.1,кг,250,525.0
2026-02-21,3,Свинина,1.0,кг,400,400.0
2026-02-21,3,Рыба (филе),0.7,кг,600,420.0
2026-02-21,3,Креветки,0.4,кг,800,320.0
2026-02-21,3,Картофель,4.5,кг,40,180.0
2026-02-21,3,Сливки,1.6,л,200,320.0
2026-02-21,3,Молоко,2.4,л,70,168.0
2026-02-21,3,Макароны,1.6,кг,80,128.0
2026-02-21,3,Рис,1.2,кг,90,108.0
2026-02-21,3,Кофе в зернах,0.2,кг,800,160.0
2026-02-21,3,Пиво,2.8,л,150,420.0
2026-02-21,7,Куриное филе,2.5,кг,250,625.0
2026-02-21,7,Говядина,1.3,кг,500,650.0
2026-02-21,7,Свинина,1.1,кг,400,440.0
2026-02-21,7,Креветки,0.5,кг,800,400.0
2026-02-21,7,Помидоры,2.1,кг,120,252.0
2026-02-21,7,Огурцы,1.2,кг,100,120.0
2026-02-21,7,Картофель,3.2,кг,40,128.0
2026-02-21,7,Сыр твердый,1.0,кг,450,450.0
2026-02-21,7,Сыр пармезан,0.6,кг,800,480.0
2026-02-21,7,Молоко,2.1,л,70,147.0
2026-02-21,7,Макароны,2.0,кг,80,160.0
2026-02-21,7,Рис,1.6,кг,90,144.0
2026-02-21,7,Мука,0.8,кг,50,40.0
2026-02-21,7,Сахар,0.5,кг,60,30.0
2026-02-21,7,Кофе в зернах,0.3,кг,800,240.0
2026-02-21,7,Соки,2.0,л,120,240.0
2026-02-21,9,Куриное филе,2.4,кг,250,600.0
2026-02-21,9,Говядина,1.8,кг,500,900.0
2026-02-21,9,Свинина,1.0,кг,400,400.0
2026-02-21,9,Рыба (филе),0.9,кг,600,540.0
2026-02-21,9,Помидоры,1.8,кг,120,216.0
2026-02-21,9,Огурцы,1.4,кг,100,140.0
2026-02-21,9,Салат айсберг,1.1,кг,150,165.0
2026-02-21,9,Сливки,1.5,л,200,300.0
2026-02-21,9,Молоко,2.6,л,70,182.0
2026-02-21,9,Макароны,2.6,кг,80,208.0
2026-02-21,9,Мука,1.0,кг,50,50.0
2026-02-21,9,Сахар,0.6,кг,60,36.0
2026-02-21,9,Пиво,2.7,л,150,405.0
2026-02-21,10,Куриное филе,2.1,кг,250,525.0
2026-02-21,10,Говядина,1.6,кг,500,800.0
2026-02-21,10,Свинина,0.8,кг,400,320.0
2026-02-21,10,Рыба (филе),0.8,кг,600,480.0
2026-02-21,10,Салат айсберг,1.1,кг,150,165.0
2026-02-21,10,Картофель,3.7,кг,40,148.0
2026-02-21,10,Сыр пармезан,0.5,кг,800,400.0
2026-02-21,10,Сливки,1.6,л,200,320.0
2026-02-21,10,Молоко,2.3,л,70,161.0
2026-02-21,10,Макароны,2.5,кг,80,200.0
2026-02-21,10,Мука,0.9,кг,50,45.0
2026-02-21,10,Сахар,0.5,кг,60,30.0
2026-02-21,10,Кофе в зернах,0.2,кг,800,160.0
2026-02-21,10,Чай листовой,0.2,кг,500,100.0
2026-02-21,10,Соки,2.1,л,120,252.0
2026-02-22,1,Куриное филе,2.7,кг,250,675.0
2026-02-22,1,Говядина,1.7,кг,500,850.0
2026-02-22,1,Свинина,1.1,кг,400,440.0
2026-02-22,1,Помидоры,2.1,кг,120,252.0
2026-02-22,1,Огурцы,1.7,кг,100,170.0
2026-02-22,1,Салат айсберг,0.9,кг,150,135.0
2026-02-22,1,Картофель,4.2,кг,40,168.0
2026-02-22,1,Сыр твердый,1.0,кг,450,450.0
2026-02-22,1,Сыр пармезан,0.5,кг,800,400.0
2026-02-22,1,Сливки,1.5,л,200,300.0
2026-02-22,1,Молоко,2.4,л,70,168.0
2026-02-22,1,Макароны,2.3,кг,80,184.0
2026-02-22,1,Сахар,0.6,кг,60,36.0
2026-02-22,1,Соки,2.0,л,120,240.0
2026-02-22,1,Пиво,2.6,л,150,390.0
2026-02-22,2,Куриное филе,2.5,кг,250,625.0
2026-02-22,2,Говядина,1.4,кг,500,700.0
2026-02-22,2,Свинина,1.1,кг,400,440.0
2026-02-22,2,Рыба (филе),1.0,кг,600,600.0
2026-02-22,2,Креветки,0.5,кг,800,400.0
2026-02-22,2,Помидоры,2.1,кг,120,252.0
2026-02-22,2,Огурцы,1.7,кг,100,170.0
2026-02-22,2,Салат айсберг,1.0,кг,150,150.0
2026-02-22,2,Сыр твердый,1.2,кг,450,540.0
2026-02-22,2,Сливки,1.8,л,200,360.0
2026-02-22,2,Макароны,1.7,кг,80,136.0
2026-02-22,2,Рис,1.7,кг,90,153.0
2026-02-22,2,Кофе в зернах,0.2,кг,800,160.0
2026-02-22,2,Чай листовой,0.2,кг,500,100.0
2026-02-22,2,Пиво,2.4,л,150,360.0
2026-02-22,3,Куриное филе,1.9,кг,250,475.0
2026-02-22,3,Говядина,1.3,кг,500,650.0
2026-02-22,3,Свинина,0.7,кг,400,280.0
2026-02-22,3,Рыба (филе),0.8,кг,600,480.0
2026-02-22,3,Помидоры,1.9,кг,120,228.0
2026-02-22,3,Огурцы,1.5,кг,100,150.0
2026-02-22,3,Салат айсберг,0.9,кг,150,135.0
2026-02-22,3,Картофель,3.6,кг,40,144.0
2026-02-22,3,Сыр твердый,1.1,кг,450,495.0
2026-02-22,3,Сыр пармезан,0.5,кг,800,400.0
2026-02-22,3,Сливки,1.6,л,200,320.0
2026-02-22,3,Макароны,2.2,кг,80,176.0
2026-02-22,3,Рис,1.8,кг,90,162.0
2026-02-22,3,Мука,0.9,кг,50,45.0
2026-02-22,3,Сахар,0.4,кг,60,24.0
2026-02-22,3,Пиво,2.8,л,150,420.0
2026-02-22,5,Рыба (филе),1.0,кг,600,600.0
2026-02-22,5,Креветки,0.5,кг,800,400.0
2026-02-22,5,Помидоры,1.6,кг,120,192.0
2026-02-22,5,Салат айсберг,1.1,кг,150,165.0
2026-02-22,5,Картофель,3.9,кг,40,156.0
2026-02-22,5,Сыр твердый,0.8,кг,450,360.0
2026-02-22,5,Сыр пармезан,0.5,кг,800,400.0
2026-02-22,5,Молоко,2.3,л,70,161.0
2026-02-22,5,Макароны,2.3,кг,80,184.0
2026-02-22,5,Рис,1.4,кг,90,126.0
2026-02-22,5,Мука,1.0,кг,50,50.0
2026-02-22,5,Сахар,0.4,кг,60,24.0
2026-02-22,5,Кофе в зернах,0.2,кг,800,160.0
2026-02-22,5,Чай листовой,0.1,кг,500,50.0
2026-02-22,5,Пиво,2.4,л,150,360.0
2026-02-22,7,Куриное филе,2.5,кг,250,625.0
2026-02-22,7,Свинина,1.2,кг,400,480.0
2026-02-22,7,Рыба (филе),1.1,кг,600,660.0
2026-02-22,7,Креветки,0.5,кг,800,400.0
2026-02-22,7,Помидоры,1.8,кг,120,216.0
2026-02-22,7,Салат айсберг,1.0,кг,150,150.0
2026-02-22,7,Сыр твердый,1.0,кг,450,450.0
2026-02-22,7,Сыр пармезан,0.5,кг,800,400.0
2026-02-22,7,Сливки,1.3,л,200,260.0
2026-02-22,7,Молоко,2.6,л,70,182.0
2026-02-22,7,Рис,1.5,кг,90,135.0
2026-02-22,7,Мука,1.2,кг,50,60.0
2026-02-22,7,Сахар,0.6,кг,60,36.0
2026-02-22,7,Чай листовой,0.2,кг,500,100.0
2026-02-22,7,Пиво,2.7,л,150,405.0
2026-02-23,4,Куриное филе,2.7,кг,250,675.0
2026-02-23,4,Говядина,1.5,кг,500,750.0
2026-02-23,4,Креветки,0.5,кг,800,400.0
2026-02-23,4,Огурцы,1.4,кг,100,140.0
2026-02-23,4,Салат айсберг,0.9,кг,150,135.0
2026-02-23,4,Картофель,3.7,кг,40,148.0
2026-02-23,4,Сыр пармезан,0.5,кг,800,400.0
2026-02-23,4,Сливки,1.4,л,200,280.0
2026-02-23,4,Молоко,2.1,л,70,147.0
2026-02-23,4,Рис,1.6,кг,90,144.0
2026-02-23,4,Мука,1.2,кг,50,60.0
2026-02-23,4,Кофе в зернах,0.3,кг,800,240.0
2026-02-23,4,Пиво,1.9,л,150,285.0
2026-02-23,9,Говядина,1.2,кг,500,600.0
2026-02-23,9,Свинина,1.2,кг,400,480.0
2026-02-23,9,Рыба (филе),1.0,кг,600,600.0
2026-02-23,9,Креветки,0.6,кг,800,480.0
2026-02-23,9,Помидоры,2.2,кг,120,264.0
2026-02-23,9,Огурцы,1.5,кг,100,150.0
2026-02-23,9,Салат айсберг,1.0,кг,150,150.0
2026-02-23,9,Картофель,4.4,кг,40,176.0
2026-02-23,9,Сыр твердый,0.9,кг,450,405.0
2026-02-23,9,Сыр пармезан,0.5,кг,800,400.0
2026-02-23,9,Молоко,2.8,л,70,196.0
2026-02-23,9,Макароны,2.1,кг,80,168.0
2026-02-23,9,Рис,1.6,кг,90,144.0
2026-02-23,9,Мука,1.1,кг,50,55.0
2026-02-23,9,Сахар,0.4,кг,60,24.0
2026-02-23,9,Кофе в зернах,0.2,кг,800,160.0
2026-02-23,9,Чай листовой,0.1,кг,500,50.0
2026-02-23,9,Пиво,2.9,л,150,435.0
2026-02-24,1,Куриное филе,2.2,кг,250,550.0
2026-02-24,1,Говядина,1.7,кг,500,850.0
2026-02-24,1,Рыба (филе),1.1,кг,600,660.0
2026-02-24,1,Креветки,0.5,кг,800,400.0
2026-02-24,1,Помидоры,2.6,кг,120,312.0
2026-02-24,1,Огурцы,1.3,кг,100,130.0
2026-02-24,1,Салат айсберг,1.0,кг,150,150.0
2026-02-24,1,Сыр пармезан,0.6,кг,800,480.0
2026-02-24,1,Макароны,2.0,кг,80,160.0
2026-02-24,1,Рис,1.3,кг,90,117.0
2026-02-24,1,Мука,0.9,кг,50,45.0
2026-02-24,1,Сахар,0.4,кг,60,24.0
2026-02-24,1,Кофе в зернах,0.2,кг,800,160.0
2026-02-24,1,Соки,1.9,л,120,228.0
2026-02-24,1,Пиво,2.7,л,150,405.0
2026-02-24,5,Говядина,1.9,кг,500,950.0
2026-02-24,5,Свинина,1.1,кг,400,440.0
2026-02-24,5,Креветки,0.4,кг,800,320.0
2026-02-24,5,Помидоры,1.9,кг,120,228.0
2026-02-24,5,Салат айсберг,0.9,кг,150,135.0
2026-02-24,5,Сливки,1.4,л,200,280.0
2026-02-24,5,Молоко,2.8,л,70,196.0
2026-02-24,5,Рис,1.7,кг,90,153.0
2026-02-24,5,Мука,0.9,кг,50,45.0
2026-02-24,5,Кофе в зернах,0.2,кг,800,160.0
2026-02-24,5,Пиво,2.6,л,150,390.0
2026-02-25,1,Говядина,1.5,кг,500,750.0
2026-02-25,1,Рыба (филе),1.2,кг,600,720.0
2026-02-25,1,Креветки,0.4,кг,800,320.0
2026-02-25,1,Помидоры,2.4,кг,120,288.0
2026-02-25,1,Огурцы,1.6,кг,100,160.0
2026-02-25,1,Салат айсберг,1.2,кг,150,180.0
2026-02-25,1,Картофель,4.5,кг,40,180.0
2026-02-25,1,Сыр твердый,0.9,кг,450,405.0
2026-02-25,1,Сыр пармезан,0.5,кг,800,400.0
2026-02-25,1,Молоко,2.9,л,70,203.0
2026-02-25,1,Макароны,2.0,кг,80,160.0
2026-02-25,1,Рис,1.8,кг,90,162.0
2026-02-25,1,Сахар,0.5,кг,60,30.0
2026-02-25,1,Чай листовой,0.2,кг,500,100.0
2026-02-25,1,Пиво,2.6,л,150,390.0
2026-02-25,4,Говядина,1.6,кг,500,800.0
2026-02-25,4,Свинина,0.9,кг,400,360.0
2026-02-25,4,Рыба (филе),0.8,кг,600,480.0
2026-02-25,4,Креветки,0.5,кг,800,400.0
2026-02-25,4,Помидоры,1.7,кг,120,204.0
2026-02-25,4,Огурцы,1.4,кг,100,140.0
2026-02-25,4,Салат айсберг,0.9,кг,150,135.0
2026-02-25,4,Картофель,3.7,кг,40,148.0
2026-02-25,4,Сыр пармезан,0.6,кг,800,480.0
2026-02-25,4,Сливки,1.4,л,200,280.0
2026-02-25,4,Молоко,2.3,л,70,161.0
2026-02-25,4,Макароны,2.0,кг,80,160.0
2026-02-25,4,Рис,1.8,кг,90,162.0
2026-02-25,4,Сахар,0.4,кг,60,24.0
2026-02-25,4,Кофе в зернах,0.3,кг,800,240.0
2026-02-25,4,Соки,1.9,л,120,228.0
2026-02-25,5,Куриное филе,2.4,кг,250,600.0
2026-02-25,5,Говядина,1.2,кг,500,600.0
2026-02-25,5,Рыба (филе),1.0,кг,600,600.0
2026-02-25,5,Креветки,0.6,кг,800,480.0
2026-02-25,5,Помидоры,1.9,кг,120,228.0
2026-02-25,5,Огурцы,1.3,кг,100,130.0
2026-02-25,5,Картофель,4.0,кг,40,160.0
2026-02-25,5,Сыр твердый,1.0,кг,450,450.0
2026-02-25,5,Сыр пармезан,0.4,кг,800,320.0
2026-02-25,5,Молоко,2.6,л,70,182.0
2026-02-25,5,Макароны,2.0,кг,80,160.0
2026-02-25,5,Рис,1.4,кг,90,126.0
2026-02-25,5,Мука,1.1,кг,50,55.0
2026-02-25,5,Сахар,0.5,кг,60,30.0
2026-02-25,5,Кофе в зернах,0.2,кг,800,160.0
2026-02-25,5,Пиво,2.5,л,150,375.0
2026-02-25,7,Куриное филе,3.1,кг,250,775.0
2026-02-25,7,Креветки,0.5,кг,800,400.0
2026-02-25,7,Помидоры,1.6,кг,120,192.0
2026-02-25,7,Огурцы,1.5,кг,100,150.0
2026-02-25,7,Картофель,4.1,кг,40,164.0
2026-02-25,7,Сыр твердый,0.9,кг,450,405.0
2026-02-25,7,Сыр пармезан,0.4,кг,800,320.0
2026-02-25,7,Сливки,1.8,л,200,360.0
2026-02-25,7,Молоко,2.1,л,70,147.0
2026-02-25,7,Рис,1.4,кг,90,126.0
2026-02-25,7,Мука,1.2,кг,50,60.0
2026-02-25,7,Сахар,0.4,кг,60,24.0
2026-02-25,7,Кофе в зернах,0.2,кг,800,160.0
2026-02-25,7,Пиво,2.6,л,150,390.0
2026-02-26,4,Куриное филе,2.5,кг,250,625.0
2026-02-26,4,Говядина,1.4,кг,500,700.0
2026-02-26,4,Рыба (филе),1.0,кг,600,600.0
2026-02-26,4,Креветки,0.5,кг,800,400.0
2026-02-26,4,Помидоры,2.3,кг,120,276.0
2026-02-26,4,Картофель,4.2,кг,40,168.0
2026-02-26,4,Сыр твердый,1.0,кг,450,450.0
2026-02-26,4,Сливки,1.5,л,200,300.0
2026-02-26,4,Молоко,2.8,л,70,196.0
2026-02-26,4,Макароны,2.1,кг,80,168.0
2026-02-26,4,Мука,1.2,кг,50,60.0
2026-02-26,4,Кофе в зернах,0.3,кг,800,240.0
2026-02-26,4,Пиво,2.4,л,150,360.0
2026-02-27,4,Куриное филе,2.8,кг,250,700.0
2026-02-27,4,Говядина,1.6,кг,500,800.0
2026-02-27,4,Свинина,1.1,кг,400,440.0
2026-02-27,4,Рыба (филе),1.0,кг,600,600.0
2026-02-27,4,Креветки,0.5,кг,800,400.0
2026-02-27,4,Помидоры,1.6,кг,120,192.0
2026-02-27,4,Сыр пармезан,0.5,кг,800,400.0
2026-02-27,4,Сливки,1.5,л,200,300.0
2026-02-27,4,Молоко,2.3,л,70,161.0
2026-02-27,4,Макароны,2.3,кг,80,184.0
2026-02-27,4,Рис,1.6,кг,90,144.0
2026-02-27,4,Сахар,0.5,кг,60,30.0
2026-02-27,4,Кофе в зернах,0.3,кг,800,240.0
2026-02-27,4,Чай листовой,0.2,кг,500,100.0
2026-02-27,4,Соки,2.1,л,120,252.0
2026-02-27,4,Пиво,2.7,л,150,405.0
2026-02-27,6,Говядина,1.9,кг,500,950.0
2026-02-27,6,Рыба (филе),0.9,кг,600,540.0
2026-02-27,6,Креветки,0.4,кг,800,320.0
2026-02-27,6,Помидоры,2.4,кг,120,288.0
2026-02-27,6,Огурцы,1.5,кг,100,150.0
2026-02-27,6,Картофель,3.6,кг,40,144.0
2026-02-27,6,Сыр твердый,0.9,кг,450,405.0
2026-02-27,6,Сливки,1.6,л,200,320.0
2026-02-27,6,Молоко,2.2,л,70,154.0
2026-02-27,6,Макароны,2.2,кг,80,176.0
2026-02-27,6,Рис,1.5,кг,90,135.0
2026-02-27,6,Мука,1.1,кг,50,55.0
2026-02-27,6,Кофе в зернах,0.3,кг,800,240.0
2026-02-27,6,Пиво,2.4,л,150,360.0
2026-02-27,7,Говядина,1.7,кг,500,850.0
2026-02-27,7,Свинина,1.0,кг,400,400.0
2026-02-27,7,Рыба (филе),0.8,кг,600,480.0
2026-02-27,7,Креветки,0.6,кг,800,480.0
2026-02-27,7,Помидоры,2.1,кг,120,252.0
2026-02-27,7,Огурцы,1.6,кг,100,160.0
2026-02-27,7,Салат айсберг,1.0,кг,150,150.0
2026-02-27,7,Картофель,3.8,кг,40,152.0
2026-02-27,7,Молоко,2.3,л,70,161.0
2026-02-27,7,Мука,0.9,кг,50,45.0
2026-02-27,7,Сахар,0.5,кг,60,30.0
2026-02-27,7,Кофе в зернах,0.2,кг,800,160.0
2026-02-27,7,Чай листовой,0.2,кг,500,100.0
2026-02-27,7,Соки,1.8,л,120,216.0
2026-02-27,7,Пиво,2.5,л,150,375.0
2026-02-28,1,Говядина,1.6,кг,500,800.0
2026-02-28,1,Свинина,0.9,кг,400,360.0
2026-02-28,1,Креветки,0.5,кг,800,400.0
2026-02-28,1,Помидоры,2.2,кг,120,264.0
2026-02-28,1,Огурцы,1.5,кг,100,150.0
2026-02-28,1,Сыр твердый,0.9,кг,450,405.0
2026-02-28,1,Сыр пармезан,0.5,кг,800,400.0
2026-02-28,1,Кофе в зернах,0.3,кг,800,240.0
2026-02-28,1,Чай листовой,0.1,кг,500,50.0
2026-02-28,3,Говядина,1.0,кг,500,500.0
2026-02-28,3,Креветки,0.5,кг,800,400.0
2026-02-28,3,Огурцы,1.2,кг,100,120.0
2026-02-28,3,Картофель,3.7,кг,40,148.0
2026-02-28,3,Сыр твердый,1.0,кг,450,450.0
2026-02-28,3,Сыр пармезан,0.5,кг,800,400.0
2026-02-28,3,Сливки,1.4,л,200,280.0
2026-02-28,3,Молоко,2.8,л,70,196.0
2026-02-28,3,Макароны,2.0,кг,80,160.0
2026-02-28,3,Мука,1.0,кг,50,50.0
2026-02-28,3,Сахар,0.5,кг,60,30.0
2026-02-28,3,Кофе в зернах,0.2,кг,800,160.0
2026-02-28,3,Чай листовой,0.1,кг,500,50.0
2026-02-28,3,Соки,2.4,л,120,288.0
2026-02-28,3,Пиво,2.4,л,150,360.0
2026-02-28,4,Куриное филе,3.0,кг,250,750.0
2026-02-28,4,Говядина,1.5,кг,500,750.0
2026-02-28,4,Креветки,0.5,кг,800,400.0
2026-02-28,4,Помидоры,2.1,кг,120,252.0
2026-02-28,4,Огурцы,1.8,кг,100,180.0
2026-02-28,4,Салат айсберг,1.1,кг,150,165.0
2026-02-28,4,Картофель,3.9,кг,40,156.0
2026-02-28,4,Сыр твердый,1.0,кг,450,450.0
2026-02-28,4,Сливки,1.7,л,200,340.0
2026-02-28,4,Молоко,2.5,л,70,175.0
2026-02-28,4,Макароны,1.8,кг,80,144.0
2026-02-28,4,Рис,1.3,кг,90,117.0
2026-02-28,4,Мука,1.1,кг,50,55.0
2026-02-28,4,Сахар,0.5,кг,60,30.0
2026-02-28,4,Кофе в зернах,0.2,кг,800,160.0
2026-02-28,8,Куриное филе,1.6,кг,250,400.0
2026-02-28,8,Говядина,1.2,кг,500,600.0
2026-02-28,8,Свинина,1.0,кг,400,400.0
2026-02-28,8,Рыба (филе),1.0,кг,600,600.0
2026-02-28,8,Креветки,0.3,кг,800,240.0
2026-02-28,8,Огурцы,1.5,кг,100,150.0
2026-02-28,8,Картофель,4.4,кг,40,176.0
2026-02-28,8,Сыр твердый,1.0,кг,450,450.0
2026-02-28,8,Сливки,1.4,л,200,280.0
2026-02-28,8,Молоко,3.1,л,70,217.0
2026-02-28,8,Макароны,2.0,кг,80,160.0
2026-02-28,8,Рис,1.8,кг,90,162.0
2026-02-28,8,Мука,0.9,кг,50,45.0
2026-02-28,8,Сахар,0.5,кг,60,30.0
2026-02-28,8,Кофе в зернах,0.2,кг,800,160.0
2026-02-28,8,Чай листовой,0.2,кг,500,100.0
2026-02-28,8,Соки,2.1,л,120,252.0
2026-02-28,9,Куриное филе,2.7,кг,250,675.0
2026-02-28,9,Свинина,0.9,кг,400,360.0
2026-02-28,9,Рыба (филе),1.1,кг,600,660.0
2026-02-28,9,Креветки,0.4,кг,800,320.0
2026-02-28,9,Огурцы,1.5,кг,100,150.0
2026-02-28,9,Салат айсберг,1.0,кг,150,150.0
2026-02-28,9,Сыр пармезан,0.5,кг,800,400.0
2026-02-28,9,Сливки,1.6,л,200,320.0
2026-02-28,9,Молоко,2.1,л,70,147.0
2026-02-28,9,Рис,1.3,кг,90,117.0
2026-02-28,9,Мука,1.0,кг,50,50.0
2026-02-28,9,Сахар,0.5,кг,60,30.0
2026-03-01,1,Куриное филе,2.3,кг,250,575.0
2026-03-01,1,Свинина,0.9,кг,400,360.0
2026-03-01,1,Рыба (филе),0.8,кг,600,480.0
2026-03-01,1,Помидоры,2.5,кг,120,300.0
2026-03-01,1,Огурцы,1.7,кг,100,170.0
2026-03-01,1,Салат айсберг,1.2,кг,150,180.0
2026-03-01,1,Картофель,4.3,кг,40,172.0
2026-03-01,1,Сыр пармезан,0.6,кг,800,480.0
2026-03-01,1,Сливки,1.4,л,200,280.0
2026-03-01,1,Макароны,2.1,кг,80,168.0
2026-03-01,1,Сахар,0.5,кг,60,30.0
2026-03-01,1,Кофе в зернах,0.2,кг,800,160.0
2026-03-01,1,Чай листовой,0.2,кг,500,100.0
2026-03-01,1,Соки,1.8,л,120,216.0
2026-03-01,3,Куриное филе,2.2,кг,250,550.0
2026-03-01,3,Свинина,0.8,кг,400,320.0
2026-03-01,3,Рыба (филе),0.9,кг,600,540.0
2026-03-01,3,Креветки,0.4,кг,800,320.0
2026-03-01,3,Огурцы,1.6,кг,100,160.0
2026-03-01,3,Салат айсберг,0.8,кг,150,120.0
2026-03-01,3,Картофель,4.3,кг,40,172.0
2026-03-01,3,Сыр твердый,1.0,кг,450,450.0
2026-03-01,3,Сливки,1.6,л,200,320.0
2026-03-01,3,Молоко,2.9,л,70,203.0
2026-03-01,3,Макароны,2.3,кг,80,184.0
2026-03-01,3,Рис,1.4,кг,90,126.0
2026-03-01,3,Мука,1.1,кг,50,55.0
2026-03-01,3,Кофе в зернах,0.2,кг,800,160.0
2026-03-01,3,Чай листовой,0.1,кг,500,50.0
2026-03-01,3,Соки,2.0,л,120,240.0
2026-03-01,3,Пиво,2.4,л,150,360.0
2026-03-01,5,Куриное филе,2.8,кг,250,700.0
2026-03-01,5,Говядина,1.7,кг,500,850.0
2026-03-01,5,Свинина,1.1,кг,400,440.0
2026-03-01,5,Рыба (филе),1.0,кг,600,600.0
2026-03-01,5,Помидоры,2.5,кг,120,300.0
2026-03-01,5,Огурцы,1.7,кг,100,170.0
2026-03-01,5,Салат айсберг,1.0,кг,150,150.0
2026-03-01,5,Картофель,3.9,кг,40,156.0
2026-03-01,5,Сыр пармезан,0.5,кг,800,400.0
2026-03-01,5,Сливки,1.6,л,200,320.0
2026-03-01,5,Молоко,3.0,л,70,210.0
2026-03-01,5,Макароны,2.2,кг,80,176.0
2026-03-01,5,Мука,0.9,кг,50,45.0
2026-03-01,5,Чай листовой,0.2,кг,500,100.0
2026-03-01,5,Соки,2.3,л,120,276.0
2026-03-01,5,Пиво,2.6,л,150,390.0
2026-03-01,8,Куриное филе,2.1,кг,250,525.0
2026-03-01,8,Рыба (филе),1.0,кг,600,600.0
2026-03-01,8,Креветки,0.4,кг,800,320.0
2026-03-01,8,Огурцы,1.4,кг,100,140.0
2026-03-01,8,Салат айсберг,1.1,кг,150,165.0
2026-03-01,8,Сыр пармезан,0.5,кг,800,400.0
2026-03-01,8,Сливки,1.4,л,200,280.0
2026-03-01,8,Макароны,2.1,кг,80,168.0
2026-03-01,8,Рис,1.6,кг,90,144.0
2026-03-01,8,Мука,0.9,кг,50,45.0
2026-03-01,8,Сахар,0.5,кг,60,30.0
2026-03-01,8,Кофе в зернах,0.3,кг,800,240.0
2026-03-01,9,Говядина,1.6,кг,500,800.0
2026-03-01,9,Свинина,1.0,кг,400,400.0
2026-03-01,9,Рыба (филе),0.9,кг,600,540.0
2026-03-01,9,Помидоры,1.6,кг,120,192.0
2026-03-01,9,Огурцы,1.8,кг,100,180.0
2026-03-01,9,Салат айсберг,1.0,кг,150,150.0
2026-03-01,9,Картофель,3.5,кг,40,140.0
2026-03-01,9,Сыр твердый,1.0,кг,450,450.0
2026-03-01,9,Сыр пармезан,0.5,кг,800,400.0
2026-03-01,9,Сливки,1.6,л,200,320.0
2026-03-01,9,Молоко,2.6,л,70,182.0
2026-03-01,9,Макароны,1.8,кг,80,144.0
2026-03-01,9,Рис,1.4,кг,90,126.0
2026-03-01,9,Мука,1.0,кг,50,50.0
2026-03-01,9,Сахар,0.6,кг,60,36.0
2026-03-01,9,Кофе в зернах,0.3,кг,800,240.0
2026-03-01,9,Чай листовой,0.2,кг,500,100.0
2026-03-01,9,Соки,1.6,л,120,192.0
2026-03-01,9,Пиво,2.3,л,150,345.0
2026-03-02,2,Говядина,1.7,кг,500,850.0
2026-03-02,2,Рыба (филе),1.0,кг,600,600.0
2026-03-02,2,Креветки,0.5,кг,800,400.0
2026-03-02,2,Помидоры,1.8,кг,120,216.0
2026-03-02,2,Огурцы,1.3,кг,100,130.0
2026-03-02,2,Салат айсберг,1.0,кг,150,150.0
2026-03-02,2,Картофель,3.9,кг,40,156.0
2026-03-02,2,Сыр твердый,1.0,кг,450,450.0
2026-03-02,2,Сыр пармезан,0.6,кг,800,480.0
2026-03-02,2,Сливки,1.5,л,200,300.0
2026-03-02,2,Молоко,2.3,л,70,161.0
2026-03-02,2,Рис,1.4,кг,90,126.0
2026-03-02,2,Мука,0.9,кг,50,45.0
2026-03-02,2,Кофе в зернах,0.2,кг,800,160.0
2026-03-02,2,Пиво,2.3,л,150,345.0
2026-03-02,4,Говядина,1.3,кг,500,650.0
2026-03-02,4,Свинина,1.1,кг,400,440.0
2026-03-02,4,Рыба (филе),1.1,кг,600,660.0
2026-03-02,4,Огурцы,1.2,кг,100,120.0
2026-03-02,4,Салат айсберг,1.1,кг,150,165.0
2026-03-02,4,Картофель,3.8,кг,40,152.0
2026-03-02,4,Сыр твердый,1.1,кг,450,495.0
2026-03-02,4,Сыр пармезан,0.5,кг,800,400.0
2026-03-02,4,Сливки,1.7,л,200,340.0
2026-03-02,4,Молоко,3.1,л,70,217.0
2026-03-02,4,Макароны,1.8,кг,80,144.0
2026-03-02,4,Рис,1.4,кг,90,126.0
2026-03-02,4,Кофе в зернах,0.3,кг,800,240.0
2026-03-02,4,Чай листовой,0.1,кг,500,50.0
2026-03-02,4,Соки,2.3,л,120,276.0
2026-03-02,4,Пиво,2.8,л,150,420.0
2026-03-02,5,Куриное филе,2.4,кг,250,600.0
2026-03-02,5,Говядина,1.6,кг,500,800.0
2026-03-02,5,Свинина,0.8,кг,400,320.0
2026-03-02,5,Рыба (филе),1.1,кг,600,660.0
2026-03-02,5,Помидоры,2.0,кг,120,240.0
2026-03-02,5,Огурцы,1.6,кг,100,160.0
2026-03-02,5,Салат айсберг,1.0,кг,150,150.0
2026-03-02,5,Сыр пармезан,0.5,кг,800,400.0
2026-03-02,5,Сливки,1.8,л,200,360.0
2026-03-02,5,Молоко,2.3,л,70,161.0
2026-03-02,5,Макароны,2.1,кг,80,168.0
2026-03-02,5,Сахар,0.6,кг,60,36.0
2026-03-02,5,Кофе в зернах,0.2,кг,800,160.0
2026-03-02,5,Чай листовой,0.1,кг,500,50.0
2026-03-02,5,Соки,1.9,л,120,228.0
2026-03-02,5,Пиво,2.3,л,150,345.0
2026-03-02,7,Куриное филе,2.2,кг,250,550.0
2026-03-02,7,Рыба (филе),1.0,кг,600,600.0
2026-03-02,7,Огурцы,1.8,кг,100,180.0
2026-03-02,7,Салат айсберг,1.0,кг,150,150.0
2026-03-02,7,Картофель,4.7,кг,40,188.0
2026-03-02,7,Сыр твердый,1.0,кг,450,450.0
2026-03-02,7,Сыр пармезан,0.5,кг,800,400.0
2026-03-02,7,Сливки,1.4,л,200,280.0
2026-03-02,7,Молоко,2.2,л,70,154.0
2026-03-02,7,Макароны,2.0,кг,80,160.0
2026-03-02,7,Сахар,0.4,кг,60,24.0
2026-03-02,7,Кофе в зернах,0.3,кг,800,240.0
2026-03-02,7,Чай листовой,0.2,кг,500,100.0
2026-03-02,7,Соки,2.3,л,120,276.0
2026-03-02,7,Пиво,2.9,л,150,435.0
2026-03-03,2,Куриное филе,2.3,кг,250,575.0
2026-03-03,2,Говядина,1.4,кг,500,700.0
2026-03-03,2,Помидоры,2.2,кг,120,264.0
2026-03-03,2,Огурцы,1.3,кг,100,130.0
2026-03-03,2,Картофель,3.8,кг,40,152.0
2026-03-03,2,Сыр твердый,1.2,кг,450,540.0
2026-03-03,2,Сыр пармезан,0.6,кг,800,480.0
2026-03-03,2,Молоко,2.9,л,70,203.0
2026-03-03,2,Рис,1.5,кг,90,135.0
2026-03-03,2,Сахар,0.6,кг,60,36.0
2026-03-03,2,Кофе в зернах,0.3,кг,800,240.0
2026-03-03,2,Чай листовой,0.2,кг,500,100.0
2026-03-03,2,Пиво,2.8,л,150,420.0
2026-03-03,5,Куриное филе,2.7,кг,250,675.0
2026-03-03,5,Говядина,1.4,кг,500,700.0
2026-03-03,5,Свинина,1.2,кг,400,480.0
2026-03-03,5,Рыба (филе),0.9,кг,600,540.0
2026-03-03,5,Креветки,0.5,кг,800,400.0
2026-03-03,5,Огурцы,1.4,кг,100,140.0
2026-03-03,5,Салат айсберг,0.9,кг,150,135.0
2026-03-03,5,Картофель,4.3,кг,40,172.0
2026-03-03,5,Сыр твердый,1.0,кг,450,450.0
2026-03-03,5,Сыр пармезан,0.6,кг,800,480.0
2026-03-03,5,Сливки,1.4,л,200,280.0
2026-03-03,5,Молоко,2.5,л,70,175.0
2026-03-03,5,Макароны,2.2,кг,80,176.0
2026-03-03,5,Рис,1.7,кг,90,153.0
2026-03-03,5,Мука,1.0,кг,50,50.0
2026-03-03,5,Сахар,0.5,кг,60,30.0
2026-03-03,5,Кофе в зернах,0.2,кг,800,160.0
2026-03-03,5,Чай листовой,0.1,кг,500,50.0
2026-03-03,5,Соки,1.8,л,120,216.0
2026-03-03,5,Пиво,3.0,л,150,450.0
2026-03-03,7,Говядина,1.3,кг,500,650.0
2026-03-03,7,Свинина,0.9,кг,400,360.0
2026-03-03,7,Рыба (филе),1.0,кг,600,600.0
2026-03-03,7,Креветки,0.4,кг,800,320.0
2026-03-03,7,Помидоры,2.2,кг,120,264.0
2026-03-03,7,Картофель,3.9,кг,40,156.0
2026-03-03,7,Сыр твердый,1.0,кг,450,450.0
2026-03-03,7,Сыр пармезан,0.5,кг,800,400.0
2026-03-03,7,Сливки,1.5,л,200,300.0
2026-03-03,7,Макароны,2.0,кг,80,160.0
2026-03-03,7,Рис,1.8,кг,90,162.0
2026-03-03,7,Кофе в зернах,0.3,кг,800,240.0
2026-03-03,7,Чай листовой,0.2,кг,500,100.0
2026-03-03,7,Соки,2.3,л,120,276.0
2026-03-03,7,Пиво,2.5,л,150,375.0
2026-03-04,2,Куриное филе,2.4,кг,250,600.0
2026-03-04,2,Говядина,1.5,кг,500,750.0
2026-03-04,2,Свинина,0.8,кг,400,320.0
2026-03-04,2,Рыба (филе),1.0,кг,600,600.0
2026-03-04,2,Креветки,0.6,кг,800,480.0
2026-03-04,2,Помидоры,2.0,кг,120,240.0
2026-03-04,2,Салат айсберг,0.9,кг,150,135.0
2026-03-04,2,Сыр пармезан,0.5,кг,800,400.0
2026-03-04,2,Сливки,1.5,л,200,300.0
2026-03-04,2,Макароны,2.2,кг,80,176.0
2026-03-04,2,Мука,1.1,кг,50,55.0
2026-03-04,2,Сахар,0.5,кг,60,30.0
2026-03-04,2,Кофе в зернах,0.2,кг,800,160.0
2026-03-04,2,Чай листовой,0.2,кг,500,100.0
2026-03-04,2,Пиво,2.1,л,150,315.0
2026-03-04,9,Куриное филе,2.4,кг,250,600.0
2026-03-04,9,Свинина,0.9,кг,400,360.0
2026-03-04,9,Рыба (филе),1.0,кг,600,600.0
2026-03-04,9,Помидоры,1.9,кг,120,228.0
2026-03-04,9,Огурцы,1.7,кг,100,170.0
2026-03-04,9,Салат айсберг,1.1,кг,150,165.0
2026-03-04,9,Картофель,4.9,кг,40,196.0
2026-03-04,9,Сыр твердый,0.9,кг,450,405.0
2026-03-04,9,Сыр пармезан,0.6,кг,800,480.0
2026-03-04,9,Сливки,1.4,л,200,280.0
2026-03-04,9,Молоко,2.4,л,70,168.0
2026-03-04,9,Рис,1.6,кг,90,144.0
2026-03-04,9,Сахар,0.5,кг,60,30.0
2026-03-04,9,Кофе в зернах,0.3,кг,800,240.0
2026-03-05,1,Куриное филе,3.1,кг,250,775.0
2026-03-05,1,Креветки,0.4,кг,800,320.0
2026-03-05,1,Помидоры,2.3,кг,120,276.0
2026-03-05,1,Салат айсберг,1.1,кг,150,165.0
2026-03-05,1,Картофель,4.7,кг,40,188.0
2026-03-05,1,Сыр твердый,0.9,кг,450,405.0
2026-03-05,1,Сыр пармезан,0.6,кг,800,480.0
2026-03-05,1,Сливки,1.5,л,200,300.0
2026-03-05,1,Макароны,2.0,кг,80,160.0
2026-03-05,1,Сахар,0.6,кг,60,36.0
2026-03-05,1,Кофе в зернах,0.3,кг,800,240.0
2026-03-05,1,Соки,1.7,л,120,204.0
2026-03-05,1,Пиво,2.1,л,150,315.0
2026-03-05,9,Куриное филе,2.5,кг,250,625.0
2026-03-05,9,Говядина,1.6,кг,500,800.0
2026-03-05,9,Свинина,1.0,кг,400,400.0
2026-03-05,9,Огурцы,1.8,кг,100,180.0
2026-03-05,9,Картофель,4.4,кг,40,176.0
2026-03-05,9,Мука,1.0,кг,50,50.0
2026-03-05,9,Сахар,0.5,кг,60,30.0
2026-03-05,9,Кофе в зернах,0.2,кг,800,160.0
2026-03-05,9,Чай листовой,0.1,кг,500,50.0
2026-03-05,9,Пиво,2.1,л,150,315.0
2026-03-06,2,Куриное филе,2.5,кг,250,625.0
2026-03-06,2,Говядина,1.4,кг,500,700.0
2026-03-06,2,Рыба (филе),1.2,кг,600,720.0
2026-03-06,2,Креветки,0.5,кг,800,400.0
2026-03-06,2,Помидоры,2.4,кг,120,288.0
2026-03-06,2,Огурцы,1.5,кг,100,150.0
2026-03-06,2,Салат айсберг,0.9,кг,150,135.0
2026-03-06,2,Картофель,3.8,кг,40,152.0
2026-03-06,2,Сыр твердый,0.8,кг,450,360.0
2026-03-06,2,Сыр пармезан,0.6,кг,800,480.0
2026-03-06,2,Макароны,1.9,кг,80,152.0
2026-03-06,2,Рис,1.5,кг,90,135.0
2026-03-06,2,Сахар,0.5,кг,60,30.0
2026-03-06,2,Кофе в зернах,0.3,кг,800,240.0
2026-03-06,2,Соки,2.5,л,120,300.0
2026-03-06,2,Пиво,2.4,л,150,360.0
2026-03-06,6,Куриное филе,2.7,кг,250,675.0
2026-03-06,6,Говядина,1.3,кг,500,650.0
2026-03-06,6,Рыба (филе),0.9,кг,600,540.0
2026-03-06,6,Креветки,0.5,кг,800,400.0
2026-03-06,6,Помидоры,1.8,кг,120,216.0
2026-03-06,6,Салат айсберг,0.8,кг,150,120.0
2026-03-06,6,Сыр пармезан,0.6,кг,800,480.0
2026-03-06,6,Молоко,2.9,л,70,203.0
2026-03-06,6,Сахар,0.5,кг,60,30.0
2026-03-06,6,Кофе в зернах,0.2,кг,800,160.0
2026-03-06,6,Соки,2.0,л,120,240.0
2026-03-06,9,Куриное филе,2.3,кг,250,575.0
2026-03-06,9,Говядина,1.3,кг,500,650.0
2026-03-06,9,Свинина,1.0,кг,400,400.0
2026-03-06,9,Рыба (филе),1.2,кг,600,720.0
2026-03-06,9,Помидоры,2.4,кг,120,288.0
2026-03-06,9,Огурцы,1.7,кг,100,170.0
2026-03-06,9,Сыр твердый,1.1,кг,450,495.0
2026-03-06,9,Сыр пармезан,0.5,кг,800,400.0
2026-03-06,9,Сливки,1.7,л,200,340.0
2026-03-06,9,Молоко,2.3,л,70,161.0
2026-03-06,9,Макароны,2.2,кг,80,176.0
2026-03-06,9,Мука,0.9,кг,50,45.0
2026-03-06,9,Сахар,0.5,кг,60,30.0
2026-03-06,9,Соки,1.8,л,120,216.0
2026-03-06,10,Куриное филе,2.7,кг,250,675.0
2026-03-06,10,Говядина,1.5,кг,500,750.0
2026-03-06,10,Свинина,1.0,кг,400,400.0
2026-03-06,10,Рыба (филе),0.9,кг,600,540.0
2026-03-06,10,Помидоры,1.6,кг,120,192.0
2026-03-06,10,Салат айсберг,0.9,кг,150,135.0
2026-03-06,10,Картофель,4.3,кг,40,172.0
2026-03-06,10,Сыр твердый,0.9,кг,450,405.0
2026-03-06,10,Сыр пармезан,0.6,кг,800,480.0
2026-03-06,10,Макароны,1.7,кг,80,136.0
2026-03-06,10,Рис,1.2,кг,90,108.0
2026-03-06,10,Сахар,0.5,кг,60,30.0
2026-03-06,10,Кофе в зернах,0.3,кг,800,240.0
2026-03-06,10,Чай листовой,0.2,кг,500,100.0
2026-03-06,10,Соки,2.3,л,120,276.0
2026-03-07,4,Помидоры,2.0,кг,120,240.0
2026-03-07,4,Салат айсберг,1.0,кг,150,150.0
2026-03-07,4,Картофель,4.2,кг,40,168.0
2026-03-07,4,Сыр твердый,1.0,кг,450,450.0
2026-03-07,4,Сыр пармезан,0.5,кг,800,400.0
2026-03-07,4,Сливки,1.3,л,200,260.0
2026-03-07,4,Макароны,2.0,кг,80,160.0
2026-03-07,4,Рис,1.7,кг,90,153.0
2026-03-07,4,Мука,0.8,кг,50,40.0
2026-03-07,4,Кофе в зернах,0.2,кг,800,160.0
2026-03-07,5,Куриное филе,2.2,кг,250,550.0
2026-03-07,5,Рыба (филе),1.1,кг,600,660.0
2026-03-07,5,Помидоры,1.8,кг,120,216.0
2026-03-07,5,Огурцы,1.5,кг,100,150.0
2026-03-07,5,Салат айсберг,0.9,кг,150,135.0
2026-03-07,5,Картофель,3.5,кг,40,140.0
2026-03-07,5,Сыр твердый,1.0,кг,450,450.0
2026-03-07,5,Сливки,1.9,л,200,380.0
2026-03-07,5,Молоко,2.6,л,70,182.0
2026-03-07,5,Рис,1.6,кг,90,144.0
2026-03-07,5,Мука,1.1,кг,50,55.0
2026-03-07,5,Кофе в зернах,0.2,кг,800,160.0
2026-03-07,5,Чай листовой,0.2,кг,500,100.0
2026-03-07,10,Говядина,1.8,кг,500,900.0
2026-03-07,10,Помидоры,2.1,кг,120,252.0
2026-03-07,10,Огурцы,1.8,кг,100,180.0
2026-03-07,10,Сыр твердый,1.1,кг,450,495.0
2026-03-07,10,Сыр пармезан,0.5,кг,800,400.0
2026-03-07,10,Рис,1.8,кг,90,162.0
2026-03-07,10,Сахар,0.5,кг,60,30.0
2026-03-07,10,Кофе в зернах,0.3,кг,800,240.0
2026-03-07,10,Чай листовой,0.2,кг,500,100.0
2026-03-07,10,Соки,1.8,л,120,216.0
2026-03-07,10,Пиво,2.3,л,150,345.0
2026-03-08,2,Куриное филе,2.9,кг,250,725.0
2026-03-08,2,Свинина,1.1,кг,400,440.0
2026-03-08,2,Рыба (филе),1.1,кг,600,660.0
2026-03-08,2,Креветки,0.5,кг,800,400.0
2026-03-08,2,Помидоры,1.7,кг,120,204.0
2026-03-08,2,Салат айсберг,1.1,кг,150,165.0
2026-03-08,2,Картофель,4.9,кг,40,196.0
2026-03-08,2,Сливки,1.5,л,200,300.0
2026-03-08,2,Рис,1.6,кг,90,144.0
2026-03-08,2,Мука,1.1,кг,50,55.0
2026-03-08,2,Сахар,0.5,кг,60,30.0
2026-03-08,2,Кофе в зернах,0.3,кг,800,240.0
2026-03-08,2,Чай листовой,0.2,кг,500,100.0
2026-03-08,2,Соки,1.9,л,120,228.0
2026-03-08,2,Пиво,2.6,л,150,390.0
2026-03-08,9,Говядина,1.5,кг,500,750.0
2026-03-08,9,Рыба (филе),0.9,кг,600,540.0
2026-03-08,9,Креветки,0.6,кг,800,480.0
2026-03-08,9,Помидоры,2.1,кг,120,252.0
2026-03-08,9,Огурцы,1.7,кг,100,170.0
2026-03-08,9,Сыр пармезан,0.5,кг,800,400.0
2026-03-08,9,Сливки,1.5,л,200,300.0
2026-03-08,9,Молоко,2.7,л,70,189.0
2026-03-08,9,Макароны,2.2,кг,80,176.0
2026-03-08,9,Мука,1.1,кг,50,55.0
2026-03-08,9,Сахар,0.5,кг,60,30.0
2026-03-08,9,Чай листовой,0.1,кг,500,50.0
2026-03-08,9,Соки,2.1,л,120,252.0
2026-03-08,10,Куриное филе,2.5,кг,250,625.0
2026-03-08,10,Говядина,1.6,кг,500,800.0
2026-03-08,10,Рыба (филе),0.9,кг,600,540.0
2026-03-08,10,Картофель,3.6,кг,40,144.0
2026-03-08,10,Сыр твердый,1.0,кг,450,450.0
2026-03-08,10,Сливки,1.4,л,200,280.0
2026-03-08,10,Молоко,2.2,л,70,154.0
2026-03-08,10,Макароны,2.0,кг,80,160.0
2026-03-08,10,Рис,1.7,кг,90,153.0
2026-03-08,10,Сахар,0.5,кг,60,30.0
2026-03-08,10,Чай листовой,0.1,кг,500,50.0
2026-03-08,10,Соки,2.0,л,120,240.0
2026-03-08,10,Пиво,2.4,л,150,360.0
2026-03-09,2,Куриное филе,2.7,кг,250,675.0
2026-03-09,2,Говядина,1.4,кг,500,700.0
2026-03-09,2,Свинина,1.0,кг,400,400.0
2026-03-09,2,Рыба (филе),1.1,кг,600,660.0
2026-03-09,2,Креветки,0.4,кг,800,320.0
2026-03-09,2,Помидоры,2.3,кг,120,276.0
2026-03-09,2,Огурцы,1.8,кг,100,180.0
2026-03-09,2,Салат айсберг,0.9,кг,150,135.0
2026-03-09,2,Картофель,3.1,кг,40,124.0
2026-03-09,2,Сыр пармезан,0.5,кг,800,400.0
2026-03-09,2,Молоко,2.7,л,70,189.0
2026-03-09,2,Макароны,2.0,кг,80,160.0
2026-03-09,2,Рис,1.3,кг,90,117.0
2026-03-09,2,Мука,1.2,кг,50,60.0
2026-03-09,2,Сахар,0.5,кг,60,30.0
2026-03-09,2,Чай листовой,0.2,кг,500,100.0
2026-03-09,2,Пиво,3.1,л,150,465.0
2026-03-09,7,Говядина,1.8,кг,500,900.0
2026-03-09,7,Свинина,1.1,кг,400,440.0
2026-03-09,7,Креветки,0.5,кг,800,400.0
2026-03-09,7,Помидоры,2.0,кг,120,240.0
2026-03-09,7,Огурцы,1.6,кг,100,160.0
2026-03-09,7,Салат айсберг,0.9,кг,150,135.0
2026-03-09,7,Сыр пармезан,0.4,кг,800,320.0
2026-03-09,7,Молоко,2.7,л,70,189.0
2026-03-09,7,Макароны,2.3,кг,80,184.0
2026-03-09,7,Рис,1.6,кг,90,144.0
2026-03-09,7,Мука,0.9,кг,50,45.0
2026-03-09,7,Сахар,0.4,кг,60,24.0
2026-03-09,7,Чай листовой,0.2,кг,500,100.0
2026-03-09,7,Соки,1.8,л,120,216.0
2026-03-09,7,Пиво,2.2,л,150,330.0
2026-03-09,8,Куриное филе,2.1,кг,250,525.0
2026-03-09,8,Говядина,1.1,кг,500,550.0
2026-03-09,8,Свинина,0.6,кг,400,240.0
2026-03-09,8,Креветки,0.4,кг,800,320.0
2026-03-09,8,Помидоры,1.7,кг,120,204.0
2026-03-09,8,Огурцы,1.4,кг,100,140.0
2026-03-09,8,Картофель,3.7,кг,40,148.0
2026-03-09,8,Сыр твердый,1.1,кг,450,495.0
2026-03-09,8,Сливки,1.4,л,200,280.0
2026-03-09,8,Молоко,2.2,л,70,154.0
2026-03-09,8,Макароны,2.3,кг,80,184.0
2026-03-09,8,Рис,1.4,кг,90,126.0
2026-03-09,8,Сахар,0.5,кг,60,30.0
2026-03-09,8,Чай листовой,0.1,кг,500,50.0
2026-03-09,8,Соки,2.2,л,120,264.0
2026-03-09,8,Пиво,2.3,л,150,345.0
2026-03-10,1,Куриное филе,2.0,кг,250,500.0
2026-03-10,1,Говядина,1.4,кг,500,700.0
2026-03-10,1,Рыба (филе),1.0,кг,600,600.0
2026-03-10,1,Креветки,0.5,кг,800,400.0
2026-03-10,1,Помидоры,2.2,кг,120,264.0
2026-03-10,1,Огурцы,1.7,кг,100,170.0
2026-03-10,1,Салат айсберг,1.0,кг,150,150.0
2026-03-10,1,Картофель,4.0,кг,40,160.0
2026-03-10,1,Сыр твердый,0.8,кг,450,360.0
2026-03-10,1,Сыр пармезан,0.5,кг,800,400.0
2026-03-10,1,Молоко,2.8,л,70,196.0
2026-03-10,1,Макароны,1.8,кг,80,144.0
2026-03-10,1,Мука,0.9,кг,50,45.0
2026-03-10,1,Чай листовой,0.2,кг,500,100.0
2026-03-10,1,Соки,2.0,л,120,240.0
2026-03-10,1,Пиво,2.4,л,150,360.0
2026-03-10,4,Креветки,0.4,кг,800,320.0
2026-03-10,4,Помидоры,2.3,кг,120,276.0
2026-03-10,4,Огурцы,1.4,кг,100,140.0
2026-03-10,4,Салат айсберг,1.2,кг,150,180.0
2026-03-10,4,Картофель,3.8,кг,40,152.0
2026-03-10,4,Сыр твердый,0.9,кг,450,405.0
2026-03-10,4,Сыр пармезан,0.6,кг,800,480.0
2026-03-10,4,Сливки,1.6,л,200,320.0
2026-03-10,4,Молоко,2.6,л,70,182.0
2026-03-10,4,Макароны,2.0,кг,80,160.0
2026-03-10,4,Рис,1.4,кг,90,126.0
2026-03-10,4,Мука,0.9,кг,50,45.0
2026-03-10,4,Сахар,0.5,кг,60,30.0
2026-03-10,4,Кофе в зернах,0.2,кг,800,160.0
2026-03-10,4,Чай листовой,0.1,кг,500,50.0
2026-03-10,4,Соки,1.7,л,120,204.0
2026-03-10,4,Пиво,2.2,л,150,330.0
2026-03-10,7,Свинина,0.9,кг,400,360.0
2026-03-10,7,Рыба (филе),1.0,кг,600,600.0
2026-03-10,7,Креветки,0.5,кг,800,400.0
2026-03-10,7,Помидоры,2.2,кг,120,264.0
2026-03-10,7,Огурцы,1.8,кг,100,180.0
2026-03-10,7,Салат айсберг,0.9,кг,150,135.0
2026-03-10,7,Картофель,4.6,кг,40,184.0
2026-03-10,7,Сыр твердый,1.0,кг,450,450.0
2026-03-10,7,Сливки,1.3,л,200,260.0
2026-03-10,7,Молоко,2.9,л,70,203.0
2026-03-10,7,Рис,1.7,кг,90,153.0
2026-03-10,7,Мука,1.0,кг,50,50.0
2026-03-10,7,Сахар,0.6,кг,60,36.0
2026-03-10,7,Кофе в зернах,0.3,кг,800,240.0
2026-03-10,7,Чай листовой,0.2,кг,500,100.0
2026-03-10,8,Куриное филе,1.9,кг,250,475.0
2026-03-10,8,Говядина,1.0,кг,500,500.0
2026-03-10,8,Рыба (филе),0.7,кг,600,420.0
2026-03-10,8,Помидоры,1.9,кг,120,228.0
2026-03-10,8,Салат айсберг,1.1,кг,150,165.0
2026-03-10,8,Картофель,3.6,кг,40,144.0
2026-03-10,8,Сыр твердый,1.0,кг,450,450.0
2026-03-10,8,Сыр пармезан,0.5,кг,800,400.0
2026-03-10,8,Сливки,1.3,л,200,260.0
2026-03-10,8,Молоко,2.5,л,70,175.0
2026-03-10,8,Рис,1.3,кг,90,117.0
2026-03-10,8,Сахар,0.5,кг,60,30.0
2026-03-10,8,Чай листовой,0.2,кг,500,100.0
2026-03-10,10,Куриное филе,3.1,кг,250,775.0
2026-03-10,10,Говядина,1.2,кг,500,600.0
2026-03-10,10,Свинина,1.2,кг,400,480.0
2026-03-10,10,Рыба (филе),1.1,кг,600,660.0
2026-03-10,10,Креветки,0.5,кг,800,400.0
2026-03-10,10,Помидоры,1.9,кг,120,228.0
2026-03-10,10,Огурцы,1.4,кг,100,140.0
2026-03-10,10,Молоко,2.2,л,70,154.0
2026-03-10,10,Макароны,2.0,кг,80,160.0
2026-03-10,10,Рис,1.6,кг,90,144.0
2026-03-10,10,Мука,1.0,кг,50,50.0
2026-03-10,10,Кофе в зернах,0.2,кг,800,160.0
2026-03-10,10,Чай листовой,0.2,кг,500,100.0
2026-03-10,10,Пиво,2.3,л,150,345.0
2026-03-11,1,Куриное филе,2.5,кг,250,625.0
2026-03-11,1,Свинина,1.2,кг,400,480.0
2026-03-11,1,Рыба (филе),1.0,кг,600,600.0
2026-03-11,1,Креветки,0.4,кг,800,320.0
2026-03-11,1,Помидоры,1.9,кг,120,228.0
2026-03-11,1,Салат айсберг,1.0,кг,150,150.0
2026-03-11,1,Картофель,3.3,кг,40,132.0
2026-03-11,1,Сыр твердый,1.0,кг,450,450.0
2026-03-11,1,Сыр пармезан,0.5,кг,800,400.0
2026-03-11,1,Сливки,1.7,л,200,340.0
2026-03-11,1,Молоко,2.0,л,70,140.0
2026-03-11,1,Рис,1.5,кг,90,135.0
2026-03-11,1,Мука,1.0,кг,50,50.0
2026-03-11,1,Сахар,0.4,кг,60,24.0
2026-03-11,1,Соки,2.3,л,120,276.0
2026-03-11,1,Пиво,2.3,л,150,345.0
2026-03-11,3,Куриное филе,1.9,кг,250,475.0
2026-03-11,3,Говядина,0.9,кг,500,450.0
2026-03-11,3,Свинина,1.0,кг,400,400.0
2026-03-11,3,Рыба (филе),0.7,кг,600,420.0
2026-03-11,3,Креветки,0.4,кг,800,320.0
2026-03-11,3,Помидоры,1.8,кг,120,216.0
2026-03-11,3,Огурцы,1.6,кг,100,160.0
2026-03-11,3,Салат айсберг,1.0,кг,150,150.0
2026-03-11,3,Картофель,3.5,кг,40,140.0
2026-03-11,3,Сыр твердый,1.0,кг,450,450.0
2026-03-11,3,Сыр пармезан,0.6,кг,800,480.0
2026-03-11,3,Молоко,2.2,л,70,154.0
2026-03-11,3,Макароны,2.0,кг,80,160.0
2026-03-11,3,Мука,1.0,кг,50,50.0
2026-03-11,3,Кофе в зернах,0.2,кг,800,160.0
2026-03-11,3,Пиво,2.2,л,150,330.0
2026-03-11,7,Свинина,1.2,кг,400,480.0
2026-03-11,7,Рыба (филе),0.8,кг,600,480.0
2026-03-11,7,Креветки,0.5,кг,800,400.0
2026-03-11,7,Помидоры,2.1,кг,120,252.0
2026-03-11,7,Салат айсберг,1.1,кг,150,165.0
2026-03-11,7,Сыр твердый,1.1,кг,450,495.0
2026-03-11,7,Сливки,1.4,л,200,280.0
2026-03-11,7,Молоко,3.0,л,70,210.0
2026-03-11,7,Макароны,1.6,кг,80,128.0
2026-03-11,7,Рис,1.7,кг,90,153.0
2026-03-11,7,Мука,1.0,кг,50,50.0
2026-03-11,7,Сахар,0.6,кг,60,36.0
2026-03-11,7,Чай листовой,0.2,кг,500,100.0
2026-03-11,7,Пиво,2.6,л,150,390.0
2026-03-11,8,Говядина,1.2,кг,500,600.0
2026-03-11,8,Креветки,0.4,кг,800,320.0
2026-03-11,8,Помидоры,2.2,кг,120,264.0
2026-03-11,8,Огурцы,1.2,кг,100,120.0
2026-03-11,8,Салат айсберг,0.9,кг,150,135.0
2026-03-11,8,Сыр твердый,1.1,кг,450,495.0
2026-03-11,8,Сыр пармезан,0.6,кг,800,480.0
2026-03-11,8,Сливки,1.4,л,200,280.0
2026-03-11,8,Макароны,1.8,кг,80,144.0
2026-03-11,8,Рис,1.8,кг,90,162.0
2026-03-11,8,Сахар,0.5,кг,60,30.0
2026-03-11,8,Чай листовой,0.1,кг,500,50.0
2026-03-11,8,Пиво,2.5,л,150,375.0
2026-03-11,9,Куриное филе,2.1,кг,250,525.0
2026-03-11,9,Свинина,1.2,кг,400,480.0
2026-03-11,9,Рыба (филе),1.1,кг,600,660.0
2026-03-11,9,Креветки,0.5,кг,800,400.0
2026-03-11,9,Помидоры,2.0,кг,120,240.0
2026-03-11,9,Огурцы,1.5,кг,100,150.0
2026-03-11,9,Салат айсберг,0.9,кг,150,135.0
2026-03-11,9,Картофель,4.5,кг,40,180.0
2026-03-11,9,Сыр твердый,1.2,кг,450,540.0
2026-03-11,9,Сыр пармезан,0.5,кг,800,400.0
2026-03-11,9,Макароны,1.7,кг,80,136.0
2026-03-11,9,Рис,1.4,кг,90,126.0
2026-03-11,9,Чай листовой,0.1,кг,500,50.0
2026-03-11,9,Соки,1.9,л,120,228.0
2026-03-12,1,Куриное филе,2.7,кг,250,675.0
2026-03-12,1,Свинина,1.0,кг,400,400.0
2026-03-12,1,Огурцы,1.7,кг,100,170.0
2026-03-12,1,Салат айсберг,1.1,кг,150,165.0
2026-03-12,1,Картофель,4.0,кг,40,160.0
2026-03-12,1,Молоко,2.5,л,70,175.0
2026-03-12,1,Рис,1.6,кг,90,144.0
2026-03-12,1,Мука,1.0,кг,50,50.0
2026-03-12,1,Кофе в зернах,0.2,кг,800,160.0
2026-03-12,1,Чай листовой,0.2,кг,500,100.0
2026-03-12,1,Соки,1.7,л,120,204.0
2026-03-12,1,Пиво,2.5,л,150,375.0
2026-03-12,3,Куриное филе,2.2,кг,250,550.0
2026-03-12,3,Свинина,0.9,кг,400,360.0
2026-03-12,3,Креветки,0.5,кг,800,400.0
2026-03-12,3,Огурцы,1.5,кг,100,150.0
2026-03-12,3,Салат айсберг,0.9,кг,150,135.0
2026-03-12,3,Сыр твердый,1.1,кг,450,495.0
2026-03-12,3,Сыр пармезан,0.5,кг,800,400.0
2026-03-12,3,Сливки,1.8,л,200,360.0
2026-03-12,3,Молоко,2.9,л,70,203.0
2026-03-12,3,Макароны,1.8,кг,80,144.0
2026-03-12,3,Сахар,0.5,кг,60,30.0
2026-03-12,3,Кофе в зернах,0.2,кг,800,160.0
2026-03-12,3,Чай листовой,0.1,кг,500,50.0
2026-03-12,3,Соки,1.8,л,120,216.0
2026-03-12,3,Пиво,2.7,л,150,405.0
2026-03-12,5,Говядина,1.2,кг,500,600.0
2026-03-12,5,Свинина,1.0,кг,400,400.0
2026-03-12,5,Рыба (филе),1.2,кг,600,720.0
2026-03-12,5,Креветки,0.6,кг,800,480.0
2026-03-12,5,Салат айсберг,1.2,кг,150,180.0
2026-03-12,5,Сыр твердый,0.9,кг,450,405.0
2026-03-12,5,Сыр пармезан,0.5,кг,800,400.0
2026-03-12,5,Молоко,2.2,л,70,154.0
2026-03-12,5,Макароны,2.2,кг,80,176.0
2026-03-12,5,Рис,1.2,кг,90,108.0
2026-03-12,5,Мука,1.2,кг,50,60.0
2026-03-12,5,Чай листовой,0.2,кг,500,100.0
2026-03-12,5,Соки,2.4,л,120,288.0
2026-03-12,5,Пиво,2.2,л,150,330.0
2026-03-12,8,Куриное филе,2.0,кг,250,500.0
2026-03-12,8,Говядина,1.0,кг,500,500.0
2026-03-12,8,Рыба (филе),0.8,кг,600,480.0
2026-03-12,8,Помидоры,1.7,кг,120,204.0
2026-03-12,8,Огурцы,1.6,кг,100,160.0
2026-03-12,8,Салат айсберг,1.0,кг,150,150.0
2026-03-12,8,Картофель,3.8,кг,40,152.0
2026-03-12,8,Сыр твердый,0.9,кг,450,405.0
2026-03-12,8,Сыр пармезан,0.6,кг,800,480.0
2026-03-12,8,Сливки,1.7,л,200,340.0
2026-03-12,8,Молоко,2.5,л,70,175.0
2026-03-12,8,Рис,1.6,кг,90,144.0
2026-03-12,8,Мука,1.1,кг,50,55.0
2026-03-12,8,Сахар,0.5,кг,60,30.0
2026-03-12,8,Кофе в зернах,0.3,кг,800,240.0
2026-03-12,8,Чай листовой,0.1,кг,500,50.0
2026-03-12,8,Соки,1.8,л,120,216.0
2026-03-12,8,Пиво,2.5,л,150,375.0
2026-03-12,9,Куриное филе,2.3,кг,250,575.0
2026-03-12,9,Говядина,1.6,кг,500,800.0
2026-03-12,9,Свинина,1.0,кг,400,400.0
2026-03-12,9,Креветки,0.5,кг,800,400.0
2026-03-12,9,Помидоры,2.3,кг,120,276.0
2026-03-12,9,Огурцы,1.4,кг,100,140.0
2026-03-12,9,Картофель,3.4,кг,40,136.0
2026-03-12,9,Сыр пармезан,0.5,кг,800,400.0
2026-03-12,9,Сливки,1.3,л,200,260.0
2026-03-12,9,Молоко,2.0,л,70,140.0
2026-03-12,9,Макароны,2.5,кг,80,200.0
2026-03-12,9,Рис,1.3,кг,90,117.0
2026-03-12,9,Сахар,0.6,кг,60,36.0
2026-03-12,9,Кофе в зернах,0.3,кг,800,240.0
2026-03-12,9,Чай листовой,0.1,кг,500,50.0
2026-03-12,9,Соки,1.9,л,120,228.0
2026-03-12,9,Пиво,3.0,л,150,450.0
2026-03-13,2,Говядина,1.6,кг,500,800.0
2026-03-13,2,Свинина,1.0,кг,400,400.0
2026-03-13,2,Креветки,0.5,кг,800,400.0
2026-03-13,2,Салат айсберг,1.2,кг,150,180.0
2026-03-13,2,Картофель,4.5,кг,40,180.0
2026-03-13,2,Сыр пармезан,0.5,кг,800,400.0
2026-03-13,2,Сливки,1.4,л,200,280.0
2026-03-13,2,Молоко,2.7,л,70,189.0
2026-03-13,2,Макароны,1.8,кг,80,144.0
2026-03-13,2,Рис,1.4,кг,90,126.0
2026-03-13,2,Сахар,0.5,кг,60,30.0
2026-03-13,2,Кофе в зернах,0.2,кг,800,160.0
2026-03-13,3,Куриное филе,1.7,кг,250,425.0
2026-03-13,3,Говядина,1.2,кг,500,600.0
2026-03-13,3,Рыба (филе),1.0,кг,600,600.0
2026-03-13,3,Креветки,0.4,кг,800,320.0
2026-03-13,3,Помидоры,2.2,кг,120,264.0
2026-03-13,3,Огурцы,1.6,кг,100,160.0
2026-03-13,3,Салат айсберг,0.9,кг,150,135.0
2026-03-13,3,Сыр твердый,0.9,кг,450,405.0
2026-03-13,3,Сливки,1.4,л,200,280.0
2026-03-13,3,Молоко,2.8,л,70,196.0
2026-03-13,3,Макароны,1.7,кг,80,136.0
2026-03-13,3,Рис,1.3,кг,90,117.0
2026-03-13,3,Мука,1.1,кг,50,55.0
2026-03-13,3,Кофе в зернах,0.3,кг,800,240.0
2026-03-13,3,Чай листовой,0.1,кг,500,50.0
2026-03-13,3,Соки,2.0,л,120,240.0
2026-03-13,5,Куриное филе,2.7,кг,250,675.0
2026-03-13,5,Говядина,1.6,кг,500,800.0
2026-03-13,5,Рыба (филе),1.0,кг,600,600.0
2026-03-13,5,Помидоры,2.2,кг,120,264.0
2026-03-13,5,Огурцы,1.5,кг,100,150.0
2026-03-13,5,Сыр твердый,0.8,кг,450,360.0
2026-03-13,5,Молоко,2.3,л,70,161.0
2026-03-13,5,Макароны,1.9,кг,80,152.0
2026-03-13,5,Рис,1.5,кг,90,135.0
2026-03-13,5,Мука,1.0,кг,50,50.0
2026-03-13,5,Сахар,0.5,кг,60,30.0
2026-03-13,5,Кофе в зернах,0.3,кг,800,240.0
2026-03-13,5,Чай листовой,0.1,кг,500,50.0
2026-03-13,5,Соки,2.2,л,120,264.0
2026-03-13,5,Пиво,2.3,л,150,345.0
2026-03-13,8,Куриное филе,2.4,кг,250,600.0
2026-03-13,8,Говядина,1.2,кг,500,600.0
2026-03-13,8,Свинина,0.9,кг,400,360.0
2026-03-13,8,Рыба (филе),0.7,кг,600,420.0
2026-03-13,8,Креветки,0.4,кг,800,320.0
2026-03-13,8,Помидоры,1.8,кг,120,216.0
2026-03-13,8,Огурцы,1.3,кг,100,130.0
2026-03-13,8,Салат айсберг,1.0,кг,150,150.0
2026-03-13,8,Сыр твердый,0.9,кг,450,405.0
2026-03-13,8,Сыр пармезан,0.5,кг,800,400.0
2026-03-13,8,Сливки,1.6,л,200,320.0
2026-03-13,8,Макароны,1.9,кг,80,152.0
2026-03-13,8,Мука,1.2,кг,50,60.0
2026-03-13,8,Сахар,0.5,кг,60,30.0
2026-03-13,8,Соки,1.7,л,120,204.0
2026-03-13,10,Говядина,1.6,кг,500,800.0
2026-03-13,10,Свинина,1.1,кг,400,440.0
2026-03-13,10,Рыба (филе),1.0,кг,600,600.0
2026-03-13,10,Креветки,0.5,кг,800,400.0
2026-03-13,10,Помидоры,2.1,кг,120,252.0
2026-03-13,10,Огурцы,1.3,кг,100,130.0
2026-03-13,10,Сыр твердый,0.9,кг,450,405.0
2026-03-13,10,Сливки,1.5,л,200,300.0
2026-03-13,10,Молоко,2.6,л,70,182.0
2026-03-13,10,Макароны,1.8,кг,80,144.0
2026-03-13,10,Мука,0.9,кг,50,45.0
2026-03-13,10,Кофе в зернах,0.2,кг,800,160.0
2026-03-13,10,Чай листовой,0.2,кг,500,100.0
2026-03-13,10,Соки,1.6,л,120,192.0
2026-03-13,10,Пиво,2.6,л,150,390.0
2026-03-14,2,Куриное филе,2.8,кг,250,700.0
2026-03-14,2,Говядина,1.9,кг,500,950.0
2026-03-14,2,Свинина,1.0,кг,400,400.0
2026-03-14,2,Креветки,0.4,кг,800,320.0
2026-03-14,2,Огурцы,1.3,кг,100,130.0
2026-03-14,2,Салат айсберг,1.2,кг,150,180.0
2026-03-14,2,Картофель,3.6,кг,40,144.0
2026-03-14,2,Сыр твердый,0.9,кг,450,405.0
2026-03-14,2,Сливки,1.5,л,200,300.0
2026-03-14,2,Макароны,2.1,кг,80,168.0
2026-03-14,2,Рис,1.4,кг,90,126.0
2026-03-14,2,Мука,0.9,кг,50,45.0
2026-03-14,2,Сахар,0.6,кг,60,36.0
2026-03-14,2,Соки,2.5,л,120,300.0
2026-03-14,3,Говядина,1.1,кг,500,550.0
2026-03-14,3,Свинина,1.0,кг,400,400.0
2026-03-14,3,Рыба (филе),1.0,кг,600,600.0
2026-03-14,3,Креветки,0.4,кг,800,320.0
2026-03-14,3,Помидоры,1.7,кг,120,204.0
2026-03-14,3,Огурцы,1.3,кг,100,130.0
2026-03-14,3,Салат айсберг,1.1,кг,150,165.0
2026-03-14,3,Картофель,4.2,кг,40,168.0
2026-03-14,3,Сыр твердый,1.0,кг,450,450.0
2026-03-14,3,Сыр пармезан,0.5,кг,800,400.0
2026-03-14,3,Молоко,2.9,л,70,203.0
2026-03-14,3,Макароны,1.7,кг,80,136.0
2026-03-14,3,Рис,1.5,кг,90,135.0
2026-03-14,3,Мука,0.9,кг,50,45.0
2026-03-14,3,Чай листовой,0.1,кг,500,50.0
2026-03-14,5,Куриное филе,2.3,кг,250,575.0
2026-03-14,5,Говядина,1.6,кг,500,800.0
2026-03-14,5,Свинина,1.0,кг,400,400.0
2026-03-14,5,Рыба (филе),1.0,кг,600,600.0
2026-03-14,5,Креветки,0.6,кг,800,480.0
2026-03-14,5,Огурцы,1.6,кг,100,160.0
2026-03-14,5,Сыр твердый,1.1,кг,450,495.0
2026-03-14,5,Сливки,1.5,л,200,300.0
2026-03-14,5,Молоко,1.9,л,70,133.0
2026-03-14,5,Рис,1.3,кг,90,117.0
2026-03-14,5,Сахар,0.5,кг,60,30.0
2026-03-14,5,Чай листовой,0.2,кг,500,100.0
2026-03-14,5,Соки,2.5,л,120,300.0
2026-03-14,5,Пиво,2.3,л,150,345.0
2026-03-14,7,Куриное филе,1.9,кг,250,475.0
2026-03-14,7,Говядина,1.2,кг,500,600.0
2026-03-14,7,Свинина,1.1,кг,400,440.0
2026-03-14,7,Креветки,0.5,кг,800,400.0
2026-03-14,7,Помидоры,2.2,кг,120,264.0
2026-03-14,7,Салат айсберг,0.8,кг,150,120.0
2026-03-14,7,Картофель,4.1,кг,40,164.0
2026-03-14,7,Сыр пармезан,0.5,кг,800,400.0
2026-03-14,7,Молоко,2.3,л,70,161.0
2026-03-14,7,Макароны,2.1,кг,80,168.0
2026-03-14,7,Рис,1.2,кг,90,108.0
2026-03-14,7,Мука,0.9,кг,50,45.0
2026-03-14,7,Сахар,0.4,кг,60,24.0
2026-03-14,7,Кофе в зернах,0.2,кг,800,160.0
2026-03-14,7,Чай листовой,0.1,кг,500,50.0
2026-03-14,7,Соки,1.9,л,120,228.0
2026-03-14,10,Куриное филе,2.6,кг,250,650.0
2026-03-14,10,Говядина,1.6,кг,500,800.0
2026-03-14,10,Свинина,1.0,кг,400,400.0
2026-03-14,10,Рыба (филе),1.2,кг,600,720.0
2026-03-14,10,Помидоры,1.9,кг,120,228.0
2026-03-14,10,Огурцы,1.4,кг,100,140.0
2026-03-14,10,Салат айсберг,1.1,кг,150,165.0
2026-03-14,10,Картофель,3.1,кг,40,124.0
2026-03-14,10,Сыр твердый,0.9,кг,450,405.0
2026-03-14,10,Сыр пармезан,0.6,кг,800,480.0
2026-03-14,10,Сливки,1.6,л,200,320.0
2026-03-14,10,Молоко,2.7,л,70,189.0
2026-03-14,10,Макароны,2.0,кг,80,160.0
2026-03-14,10,Мука,0.9,кг,50,45.0
2026-03-14,10,Сахар,0.5,кг,60,30.0
2026-03-14,10,Кофе в зернах,0.2,кг,800,160.0
2026-03-14,10,Чай листовой,0.1,кг,500,50.0
2026-03-14,10,Соки,1.6,л,120,192.0
2026-03-14,10,Пиво,2.8,л,150,420.0
2026-03-15,1,Куриное филе,2.1,кг,250,525.0
2026-03-15,1,Говядина,1.4,кг,500,700.0
2026-03-15,1,Свинина,1.0,кг,400,400.0
2026-03-15,1,Рыба (филе),1.0,кг,600,600.0
2026-03-15,1,Креветки,0.5,кг,800,400.0
2026-03-15,1,Помидоры,1.9,кг,120,228.0
2026-03-15,1,Сыр пармезан,0.5,кг,800,400.0
2026-03-15,1,Сливки,1.4,л,200,280.0
2026-03-15,1,Макароны,2.2,кг,80,176.0
2026-03-15,1,Рис,1.6,кг,90,144.0
2026-03-15,1,Кофе в зернах,0.2,кг,800,160.0
2026-03-15,1,Соки,2.1,л,120,252.0
2026-03-15,1,Пиво,2.9,л,150,435.0
2026-03-15,8,Куриное филе,2.1,кг,250,525.0
2026-03-15,8,Говядина,1.3,кг,500,650.0
2026-03-15,8,Свинина,0.8,кг,400,320.0
2026-03-15,8,Креветки,0.4,кг,800,320.0
2026-03-15,8,Помидоры,2.0,кг,120,240.0
2026-03-15,8,Салат айсберг,1.2,кг,150,180.0
2026-03-15,8,Картофель,4.3,кг,40,172.0
2026-03-15,8,Сыр твердый,1.0,кг,450,450.0
2026-03-15,8,Молоко,2.6,л,70,182.0
2026-03-15,8,Мука,1.0,кг,50,50.0
2026-03-15,8,Сахар,0.6,кг,60,36.0
2026-03-15,8,Кофе в зернах,0.3,кг,800,240.0
2026-03-15,8,Чай листовой,0.2,кг,500,100.0
2026-03-15,8,Соки,1.7,л,120,204.0
2026-03-15,8,Пиво,2.9,л,150,435.0
2026-03-16,6,Говядина,1.5,кг,500,750.0
2026-03-16,6,Рыба (филе),1.1,кг,600,660.0
2026-03-16,6,Креветки,0.6,кг,800,480.0
2026-03-16,6,Помидоры,2.0,кг,120,240.0
2026-03-16,6,Огурцы,1.7,кг,100,170.0
2026-03-16,6,Салат айсберг,1.1,кг,150,165.0
2026-03-16,6,Сыр пармезан,0.6,кг,800,480.0
2026-03-16,6,Макароны,1.9,кг,80,152.0
2026-03-16,6,Рис,1.5,кг,90,135.0
2026-03-16,6,Чай листовой,0.2,кг,500,100.0
2026-03-16,10,Говядина,1.2,кг,500,600.0
2026-03-16,10,Помидоры,2.1,кг,120,252.0
2026-03-16,10,Огурцы,1.5,кг,100,150.0
2026-03-16,10,Салат айсберг,0.9,кг,150,135.0
2026-03-16,10,Картофель,3.5,кг,40,140.0
2026-03-16,10,Сыр твердый,0.9,кг,450,405.0
2026-03-16,10,Сыр пармезан,0.6,кг,800,480.0
2026-03-16,10,Сливки,1.4,л,200,280.0
2026-03-16,10,Макароны,1.9,кг,80,152.0
2026-03-16,10,Мука,1.0,кг,50,50.0
2026-03-16,10,Пиво,2.2,л,150,330.0
2026-03-17,3,Куриное филе,2.0,кг,250,500.0
2026-03-17,3,Свинина,0.8,кг,400,320.0
2026-03-17,3,Рыба (филе),0.8,кг,600,480.0
2026-03-17,3,Креветки,0.4,кг,800,320.0
2026-03-17,3,Помидоры,1.7,кг,120,204.0
2026-03-17,3,Огурцы,1.8,кг,100,180.0
2026-03-17,3,Салат айсберг,1.1,кг,150,165.0
2026-03-17,3,Картофель,3.8,кг,40,152.0
2026-03-17,3,Сыр твердый,0.9,кг,450,405.0
2026-03-17,3,Сливки,1.7,л,200,340.0
2026-03-17,3,Макароны,1.7,кг,80,136.0
2026-03-17,3,Рис,1.7,кг,90,153.0
2026-03-17,3,Мука,0.9,кг,50,45.0
2026-03-17,3,Сахар,0.4,кг,60,24.0
2026-03-17,3,Соки,1.9,л,120,228.0
2026-03-17,3,Пиво,2.7,л,150,405.0
2026-03-17,7,Куриное филе,2.1,кг,250,525.0
2026-03-17,7,Говядина,1.9,кг,500,950.0
2026-03-17,7,Свинина,1.0,кг,400,400.0
2026-03-17,7,Рыба (филе),0.8,кг,600,480.0
2026-03-17,7,Креветки,0.5,кг,800,400.0
2026-03-17,7,Помидоры,1.9,кг,120,228.0
2026-03-17,7,Огурцы,1.5,кг,100,150.0
2026-03-17,7,Картофель,4.6,кг,40,184.0
2026-03-17,7,Сыр пармезан,0.5,кг,800,400.0
2026-03-17,7,Сливки,1.6,л,200,320.0
2026-03-17,7,Макароны,2.4,кг,80,192.0
2026-03-17,7,Рис,1.5,кг,90,135.0
2026-03-17,7,Сахар,0.5,кг,60,30.0
2026-03-17,7,Кофе в зернах,0.2,кг,800,160.0
2026-03-17,7,Чай листовой,0.2,кг,500,100.0
2026-03-17,7,Соки,2.2,л,120,264.0
2026-03-17,7,Пиво,2.3,л,150,345.0
2026-03-19,1,Свинина,0.9,кг,400,360.0
2026-03-19,1,Рыба (филе),1.1,кг,600,660.0
2026-03-19,1,Креветки,0.5,кг,800,400.0
2026-03-19,1,Помидоры,2.1,кг,120,252.0
2026-03-19,1,Салат айсберг,1.1,кг,150,165.0
2026-03-19,1,Картофель,4.5,кг,40,180.0
2026-03-19,1,Сыр пармезан,0.5,кг,800,400.0
2026-03-19,1,Сливки,1.4,л,200,280.0
2026-03-19,1,Молоко,2.4,л,70,168.0
2026-03-19,1,Макароны,2.2,кг,80,176.0
2026-03-19,1,Рис,1.4,кг,90,126.0
2026-03-19,1,Мука,1.1,кг,50,55.0
2026-03-19,1,Сахар,0.5,кг,60,30.0
2026-03-19,1,Кофе в зернах,0.3,кг,800,240.0
2026-03-19,1,Чай листовой,0.2,кг,500,100.0
2026-03-19,4,Говядина,1.7,кг,500,850.0
2026-03-19,4,Рыба (филе),1.1,кг,600,660.0
2026-03-19,4,Креветки,0.4,кг,800,320.0
2026-03-19,4,Помидоры,1.7,кг,120,204.0
2026-03-19,4,Огурцы,1.6,кг,100,160.0
2026-03-19,4,Салат айсберг,1.1,кг,150,165.0
2026-03-19,4,Картофель,3.5,кг,40,140.0
2026-03-19,4,Сыр пармезан,0.5,кг,800,400.0
2026-03-19,4,Сливки,1.6,л,200,320.0
2026-03-19,4,Молоко,2.6,л,70,182.0
2026-03-19,4,Макароны,1.8,кг,80,144.0
2026-03-19,4,Рис,1.5,кг,90,135.0
2026-03-19,4,Мука,1.1,кг,50,55.0
2026-03-19,4,Кофе в зернах,0.2,кг,800,160.0
2026-03-19,4,Чай листовой,0.2,кг,500,100.0
2026-03-19,4,Пиво,2.7,л,150,405.0
2026-03-19,7,Говядина,1.3,кг,500,650.0
2026-03-19,7,Свинина,1.1,кг,400,440.0
2026-03-19,7,Креветки,0.5,кг,800,400.0
2026-03-19,7,Помидоры,1.8,кг,120,216.0
2026-03-19,7,Салат айсберг,1.1,кг,150,165.0
2026-03-19,7,Картофель,3.9,кг,40,156.0
2026-03-19,7,Сыр пармезан,0.4,кг,800,320.0
2026-03-19,7,Сливки,1.4,л,200,280.0
2026-03-19,7,Молоко,2.5,л,70,175.0
2026-03-19,7,Макароны,2.0,кг,80,160.0
2026-03-19,7,Рис,1.3,кг,90,117.0
2026-03-19,7,Мука,1.0,кг,50,50.0
2026-03-19,7,Сахар,0.4,кг,60,24.0
2026-03-19,7,Кофе в зернах,0.2,кг,800,160.0
2026-03-19,7,Пиво,2.7,л,150,405.0
2026-03-20,1,Куриное филе,2.5,кг,250,625.0
2026-03-20,1,Говядина,1.3,кг,500,650.0
2026-03-20,1,Свинина,0.8,кг,400,320.0
2026-03-20,1,Рыба (филе),1.0,кг,600,600.0
2026-03-20,1,Креветки,0.5,кг,800,400.0
2026-03-20,1,Огурцы,1.7,кг,100,170.0
2026-03-20,1,Салат айсберг,0.9,кг,150,135.0
2026-03-20,1,Картофель,4.5,кг,40,180.0
2026-03-20,1,Сыр пармезан,0.4,кг,800,320.0
2026-03-20,1,Сливки,1.4,л,200,280.0
2026-03-20,1,Молоко,2.3,л,70,161.0
2026-03-20,1,Рис,1.3,кг,90,117.0
2026-03-20,1,Чай листовой,0.1,кг,500,50.0
2026-03-20,1,Пиво,2.7,л,150,405.0
2026-03-20,4,Куриное филе,2.4,кг,250,600.0
2026-03-20,4,Говядина,1.6,кг,500,800.0
2026-03-20,4,Рыба (филе),0.9,кг,600,540.0
2026-03-20,4,Креветки,0.6,кг,800,480.0
2026-03-20,4,Огурцы,1.2,кг,100,120.0
2026-03-20,4,Салат айсберг,1.0,кг,150,150.0
2026-03-20,4,Сливки,1.5,л,200,300.0
2026-03-20,4,Молоко,3.1,л,70,217.0
2026-03-20,4,Макароны,2.3,кг,80,184.0
2026-03-20,4,Рис,1.2,кг,90,108.0
2026-03-20,4,Сахар,0.5,кг,60,30.0
2026-03-20,4,Кофе в зернах,0.2,кг,800,160.0
2026-03-20,4,Чай листовой,0.1,кг,500,50.0
2026-03-20,4,Соки,1.6,л,120,192.0
2026-03-20,4,Пиво,2.5,л,150,375.0
2026-03-20,7,Куриное филе,2.3,кг,250,575.0
2026-03-20,7,Говядина,1.5,кг,500,750.0
2026-03-20,7,Свинина,1.3,кг,400,520.0
2026-03-20,7,Рыба (филе),0.9,кг,600,540.0
2026-03-20,7,Креветки,0.6,кг,800,480.0
2026-03-20,7,Помидоры,2.1,кг,120,252.0
2026-03-20,7,Картофель,4.1,кг,40,164.0
2026-03-20,7,Сыр твердый,0.9,кг,450,405.0
2026-03-20,7,Сыр пармезан,0.5,кг,800,400.0
2026-03-20,7,Молоко,2.7,л,70,189.0
2026-03-20,7,Макароны,2.5,кг,80,200.0
2026-03-20,7,Мука,0.9,кг,50,45.0
2026-03-20,7,Кофе в зернах,0.2,кг,800,160.0
2026-03-20,7,Чай листовой,0.2,кг,500,100.0
2026-03-20,7,Соки,2.2,л,120,264.0
2026-03-20,7,Пиво,2.5,л,150,375.0
2026-03-20,9,Куриное филе,3.1,кг,250,775.0
2026-03-20,9,Говядина,1.8,кг,500,900.0
2026-03-20,9,Рыба (филе),1.0,кг,600,600.0
2026-03-20,9,Помидоры,1.8,кг,120,216.0
2026-03-20,9,Огурцы,1.3,кг,100,130.0
2026-03-20,9,Салат айсберг,0.9,кг,150,135.0
2026-03-20,9,Сыр пармезан,0.5,кг,800,400.0
2026-03-20,9,Сливки,1.3,л,200,260.0
2026-03-20,9,Макароны,1.8,кг,80,144.0
2026-03-20,9,Сахар,0.5,кг,60,30.0
2026-03-20,9,Кофе в зернах,0.2,кг,800,160.0
2026-03-20,9,Чай листовой,0.2,кг,500,100.0
2026-03-20,9,Соки,1.9,л,120,228.0
2026-03-21,1,Куриное филе,2.1,кг,250,525.0
2026-03-21,1,Свинина,1.0,кг,400,400.0
2026-03-21,1,Креветки,0.5,кг,800,400.0
2026-03-21,1,Огурцы,1.6,кг,100,160.0
2026-03-21,1,Салат айсберг,1.0,кг,150,150.0
2026-03-21,1,Сыр твердый,1.1,кг,450,495.0
2026-03-21,1,Сыр пармезан,0.4,кг,800,320.0
2026-03-21,1,Молоко,2.9,л,70,203.0
2026-03-21,1,Макароны,2.5,кг,80,200.0
2026-03-21,1,Сахар,0.4,кг,60,24.0
2026-03-21,1,Кофе в зернах,0.3,кг,800,240.0
2026-03-21,3,Куриное филе,2.2,кг,250,550.0
2026-03-21,3,Свинина,0.6,кг,400,240.0
2026-03-21,3,Рыба (филе),0.8,кг,600,480.0
2026-03-21,3,Помидоры,2.4,кг,120,288.0
2026-03-21,3,Салат айсберг,1.1,кг,150,165.0
2026-03-21,3,Картофель,3.9,кг,40,156.0
2026-03-21,3,Сыр твердый,1.2,кг,450,540.0
2026-03-21,3,Макароны,1.9,кг,80,152.0
2026-03-21,3,Соки,2.4,л,120,288.0
2026-03-21,3,Пиво,2.5,л,150,375.0
2026-03-21,7,Куриное филе,2.0,кг,250,500.0
2026-03-21,7,Рыба (филе),1.0,кг,600,600.0
2026-03-21,7,Креветки,0.6,кг,800,480.0
2026-03-21,7,Огурцы,1.9,кг,100,190.0
2026-03-21,7,Салат айсберг,0.9,кг,150,135.0
2026-03-21,7,Картофель,4.7,кг,40,188.0
2026-03-21,7,Сыр твердый,0.9,кг,450,405.0
2026-03-21,7,Сыр пармезан,0.5,кг,800,400.0
2026-03-21,7,Молоко,2.6,л,70,182.0
2026-03-21,7,Макароны,1.6,кг,80,128.0
2026-03-21,7,Рис,1.4,кг,90,126.0
2026-03-21,7,Мука,0.9,кг,50,45.0
2026-03-21,7,Сахар,0.6,кг,60,36.0
2026-03-21,7,Чай листовой,0.2,кг,500,100.0
2026-03-21,7,Соки,2.3,л,120,276.0
2026-03-21,8,Куриное филе,1.8,кг,250,450.0
2026-03-21,8,Говядина,1.5,кг,500,750.0
2026-03-21,8,Свинина,0.7,кг,400,280.0
2026-03-21,8,Рыба (филе),1.0,кг,600,600.0
2026-03-21,8,Креветки,0.4,кг,800,320.0
2026-03-21,8,Помидоры,2.2,кг,120,264.0
2026-03-21,8,Салат айсберг,1.2,кг,150,180.0
2026-03-21,8,Картофель,3.9,кг,40,156.0
2026-03-21,8,Сыр пармезан,0.4,кг,800,320.0
2026-03-21,8,Сливки,1.6,л,200,320.0
2026-03-21,8,Рис,1.4,кг,90,126.0
2026-03-21,8,Сахар,0.5,кг,60,30.0
2026-03-21,8,Кофе в зернах,0.3,кг,800,240.0
2026-03-21,8,Чай листовой,0.2,кг,500,100.0
2026-03-21,8,Пиво,2.4,л,150,360.0
2026-03-22,3,Куриное филе,2.0,кг,250,500.0
2026-03-22,3,Говядина,1.5,кг,500,750.0
2026-03-22,3,Свинина,0.7,кг,400,280.0
2026-03-22,3,Рыба (филе),0.8,кг,600,480.0
2026-03-22,3,Креветки,0.4,кг,800,320.0
2026-03-22,3,Помидоры,2.1,кг,120,252.0
2026-03-22,3,Огурцы,1.3,кг,100,130.0
2026-03-22,3,Салат айсберг,1.0,кг,150,150.0
2026-03-22,3,Картофель,3.3,кг,40,132.0
2026-03-22,3,Сыр пармезан,0.5,кг,800,400.0
2026-03-22,3,Сливки,1.4,л,200,280.0
2026-03-22,3,Молоко,2.6,л,70,182.0
2026-03-22,3,Макароны,2.1,кг,80,168.0
2026-03-22,3,Рис,1.7,кг,90,153.0
2026-03-22,3,Мука,0.8,кг,50,40.0
2026-03-22,3,Сахар,0.4,кг,60,24.0
2026-03-22,3,Чай листовой,0.2,кг,500,100.0
2026-03-22,4,Рыба (филе),1.1,кг,600,660.0
2026-03-22,4,Креветки,0.5,кг,800,400.0
2026-03-22,4,Салат айсберг,0.9,кг,150,135.0
2026-03-22,4,Картофель,3.5,кг,40,140.0
2026-03-22,4,Сыр твердый,1.0,кг,450,450.0
2026-03-22,4,Молоко,2.5,л,70,175.0
2026-03-22,4,Рис,1.5,кг,90,135.0
2026-03-22,4,Сахар,0.4,кг,60,24.0
2026-03-22,4,Кофе в зернах,0.3,кг,800,240.0
2026-03-22,4,Чай листовой,0.2,кг,500,100.0
2026-03-22,4,Соки,1.8,л,120,216.0
2026-03-22,4,Пиво,3.1,л,150,465.0
2026-03-22,5,Говядина,1.4,кг,500,700.0
2026-03-22,5,Свинина,1.1,кг,400,440.0
2026-03-22,5,Рыба (филе),1.0,кг,600,600.0
2026-03-22,5,Огурцы,1.7,кг,100,170.0
2026-03-22,5,Салат айсберг,1.0,кг,150,150.0
2026-03-22,5,Картофель,4.4,кг,40,176.0
2026-03-22,5,Сыр твердый,0.9,кг,450,405.0
2026-03-22,5,Сыр пармезан,0.5,кг,800,400.0
2026-03-22,5,Молоко,2.5,л,70,175.0
2026-03-22,5,Макароны,1.7,кг,80,136.0
2026-03-22,5,Сахар,0.5,кг,60,30.0
2026-03-22,5,Кофе в зернах,0.3,кг,800,240.0
2026-03-22,5,Чай листовой,0.1,кг,500,50.0
2026-03-22,5,Соки,1.8,л,120,216.0
2026-03-22,5,Пиво,2.6,л,150,390.0
2026-03-22,6,Куриное филе,2.9,кг,250,725.0
2026-03-22,6,Говядина,1.6,кг,500,800.0
2026-03-22,6,Свинина,0.9,кг,400,360.0
2026-03-22,6,Рыба (филе),0.9,кг,600,540.0
2026-03-22,6,Креветки,0.6,кг,800,480.0
2026-03-22,6,Помидоры,2.0,кг,120,240.0
2026-03-22,6,Салат айсберг,1.0,кг,150,150.0
2026-03-22,6,Сыр пармезан,0.5,кг,800,400.0
2026-03-22,6,Сливки,1.4,л,200,280.0
2026-03-22,6,Молоко,2.9,л,70,203.0
2026-03-22,6,Макароны,2.2,кг,80,176.0
2026-03-22,6,Мука,1.1,кг,50,55.0
2026-03-22,6,Сахар,0.5,кг,60,30.0
2026-03-22,6,Кофе в зернах,0.3,кг,800,240.0
2026-03-22,6,Пиво,2.9,л,150,435.0
2026-03-22,7,Куриное филе,2.6,кг,250,650.0
2026-03-22,7,Говядина,1.8,кг,500,900.0
2026-03-22,7,Помидоры,1.7,кг,120,204.0
2026-03-22,7,Салат айсберг,1.0,кг,150,150.0
2026-03-22,7,Картофель,3.4,кг,40,136.0
2026-03-22,7,Сыр твердый,1.1,кг,450,495.0
2026-03-22,7,Сливки,1.9,л,200,380.0
2026-03-22,7,Молоко,2.4,л,70,168.0
2026-03-22,7,Макароны,2.2,кг,80,176.0
2026-03-22,7,Рис,1.3,кг,90,117.0
2026-03-22,7,Мука,1.0,кг,50,50.0
2026-03-22,7,Сахар,0.5,кг,60,30.0
2026-03-22,7,Кофе в зернах,0.2,кг,800,160.0
2026-03-22,7,Соки,1.9,л,120,228.0
2026-03-23,1,Куриное филе,2.5,кг,250,625.0
2026-03-23,1,Говядина,1.7,кг,500,850.0
2026-03-23,1,Свинина,1.1,кг,400,440.0
2026-03-23,1,Рыба (филе),1.1,кг,600,660.0
2026-03-23,1,Помидоры,2.1,кг,120,252.0
2026-03-23,1,Салат айсберг,1.1,кг,150,165.0
2026-03-23,1,Картофель,3.6,кг,40,144.0
2026-03-23,1,Сливки,1.5,л,200,300.0
2026-03-23,1,Макароны,2.2,кг,80,176.0
2026-03-23,1,Рис,1.4,кг,90,126.0
2026-03-23,1,Мука,1.0,кг,50,50.0
2026-03-23,1,Сахар,0.4,кг,60,24.0
2026-03-23,1,Чай листовой,0.1,кг,500,50.0
2026-03-23,1,Соки,1.9,л,120,228.0
2026-03-23,1,Пиво,2.6,л,150,390.0
2026-03-23,6,Куриное филе,2.8,кг,250,700.0
2026-03-23,6,Свинина,0.8,кг,400,320.0
2026-03-23,6,Помидоры,1.9,кг,120,228.0
2026-03-23,6,Огурцы,1.7,кг,100,170.0
2026-03-23,6,Картофель,3.8,кг,40,152.0
2026-03-23,6,Сыр пармезан,0.5,кг,800,400.0
2026-03-23,6,Сливки,1.7,л,200,340.0
2026-03-23,6,Макароны,2.0,кг,80,160.0
2026-03-23,6,Мука,0.8,кг,50,40.0
2026-03-23,6,Сахар,0.5,кг,60,30.0
2026-03-23,6,Кофе в зернах,0.3,кг,800,240.0
2026-03-23,6,Чай листовой,0.1,кг,500,50.0
2026-03-23,6,Соки,2.0,л,120,240.0
2026-03-23,8,Куриное филе,2.2,кг,250,550.0
2026-03-23,8,Свинина,0.9,кг,400,360.0
2026-03-23,8,Креветки,0.4,кг,800,320.0
2026-03-23,8,Помидоры,2.5,кг,120,300.0
2026-03-23,8,Огурцы,1.5,кг,100,150.0
2026-03-23,8,Салат айсберг,1.1,кг,150,165.0
2026-03-23,8,Картофель,4.1,кг,40,164.0
2026-03-23,8,Сыр твердый,1.2,кг,450,540.0
2026-03-23,8,Сыр пармезан,0.5,кг,800,400.0
2026-03-23,8,Молоко,2.8,л,70,196.0
2026-03-23,8,Рис,1.3,кг,90,117.0
2026-03-23,8,Мука,0.9,кг,50,45.0
2026-03-23,8,Сахар,0.5,кг,60,30.0
2026-03-23,8,Кофе в зернах,0.3,кг,800,240.0
2026-03-23,8,Пиво,2.5,л,150,375.0
2026-03-23,9,Куриное филе,3.1,кг,250,775.0
2026-03-23,9,Свинина,1.0,кг,400,400.0
2026-03-23,9,Рыба (филе),1.1,кг,600,660.0
2026-03-23,9,Креветки,0.5,кг,800,400.0
2026-03-23,9,Помидоры,1.9,кг,120,228.0
2026-03-23,9,Огурцы,1.4,кг,100,140.0
2026-03-23,9,Картофель,4.1,кг,40,164.0
2026-03-23,9,Сыр твердый,1.1,кг,450,495.0
2026-03-23,9,Сыр пармезан,0.5,кг,800,400.0
2026-03-23,9,Сливки,1.3,л,200,260.0
2026-03-23,9,Макароны,2.0,кг,80,160.0
2026-03-23,9,Рис,1.2,кг,90,108.0
2026-03-23,9,Мука,1.2,кг,50,60.0
2026-03-23,9,Сахар,0.5,кг,60,30.0
2026-03-23,9,Кофе в зернах,0.2,кг,800,160.0
2026-03-23,9,Соки,1.8,л,120,216.0
2026-03-23,9,Пиво,2.7,л,150,405.0
2026-03-24,5,Куриное филе,2.4,кг,250,600.0
2026-03-24,5,Говядина,1.5,кг,500,750.0
2026-03-24,5,Свинина,0.9,кг,400,360.0
2026-03-24,5,Креветки,0.6,кг,800,480.0
2026-03-24,5,Помидоры,2.2,кг,120,264.0
2026-03-24,5,Огурцы,1.4,кг,100,140.0
2026-03-24,5,Салат айсберг,1.2,кг,150,180.0
2026-03-24,5,Сыр твердый,1.1,кг,450,495.0
2026-03-24,5,Сливки,1.4,л,200,280.0
2026-03-24,5,Молоко,3.1,л,70,217.0
2026-03-24,5,Макароны,1.6,кг,80,128.0
2026-03-24,5,Мука,0.9,кг,50,45.0
2026-03-24,5,Сахар,0.4,кг,60,24.0
2026-03-24,5,Кофе в зернах,0.3,кг,800,240.0
2026-03-24,5,Чай листовой,0.1,кг,500,50.0
2026-03-24,5,Соки,1.6,л,120,192.0
2026-03-24,5,Пиво,2.5,л,150,375.0
2026-03-24,6,Куриное филе,3.0,кг,250,750.0
2026-03-24,6,Свинина,1.0,кг,400,400.0
2026-03-24,6,Рыба (филе),1.0,кг,600,600.0
2026-03-24,6,Креветки,0.5,кг,800,400.0
2026-03-24,6,Помидоры,1.9,кг,120,228.0
2026-03-24,6,Огурцы,1.5,кг,100,150.0
2026-03-24,6,Сыр пармезан,0.6,кг,800,480.0
2026-03-24,6,Сливки,1.5,л,200,300.0
2026-03-24,6,Молоко,2.1,л,70,147.0
2026-03-24,6,Рис,1.4,кг,90,126.0
2026-03-24,6,Мука,0.9,кг,50,45.0
2026-03-24,6,Сахар,0.5,кг,60,30.0
2026-03-24,6,Кофе в зернах,0.3,кг,800,240.0
2026-03-24,6,Соки,1.7,л,120,204.0
2026-03-24,6,Пиво,2.4,л,150,360.0
2026-03-24,7,Говядина,1.4,кг,500,700.0
2026-03-24,7,Рыба (филе),1.2,кг,600,720.0
2026-03-24,7,Креветки,0.5,кг,800,400.0
2026-03-24,7,Помидоры,1.7,кг,120,204.0
2026-03-24,7,Огурцы,1.4,кг,100,140.0
2026-03-24,7,Салат айсберг,1.2,кг,150,180.0
2026-03-24,7,Сыр твердый,0.8,кг,450,360.0
2026-03-24,7,Сливки,1.4,л,200,280.0
2026-03-24,7,Макароны,1.8,кг,80,144.0
2026-03-24,7,Мука,1.0,кг,50,50.0
2026-03-24,7,Чай листовой,0.2,кг,500,100.0
2026-03-24,7,Пиво,2.5,л,150,375.0
2026-03-24,9,Куриное филе,3.0,кг,250,750.0
2026-03-24,9,Говядина,1.4,кг,500,700.0
2026-03-24,9,Свинина,0.9,кг,400,360.0
2026-03-24,9,Рыба (филе),1.1,кг,600,660.0
2026-03-24,9,Креветки,0.6,кг,800,480.0
2026-03-24,9,Помидоры,2.0,кг,120,240.0
2026-03-24,9,Огурцы,1.5,кг,100,150.0
2026-03-24,9,Салат айсберг,1.1,кг,150,165.0
2026-03-24,9,Картофель,3.6,кг,40,144.0
2026-03-24,9,Сыр твердый,1.0,кг,450,450.0
2026-03-24,9,Сливки,1.4,л,200,280.0
2026-03-24,9,Молоко,2.7,л,70,189.0
2026-03-24,9,Макароны,1.9,кг,80,152.0
2026-03-24,9,Рис,1.7,кг,90,153.0
2026-03-24,9,Мука,1.0,кг,50,50.0
2026-03-24,9,Сахар,0.5,кг,60,30.0
2026-03-24,9,Кофе в зернах,0.3,кг,800,240.0
2026-03-24,9,Соки,2.1,л,120,252.0
2026-03-24,9,Пиво,2.4,л,150,360.0
2026-03-25,2,Свинина,1.1,кг,400,440.0
2026-03-25,2,Рыба (филе),1.1,кг,600,660.0
2026-03-25,2,Креветки,0.4,кг,800,320.0
2026-03-25,2,Огурцы,1.5,кг,100,150.0
2026-03-25,2,Салат айсберг,0.9,кг,150,135.0
2026-03-25,2,Сыр твердый,0.8,кг,450,360.0
2026-03-25,2,Сыр пармезан,0.5,кг,800,400.0
2026-03-25,2,Сливки,1.3,л,200,260.0
2026-03-25,2,Молоко,2.3,л,70,161.0
2026-03-25,2,Макароны,1.7,кг,80,136.0
2026-03-25,2,Рис,1.8,кг,90,162.0
2026-03-25,2,Мука,1.0,кг,50,50.0
2026-03-25,2,Сахар,0.5,кг,60,30.0
2026-03-25,2,Кофе в зернах,0.2,кг,800,160.0
2026-03-25,2,Чай листовой,0.2,кг,500,100.0
2026-03-25,2,Соки,2.4,л,120,288.0
2026-03-25,2,Пиво,2.0,л,150,300.0
2026-03-25,4,Куриное филе,2.8,кг,250,700.0
2026-03-25,4,Свинина,1.1,кг,400,440.0
2026-03-25,4,Креветки,0.4,кг,800,320.0
2026-03-25,4,Помидоры,2.2,кг,120,264.0
2026-03-25,4,Салат айсберг,1.1,кг,150,165.0
2026-03-25,4,Картофель,4.3,кг,40,172.0
2026-03-25,4,Сыр твердый,0.9,кг,450,405.0
2026-03-25,4,Сыр пармезан,0.6,кг,800,480.0
2026-03-25,4,Сливки,1.4,л,200,280.0
2026-03-25,4,Молоко,2.4,л,70,168.0
2026-03-25,4,Макароны,2.0,кг,80,160.0
2026-03-25,4,Кофе в зернах,0.3,кг,800,240.0
2026-03-25,4,Чай листовой,0.2,кг,500,100.0
2026-03-25,5,Куриное филе,2.0,кг,250,500.0
2026-03-25,5,Говядина,1.7,кг,500,850.0
2026-03-25,5,Свинина,1.1,кг,400,440.0
2026-03-25,5,Рыба (филе),0.9,кг,600,540.0
2026-03-25,5,Креветки,0.5,кг,800,400.0
2026-03-25,5,Помидоры,2.3,кг,120,276.0
2026-03-25,5,Салат айсберг,1.0,кг,150,150.0
2026-03-25,5,Картофель,3.3,кг,40,132.0
2026-03-25,5,Сыр твердый,1.2,кг,450,540.0
2026-03-25,5,Сыр пармезан,0.4,кг,800,320.0
2026-03-25,5,Сливки,1.4,л,200,280.0
2026-03-25,5,Мука,0.9,кг,50,45.0
2026-03-25,5,Сахар,0.5,кг,60,30.0
2026-03-25,5,Кофе в зернах,0.3,кг,800,240.0
2026-03-25,5,Пиво,2.8,л,150,420.0
2026-03-25,7,Куриное филе,2.4,кг,250,600.0
2026-03-25,7,Говядина,1.6,кг,500,800.0
2026-03-25,7,Свинина,1.1,кг,400,440.0
2026-03-25,7,Рыба (филе),1.0,кг,600,600.0
2026-03-25,7,Креветки,0.5,кг,800,400.0
2026-03-25,7,Помидоры,1.8,кг,120,216.0
2026-03-25,7,Сыр твердый,1.0,кг,450,450.0
2026-03-25,7,Сыр пармезан,0.5,кг,800,400.0
2026-03-25,7,Сливки,1.5,л,200,300.0
2026-03-25,7,Молоко,2.7,л,70,189.0
2026-03-25,7,Кофе в зернах,0.2,кг,800,160.0
2026-03-25,7,Соки,1.8,л,120,216.0
2026-03-25,7,Пиво,2.9,л,150,435.0
2026-03-26,4,Куриное филе,3.0,кг,250,750.0
2026-03-26,4,Говядина,1.8,кг,500,900.0
2026-03-26,4,Свинина,1.0,кг,400,400.0
2026-03-26,4,Рыба (филе),1.0,кг,600,600.0
2026-03-26,4,Креветки,0.5,кг,800,400.0
2026-03-26,4,Огурцы,1.5,кг,100,150.0
2026-03-26,4,Картофель,3.6,кг,40,144.0
2026-03-26,4,Сыр твердый,1.0,кг,450,450.0
2026-03-26,4,Сыр пармезан,0.6,кг,800,480.0
2026-03-26,4,Сливки,1.4,л,200,280.0
2026-03-26,4,Молоко,2.4,л,70,168.0
2026-03-26,4,Рис,1.6,кг,90,144.0
2026-03-26,4,Сахар,0.5,кг,60,30.0
2026-03-26,4,Кофе в зернах,0.3,кг,800,240.0
2026-03-26,4,Соки,1.9,л,120,228.0
2026-03-26,4,Пиво,2.8,л,150,420.0
2026-03-26,5,Говядина,1.6,кг,500,800.0
2026-03-26,5,Рыба (филе),1.1,кг,600,660.0
2026-03-26,5,Огурцы,1.3,кг,100,130.0
2026-03-26,5,Салат айсберг,0.9,кг,150,135.0
2026-03-26,5,Картофель,4.3,кг,40,172.0
2026-03-26,5,Сыр твердый,1.0,кг,450,450.0
2026-03-26,5,Сыр пармезан,0.5,кг,800,400.0
2026-03-26,5,Сливки,1.4,л,200,280.0
2026-03-26,5,Молоко,2.4,л,70,168.0
2026-03-26,5,Макароны,2.3,кг,80,184.0
2026-03-26,5,Рис,1.3,кг,90,117.0
2026-03-26,5,Мука,1.1,кг,50,55.0
2026-03-26,5,Кофе в зернах,0.2,кг,800,160.0
2026-03-26,5,Чай листовой,0.1,кг,500,50.0
2026-03-26,5,Соки,1.8,л,120,216.0
2026-03-26,6,Куриное филе,2.2,кг,250,550.0
2026-03-26,6,Говядина,1.4,кг,500,700.0
2026-03-26,6,Рыба (филе),0.9,кг,600,540.0
2026-03-26,6,Салат айсберг,0.9,кг,150,135.0
2026-03-26,6,Сыр твердый,0.9,кг,450,405.0
2026-03-26,6,Сыр пармезан,0.5,кг,800,400.0
2026-03-26,6,Сливки,1.5,л,200,300.0
2026-03-26,6,Рис,1.3,кг,90,117.0
2026-03-26,6,Мука,1.1,кг,50,55.0
2026-03-26,6,Сахар,0.6,кг,60,36.0
2026-03-26,6,Кофе в зернах,0.3,кг,800,240.0
2026-03-26,6,Чай листовой,0.2,кг,500,100.0
2026-03-26,6,Соки,2.2,л,120,264.0
2026-03-26,6,Пиво,2.2,л,150,330.0
2026-03-26,9,Куриное филе,2.5,кг,250,625.0
2026-03-26,9,Говядина,1.6,кг,500,800.0
2026-03-26,9,Свинина,1.1,кг,400,440.0
2026-03-26,9,Рыба (филе),1.1,кг,600,660.0
2026-03-26,9,Помидоры,2.3,кг,120,276.0
2026-03-26,9,Огурцы,1.5,кг,100,150.0
2026-03-26,9,Салат айсберг,1.2,кг,150,180.0
2026-03-26,9,Картофель,4.4,кг,40,176.0
2026-03-26,9,Сыр твердый,0.9,кг,450,405.0
2026-03-26,9,Сливки,1.7,л,200,340.0
2026-03-26,9,Молоко,2.7,л,70,189.0
2026-03-26,9,Макароны,2.1,кг,80,168.0
2026-03-26,9,Мука,1.1,кг,50,55.0
2026-03-26,9,Чай листовой,0.1,кг,500,50.0
2026-03-26,9,Соки,1.7,л,120,204.0
2026-03-26,9,Пиво,2.9,л,150,435.0
2026-03-27,4,Куриное филе,2.4,кг,250,600.0
2026-03-27,4,Свинина,1.1,кг,400,440.0
2026-03-27,4,Рыба (филе),1.1,кг,600,660.0
2026-03-27,4,Помидоры,2.3,кг,120,276.0
2026-03-27,4,Салат айсберг,1.0,кг,150,150.0
2026-03-27,4,Сыр твердый,1.2,кг,450,540.0
2026-03-27,4,Мука,1.0,кг,50,50.0
2026-03-27,4,Кофе в зернах,0.2,кг,800,160.0
2026-03-27,4,Чай листовой,0.2,кг,500,100.0
2026-03-27,4,Пиво,3.0,л,150,450.0
2026-03-27,5,Куриное филе,2.3,кг,250,575.0
2026-03-27,5,Рыба (филе),1.0,кг,600,600.0
2026-03-27,5,Помидоры,1.7,кг,120,204.0
2026-03-27,5,Огурцы,1.3,кг,100,130.0
2026-03-27,5,Салат айсберг,0.9,кг,150,135.0
2026-03-27,5,Сыр твердый,1.1,кг,450,495.0
2026-03-27,5,Сыр пармезан,0.5,кг,800,400.0
2026-03-27,5,Сливки,1.4,л,200,280.0
2026-03-27,5,Молоко,2.1,л,70,147.0
2026-03-27,5,Макароны,1.7,кг,80,136.0
2026-03-27,5,Рис,1.6,кг,90,144.0
2026-03-27,5,Чай листовой,0.2,кг,500,100.0
2026-03-27,5,Пиво,2.7,л,150,405.0
2026-03-28,1,Куриное филе,2.4,кг,250,600.0
2026-03-28,1,Говядина,1.5,кг,500,750.0
2026-03-28,1,Свинина,0.9,кг,400,360.0
2026-03-28,1,Рыба (филе),0.9,кг,600,540.0
2026-03-28,1,Помидоры,1.6,кг,120,192.0
2026-03-28,1,Огурцы,1.2,кг,100,120.0
2026-03-28,1,Салат айсберг,0.9,кг,150,135.0
2026-03-28,1,Сыр твердый,0.9,кг,450,405.0
2026-03-28,1,Сливки,1.5,л,200,300.0
2026-03-28,1,Рис,1.6,кг,90,144.0
2026-03-28,1,Мука,0.8,кг,50,40.0
2026-03-28,1,Сахар,0.5,кг,60,30.0
2026-03-28,1,Чай листовой,0.2,кг,500,100.0
2026-03-28,1,Соки,2.2,л,120,264.0
2026-03-28,3,Куриное филе,2.2,кг,250,550.0
2026-03-28,3,Говядина,1.2,кг,500,600.0
2026-03-28,3,Рыба (филе),0.7,кг,600,420.0
2026-03-28,3,Креветки,0.4,кг,800,320.0
2026-03-28,3,Помидоры,1.9,кг,120,228.0
2026-03-28,3,Салат айсберг,0.9,кг,150,135.0
2026-03-28,3,Сыр твердый,0.9,кг,450,405.0
2026-03-28,3,Сливки,1.5,л,200,300.0
2026-03-28,3,Молоко,3.0,л,70,210.0
2026-03-28,3,Макароны,2.2,кг,80,176.0
2026-03-28,3,Рис,1.6,кг,90,144.0
2026-03-28,3,Мука,0.9,кг,50,45.0
2026-03-28,3,Сахар,0.5,кг,60,30.0
2026-03-28,3,Чай листовой,0.2,кг,500,100.0
2026-03-28,3,Соки,1.8,л,120,216.0
2026-03-28,3,Пиво,3.1,л,150,465.0
2026-03-28,5,Куриное филе,2.4,кг,250,600.0
2026-03-28,5,Говядина,1.7,кг,500,850.0
2026-03-28,5,Свинина,1.2,кг,400,480.0
2026-03-28,5,Рыба (филе),1.0,кг,600,600.0
2026-03-28,5,Креветки,0.5,кг,800,400.0
2026-03-28,5,Помидоры,1.6,кг,120,192.0
2026-03-28,5,Огурцы,1.5,кг,100,150.0
2026-03-28,5,Салат айсберг,1.1,кг,150,165.0
2026-03-28,5,Сыр твердый,0.8,кг,450,360.0
2026-03-28,5,Макароны,1.6,кг,80,128.0
2026-03-28,5,Рис,1.7,кг,90,153.0
2026-03-28,5,Мука,1.1,кг,50,55.0
2026-03-28,5,Сахар,0.6,кг,60,36.0
2026-03-28,5,Соки,2.0,л,120,240.0
2026-03-28,5,Пиво,2.5,л,150,375.0
2026-03-28,6,Куриное филе,2.7,кг,250,675.0
2026-03-28,6,Свинина,1.2,кг,400,480.0
2026-03-28,6,Рыба (филе),0.9,кг,600,540.0
2026-03-28,6,Огурцы,1.5,кг,100,150.0
2026-03-28,6,Салат айсберг,1.2,кг,150,180.0
2026-03-28,6,Картофель,3.7,кг,40,148.0
2026-03-28,6,Сыр твердый,1.0,кг,450,450.0
2026-03-28,6,Сыр пармезан,0.4,кг,800,320.0
2026-03-28,6,Сливки,1.7,л,200,340.0
2026-03-28,6,Рис,1.3,кг,90,117.0
2026-03-28,6,Сахар,0.6,кг,60,36.0
2026-03-28,6,Кофе в зернах,0.3,кг,800,240.0
2026-03-28,6,Соки,2.3,л,120,276.0
2026-03-28,6,Пиво,2.4,л,150,360.0
2026-03-28,7,Свинина,0.9,кг,400,360.0
2026-03-28,7,Креветки,0.5,кг,800,400.0
2026-03-28,7,Помидоры,2.2,кг,120,264.0
2026-03-28,7,Салат айсберг,0.8,кг,150,120.0
2026-03-28,7,Картофель,3.6,кг,40,144.0
2026-03-28,7,Сыр твердый,1.0,кг,450,450.0
2026-03-28,7,Сыр пармезан,0.4,кг,800,320.0
2026-03-28,7,Сливки,1.4,л,200,280.0
2026-03-28,7,Молоко,2.5,л,70,175.0
2026-03-28,7,Макароны,1.9,кг,80,152.0
2026-03-28,7,Рис,1.4,кг,90,126.0
2026-03-28,7,Мука,1.0,кг,50,50.0
2026-03-28,7,Чай листовой,0.1,кг,500,50.0
2026-03-28,7,Соки,2.2,л,120,264.0
2026-03-28,7,Пиво,2.1,л,150,315.0
2026-03-28,9,Рыба (филе),1.0,кг,600,600.0
2026-03-28,9,Помидоры,2.1,кг,120,252.0
2026-03-28,9,Огурцы,1.5,кг,100,150.0
2026-03-28,9,Салат айсберг,1.1,кг,150,165.0
2026-03-28,9,Картофель,4.3,кг,40,172.0
2026-03-28,9,Сыр твердый,1.0,кг,450,450.0
2026-03-28,9,Сыр пармезан,0.5,кг,800,400.0
2026-03-28,9,Сливки,1.4,л,200,280.0
2026-03-28,9,Молоко,2.9,л,70,203.0
2026-03-28,9,Рис,1.4,кг,90,126.0
2026-03-28,9,Мука,0.9,кг,50,45.0
2026-03-28,9,Сахар,0.6,кг,60,36.0
2026-03-28,9,Кофе в зернах,0.2,кг,800,160.0
2026-03-28,9,Чай листовой,0.2,кг,500,100.0
2026-03-28,9,Соки,2.2,л,120,264.0
2026-03-28,9,Пиво,2.7,л,150,405.0
2026-03-28,10,Говядина,1.3,кг,500,650.0
2026-03-28,10,Свинина,0.9,кг,400,360.0
2026-03-28,10,Креветки,0.5,кг,800,400.0
2026-03-28,10,Помидоры,2.2,кг,120,264.0
2026-03-28,10,Огурцы,1.4,кг,100,140.0
2026-03-28,10,Салат айсберг,1.2,кг,150,180.0
2026-03-28,10,Сливки,1.3,л,200,260.0
2026-03-28,10,Молоко,2.7,л,70,189.0
2026-03-28,10,Рис,1.2,кг,90,108.0
2026-03-28,10,Мука,1.2,кг,50,60.0
2026-03-28,10,Кофе в зернах,0.2,кг,800,160.0
2026-03-28,10,Пиво,2.2,л,150,330.0
2026-03-29,2,Свинина,0.8,кг,400,320.0
2026-03-29,2,Рыба (филе),1.0,кг,600,600.0
2026-03-29,2,Креветки,0.5,кг,800,400.0
2026-03-29,2,Помидоры,2.0,кг,120,240.0
2026-03-29,2,Салат айсберг,1.0,кг,150,150.0
2026-03-29,2,Картофель,3.3,кг,40,132.0
2026-03-29,2,Сыр пармезан,0.6,кг,800,480.0
2026-03-29,2,Сливки,1.6,л,200,320.0
2026-03-29,2,Молоко,3.0,л,70,210.0
2026-03-29,2,Макароны,1.6,кг,80,128.0
2026-03-29,2,Мука,1.1,кг,50,55.0
2026-03-29,2,Сахар,0.6,кг,60,36.0
2026-03-29,2,Соки,2.1,л,120,252.0
2026-03-29,2,Пиво,2.1,л,150,315.0
2026-03-29,4,Куриное филе,3.0,кг,250,750.0
2026-03-29,4,Говядина,1.8,кг,500,900.0
2026-03-29,4,Рыба (филе),1.0,кг,600,600.0
2026-03-29,4,Салат айсберг,1.0,кг,150,150.0
2026-03-29,4,Сыр твердый,1.2,кг,450,540.0
2026-03-29,4,Сыр пармезан,0.5,кг,800,400.0
2026-03-29,4,Сливки,1.5,л,200,300.0
2026-03-29,4,Молоко,2.4,л,70,168.0
2026-03-29,4,Кофе в зернах,0.3,кг,800,240.0
2026-03-29,4,Чай листовой,0.1,кг,500,50.0
2026-03-29,6,Куриное филе,2.3,кг,250,575.0
2026-03-29,6,Говядина,1.8,кг,500,900.0
2026-03-29,6,Рыба (филе),0.9,кг,600,540.0
2026-03-29,6,Креветки,0.6,кг,800,480.0
2026-03-29,6,Картофель,4.9,кг,40,196.0
2026-03-29,6,Макароны,2.3,кг,80,184.0
2026-03-29,6,Рис,1.3,кг,90,117.0
2026-03-29,6,Мука,1.1,кг,50,55.0
2026-03-29,6,Кофе в зернах,0.2,кг,800,160.0
2026-03-29,6,Чай листовой,0.2,кг,500,100.0
2026-03-29,6,Соки,2.1,л,120,252.0
2026-03-29,6,Пиво,2.6,л,150,390.0
2026-03-29,8,Куриное филе,2.3,кг,250,575.0
2026-03-29,8,Говядина,1.1,кг,500,550.0
2026-03-29,8,Рыба (филе),0.9,кг,600,540.0
2026-03-29,8,Помидоры,2.1,кг,120,252.0
2026-03-29,8,Салат айсберг,1.0,кг,150,150.0
2026-03-29,8,Сыр пармезан,0.5,кг,800,400.0
2026-03-29,8,Молоко,2.3,л,70,161.0
2026-03-29,8,Макароны,2.0,кг,80,160.0
2026-03-29,8,Рис,1.2,кг,90,108.0
2026-03-29,8,Кофе в зернах,0.3,кг,800,240.0
2026-03-29,8,Чай листовой,0.1,кг,500,50.0
2026-03-29,8,Соки,1.7,л,120,204.0
2026-03-29,9,Куриное филе,2.7,кг,250,675.0
2026-03-29,9,Рыба (филе),0.9,кг,600,540.0
2026-03-29,9,Креветки,0.6,кг,800,480.0
2026-03-29,9,Помидоры,2.0,кг,120,240.0
2026-03-29,9,Огурцы,1.5,кг,100,150.0
2026-03-29,9,Салат айсберг,0.9,кг,150,135.0
2026-03-29,9,Сыр твердый,1.1,кг,450,495.0
2026-03-29,9,Сыр пармезан,0.6,кг,800,480.0
2026-03-29,9,Сливки,1.6,л,200,320.0
2026-03-29,9,Молоко,2.7,л,70,189.0
2026-03-29,9,Мука,1.1,кг,50,55.0
2026-03-29,9,Кофе в зернах,0.3,кг,800,240.0
2026-03-29,9,Чай листовой,0.1,кг,500,50.0
2026-03-29,9,Соки,2.1,л,120,252.0
2026-03-29,9,Пиво,2.5,л,150,375.0
2026-03-29,10,Куриное филе,2.3,кг,250,575.0
2026-03-29,10,Говядина,1.3,кг,500,650.0
2026-03-29,10,Креветки,0.4,кг,800,320.0
2026-03-29,10,Огурцы,1.5,кг,100,150.0
2026-03-29,10,Салат айсберг,1.1,кг,150,165.0
2026-03-29,10,Картофель,3.5,кг,40,140.0
2026-03-29,10,Сыр твердый,1.1,кг,450,495.0
2026-03-29,10,Сыр пармезан,0.4,кг,800,320.0
2026-03-29,10,Молоко,2.9,л,70,203.0
2026-03-29,10,Макароны,2.0,кг,80,160.0
2026-03-29,10,Сахар,0.4,кг,60,24.0
2026-03-29,10,Кофе в зернах,0.2,кг,800,160.0
2026-03-29,10,Чай листовой,0.1,кг,500,50.0
2026-03-30,4,Куриное филе,2.9,кг,250,725.0
2026-03-30,4,Рыба (филе),0.9,кг,600,540.0
2026-03-30,4,Помидоры,2.1,кг,120,252.0
2026-03-30,4,Сыр твердый,1.0,кг,450,450.0
2026-03-30,4,Сливки,1.6,л,200,320.0
2026-03-30,4,Молоко,2.6,л,70,182.0
2026-03-30,4,Рис,1.3,кг,90,117.0
2026-03-30,4,Мука,1.0,кг,50,50.0
2026-03-30,4,Сахар,0.6,кг,60,36.0
2026-03-30,4,Соки,1.9,л,120,228.0
2026-03-30,4,Пиво,2.5,л,150,375.0
2026-03-30,8,Куриное филе,1.8,кг,250,450.0
2026-03-30,8,Свинина,0.8,кг,400,320.0
2026-03-30,8,Рыба (филе),1.0,кг,600,600.0
2026-03-30,8,Креветки,0.4,кг,800,320.0
2026-03-30,8,Помидоры,2.2,кг,120,264.0
2026-03-30,8,Огурцы,1.6,кг,100,160.0
2026-03-30,8,Салат айсберг,1.0,кг,150,150.0
2026-03-30,8,Сыр пармезан,0.5,кг,800,400.0
2026-03-30,8,Сливки,1.8,л,200,360.0
2026-03-30,8,Молоко,2.3,л,70,161.0
2026-03-30,8,Макароны,2.0,кг,80,160.0
2026-03-30,8,Рис,1.7,кг,90,153.0
2026-03-30,8,Мука,0.9,кг,50,45.0
2026-03-30,8,Кофе в зернах,0.2,кг,800,160.0
2026-03-30,8,Соки,2.1,л,120,252.0
2026-03-30,9,Куриное филе,2.3,кг,250,575.0
2026-03-30,9,Говядина,1.4,кг,500,700.0
2026-03-30,9,Рыба (филе),0.9,кг,600,540.0
2026-03-30,9,Помидоры,2.5,кг,120,300.0
2026-03-30,9,Огурцы,1.6,кг,100,160.0
2026-03-30,9,Салат айсберг,0.8,кг,150,120.0
2026-03-30,9,Картофель,4.9,кг,40,196.0
2026-03-30,9,Сыр пармезан,0.5,кг,800,400.0
2026-03-30,9,Сливки,1.3,л,200,260.0
2026-03-30,9,Макароны,1.8,кг,80,144.0
2026-03-30,9,Рис,1.5,кг,90,135.0
2026-03-30,9,Мука,0.9,кг,50,45.0
2026-03-30,9,Сахар,0.5,кг,60,30.0
2026-03-31,1,Куриное филе,2.2,кг,250,550.0
2026-03-31,1,Говядина,1.8,кг,500,900.0
2026-03-31,1,Свинина,0.8,кг,400,320.0
2026-03-31,1,Креветки,0.5,кг,800,400.0
2026-03-31,1,Помидоры,2.4,кг,120,288.0
2026-03-31,1,Салат айсберг,1.1,кг,150,165.0
2026-03-31,1,Картофель,4.0,кг,40,160.0
2026-03-31,1,Сливки,1.4,л,200,280.0
2026-03-31,1,Молоко,2.6,л,70,182.0
2026-03-31,1,Макароны,2.2,кг,80,176.0
2026-03-31,1,Рис,1.4,кг,90,126.0
2026-03-31,1,Мука,0.9,кг,50,45.0
2026-03-31,1,Сахар,0.5,кг,60,30.0
2026-03-31,1,Кофе в зернах,0.3,кг,800,240.0
2026-03-31,1,Чай листовой,0.2,кг,500,100.0
2026-03-31,1,Соки,1.7,л,120,204.0
2026-03-31,2,Куриное филе,2.5,кг,250,625.0
2026-03-31,2,Свинина,0.9,кг,400,360.0
2026-03-31,2,Креветки,0.6,кг,800,480.0
2026-03-31,2,Помидоры,2.1,кг,120,252.0
2026-03-31,2,Картофель,4.3,кг,40,172.0
2026-03-31,2,Сыр твердый,0.9,кг,450,405.0
2026-03-31,2,Сыр пармезан,0.5,кг,800,400.0
2026-03-31,2,Молоко,2.7,л,70,189.0
2026-03-31,2,Рис,1.3,кг,90,117.0
2026-03-31,2,Мука,1.1,кг,50,55.0
2026-03-31,2,Сахар,0.6,кг,60,36.0
2026-03-31,2,Кофе в зернах,0.2,кг,800,160.0
2026-03-31,2,Соки,2.4,л,120,288.0
2026-03-31,2,Пиво,3.0,л,150,450.0
2026-03-31,5,Говядина,1.5,кг,500,750.0
2026-03-31,5,Свинина,1.0,кг,400,400.0
2026-03-31,5,Рыба (филе),1.2,кг,600,720.0
2026-03-31,5,Креветки,0.5,кг,800,400.0
2026-03-31,5,Помидоры,2.0,кг,120,240.0
2026-03-31,5,Салат айсберг,1.2,кг,150,180.0
2026-03-31,5,Картофель,4.4,кг,40,176.0
2026-03-31,5,Сыр пармезан,0.6,кг,800,480.0
2026-03-31,5,Сливки,1.9,л,200,380.0
2026-03-31,5,Молоко,2.6,л,70,182.0
2026-03-31,5,Макароны,1.8,кг,80,144.0
2026-03-31,5,Рис,1.6,кг,90,144.0
2026-03-31,5,Сахар,0.5,кг,60,30.0
2026-03-31,5,Кофе в зернах,0.2,кг,800,160.0
2026-03-31,5,Чай листовой,0.1,кг,500,50.0
2026-03-31,5,Пиво,2.2,л,150,330.0
